cik,adsh,filed,name,prior_afs_raw,prior_state,event_status,shell_status,entity_type_status,entityType,pf_status_raw,public_float,public_float_context_end,public_float_raw_sha256,revenue_status,annual_revenue_fy2023,priorprior_revenue_status,annual_revenue_fy2022,nt10k_earliest,derived_category,category_closure_reason,derived_due_date,derived_timely,derived_timely_mode,primary_exclusion_reason
1000228,0001000228-25-000014,20250225,HENRY SCHEIN INC,1-LAF,LAF,CLOSED,CLOSED_OPERATING_NON_SHELL,OPERATING,operating,CLOSED_UNIQUE,8092479000.0,2024-06-29,a93b24619e9d0b853edde0d385923dd47bb0c292ed3696270bf341cf577989ef,CLOSED_UNIQUE,12339000000.0,CLOSED_UNIQUE,12647000000.0,,LAF,CLOSED_PF_GE700,2025-03-03,True,DIRECT,
1000623,0001000623-25-000009,20250227,"MATIV HOLDINGS, INC.",1-LAF,LAF,CLOSED,CLOSED_OPERATING_NON_SHELL,OPERATING,operating,CLOSED_UNIQUE,908900000.0,2024-06-30,676ddf6752b19f370e5862b08cefeae944ee0a9376cad129807a7a8a4839dafa,CLOSED_UNIQUE,2026000000.0,CLOSED_UNIQUE,2167400000.0,,LAF,CLOSED_PF_GE700,2025-03-03,True,DIRECT,
1000694,0001000694-25-000004,20250227,NOVAVAX INC,1-LAF,LAF,CLOSED,CLOSED_OPERATING_NON_SHELL,OPERATING,operating,CLOSED_UNIQUE,2020000000.0,2024-06-30,c88f6d32195b575d62c286108a7011af0a62a285aa25a5adefc92e3b71d57484,CLOSED_UNIQUE,983705000.0,CLOSED_UNIQUE,1981872000.0,,LAF,CLOSED_PF_GE700,2025-03-03,True,DIRECT,
1000697,0001193125-25-034579,20250225,WATERS CORP /DE/,1-LAF,LAF,CLOSED,CLOSED_OPERATING_NON_SHELL,OPERATING,operating,CLOSED_UNIQUE,17219389367000.0,2024-06-29,279c5c2dbdd8017f8aecc3974c9c7eea33522c3be5334861908404a3ff95e8a1,CLOSED_UNIQUE,2956416000.0,CLOSED_UNIQUE,2971956000.0,,LAF,CLOSED_PF_GE700,2025-03-03,True,DIRECT,
1000753,0001000753-25-000008,20250211,"INSPERITY, INC.",1-LAF,LAF,CLOSED,CLOSED_OPERATING_NON_SHELL,OPERATING,operating,CLOSED_UNIQUE,3400000000.0,2024-06-30,146612e86ffdd79cd86fffaa36a8377e20079674425bf375b186e88ea9255578,NO_WHITELIST_TOPLINE,,NO_WHITELIST_TOPLINE,,,LAF,CLOSED_PF_GE700,2025-03-03,True,DIRECT,
1001082,0001558370-25-002818,20250312,DISH NETWORK CORP,4-NON,NAF,CLOSED,CLOSED_OPERATING_NON_SHELL,OPERATING,operating,CLOSED_UNIQUE,0.0,2024-06-30,8a4cab945f6b06b0ed285f2fd230002fe0100d08e72b3fb3a9be63d43ac6d33b,CLOSED_UNIQUE,15295088000.0,CLOSED_UNIQUE,16679407000.0,,NAF,CLOSED_PF_LT60,2025-03-31,True,DIRECT,
100122,0000100122-25-000004,20250214,TUCSON ELECTRIC POWER CO,4-NON,NAF,CLOSED,CLOSED_OPERATING_NON_SHELL,OPERATING,operating,CLOSED_UNIQUE,0.0,2024-06-30,6d64fa004bdeba96f0c467067c7ab176989a81f8c46160177536a8ba79f972e3,CLOSED_UNIQUE,1875448000.0,CLOSED_UNIQUE,1808082000.0,,NAF,CLOSED_PF_LT60,2025-03-31,True,DIRECT,
1001233,0001628280-25-013088,20250317,"SANGAMO THERAPEUTICS, INC",2-ACC,AF,CLOSED,CLOSED_OPERATING_NON_SHELL,OPERATING,operating,CLOSED_UNIQUE,74246155.0,2024-06-28,91cc92ac5ba42c918747e125bddf15baefd30b94d46dc3fd4b682076e31f34e4,CLOSED_UNIQUE,176232000.0,CLOSED_UNIQUE,111299000.0,,AF,CLOSED_PRIOR_ACC_REV_GE80_REMAIN_AF,2025-03-17,True,DIRECT,
1001316,0001437749-25-005908,20250303,"TG THERAPEUTICS, INC.",1-LAF,LAF,CLOSED,CLOSED_OPERATING_NON_SHELL,OPERATING,operating,CLOSED_UNIQUE,2500000000.0,2024-06-30,bc340589bedbc6573e69bbffec87a5eda80b247792d74cddc6ed671f9ca0db37,CLOSED_UNIQUE,233662000.0,CLOSED_UNIQUE,2785000.0,,LAF,CLOSED_PF_GE700,2025-03-03,True,DIRECT,
1001385,0001437749-25-005465,20250227,NORTHWEST PIPE CO,2-ACC,AF,CLOSED,CLOSED_OPERATING_NON_SHELL,OPERATING,operating,CLOSED_UNIQUE,289467508.0,2024-06-30,72a0b35d20800b7c381e5851afe32912fedcf72b865556a654a30d8c64d26a11,CLOSED_UNIQUE,444355000.0,CLOSED_UNIQUE,457665000.0,,AF,CLOSED_PRIOR_ACC_REV_GE80_REMAIN_AF,2025-03-17,True,DIRECT,
1001614,0001001614-25-000012,20250305,"RILEY EXPLORATION PERMIAN, INC.",2-ACC,AF,CLOSED,CLOSED_OPERATING_NON_SHELL,OPERATING,operating,CLOSED_UNIQUE,254500000.0,2024-06-30,09b92402a605f90c07277856529d06b0a8ebad55107951d1c7ff5087f3a836c4,CLOSED_UNIQUE,375047000.0,CLOSED_UNIQUE,321743000.0,,AF,CLOSED_PRIOR_ACC_REV_GE80_REMAIN_AF,2025-03-17,True,DIRECT,
1001838,0001558370-25-002017,20250303,SOUTHERN COPPER CORP/,1-LAF,LAF,CLOSED,CLOSED_OPERATING_NON_SHELL,OPERATING,operating,CLOSED_UNIQUE,9330700000.0,2024-06-30,5c55576f388a679b48441e7057a1309254739c92c75cc47b289e212dc02d6d77,NO_WHITELIST_TOPLINE,,NO_WHITELIST_TOPLINE,,,LAF,CLOSED_PF_GE700,2025-03-03,True,DIRECT,
1004434,0001004434-25-000010,20250214,"AFFILIATED MANAGERS GROUP, INC.",1-LAF,LAF,CLOSED,CLOSED_OPERATING_NON_SHELL,OPERATING,operating,CLOSED_UNIQUE,4658342250.0,2024-06-30,fe090af872d1243c8e2b9f6ece7b576665748c5561b53341a8d8ec00fb04f419,NO_WHITELIST_TOPLINE,,NO_WHITELIST_TOPLINE,,,LAF,CLOSED_PF_GE700,2025-03-03,True,DIRECT,
1004702,0001004702-25-000012,20250228,OCEANFIRST FINANCIAL CORP,1-LAF,LAF,CLOSED,CLOSED_OPERATING_NON_SHELL,OPERATING,operating,CLOSED_UNIQUE,901339418.0,2024-06-30,403a1d3cf0b33d02f5d1e25a138dc4b005ca33f859c56561d487d7917f17c534,NO_WHITELIST_TOPLINE,,NO_WHITELIST_TOPLINE,,,LAF,CLOSED_PF_GE700,2025-03-03,True,DIRECT,
1004724,0000950170-25-047742,20250331,"REGIONAL HEALTH PROPERTIES, INC",4-NON,NAF,CLOSED,CLOSED_OPERATING_NON_SHELL,OPERATING,operating,CLOSED_UNIQUE,3356244.0,2024-06-30,e0d36bbb4efdaa9e3894b843cafc314a62f4a895540ca9d05fc222ecfab3e483,CLOSED_UNIQUE,17164000.0,CLOSED_UNIQUE,35925000.0,,NAF,CLOSED_PF_LT60,2025-03-31,True,DIRECT,
1005284,0000950170-25-024151,20250220,UNIVERSAL DISPLAY CORP PA,1-LAF,LAF,CLOSED,CLOSED_OPERATING_NON_SHELL,OPERATING,operating,CLOSED_UNIQUE,9245044038000.0,2024-06-28,810111247e724571b05ac864990212082dca67c1dc094db7b1951e671acb3d8d,CLOSED_UNIQUE,576429000.0,CLOSED_UNIQUE,616619000.0,,LAF,CLOSED_PF_GE700,2025-03-03,True,DIRECT,
1005757,0000950170-25-023962,20250220,CSG SYSTEMS INTERNATIONAL INC,1-LAF,LAF,CLOSED,CLOSED_OPERATING_NON_SHELL,OPERATING,operating,CLOSED_UNIQUE,844833184.0,2024-06-28,bdc507b97f0041080f04712cf957028ec44f9a01cc34b8d0867126df0fe3c1af,CLOSED_UNIQUE,1169258000.0,CLOSED_UNIQUE,1089752000.0,,LAF,CLOSED_PF_GE700,2025-03-03,True,DIRECT,
1005817,0001005817-25-000006,20250228,TOMPKINS FINANCIAL CORP,1-LAF,LAF,CLOSED,CLOSED_OPERATING_NON_SHELL,OPERATING,operating,CLOSED_UNIQUE,674300000.0,2024-06-28,b314043ae4bce9bcbb071761a7baae2bfbe6ae1460654e568f6920b6a134ada7,NO_WHITELIST_TOPLINE,,NO_WHITELIST_TOPLINE,,,LAF,CLOSED_PRIOR_LAF_PF_GE560,2025-03-03,True,DIRECT,
1006045,0000950170-25-046107,20250327,IRIDEX CORP,4-NON,NAF,CLOSED,CLOSED_OPERATING_NON_SHELL,OPERATING,operating,CLOSED_UNIQUE,28330888.0,2024-06-28,e7467c1b4b68c39ccfa582f62bcb5ab7d8e8b32395c48f2756815a24f46c9dfc,CLOSED_UNIQUE,51869000.0,CLOSED_UNIQUE,56972000.0,,NAF,CLOSED_PF_LT60,2025-03-31,True,DIRECT,
1006837,0001006837-25-000021,20250331,INNOVATE CORP.,2-ACC,AF,CLOSED,CLOSED_OPERATING_NON_SHELL,OPERATING,operating,CLOSED_UNIQUE,32300000.0,2024-06-30,bf05f6fc079dc0f8db5cf2eb02bca955b1877f3078e21cf8c169a19fefed7998,CLOSED_UNIQUE,1423000000.0,CLOSED_UNIQUE,1637300000.0,,NAF,CLOSED_PF_LT60,2025-03-31,True,DIRECT,
1007587,0001007587-25-000003,20250310,KVH INDUSTRIES INC DE,2-ACC,AF,CLOSED,CLOSED_OPERATING_NON_SHELL,OPERATING,operating,CLOSED_UNIQUE,74015808.0,2024-06-30,1e17b63ccfaa5c7cd433aa8c3b005c66ea90d3e8b60f9c28baa21638402696a4,CLOSED_UNIQUE,132379000.0,CLOSED_UNIQUE,138878000.0,,AF,CLOSED_PRIOR_ACC_REV_GE80_REMAIN_AF,2025-03-17,True,DIRECT,
100790,0000029915-25-000003,20250204,UNION CARBIDE CORP /NEW/,4-NON,NAF,CLOSED,CLOSED_OPERATING_NON_SHELL,OPERATING,operating,CLOSED_UNIQUE,0.0,2024-06-30,a712b95ac7814f3b5a2c5976ddeb1c190b1077023516b87e921ecc755598f84f,CLOSED_UNIQUE,4296000000.0,CLOSED_UNIQUE,5449000000.0,,NAF,CLOSED_PF_LT60,2025-03-31,True,DIRECT,
100885,0000100885-25-000042,20250207,UNION PACIFIC CORP,1-LAF,LAF,CLOSED,CLOSED_OPERATING_NON_SHELL,OPERATING,operating,CLOSED_UNIQUE,137800000000.0,2024-06-28,be9276ed96d9e3786eb7bf4fa67f2aee4881d6f8cee32f8bf3ea473e804f0b9e,CLOSED_UNIQUE,24119000000.0,CLOSED_UNIQUE,24875000000.0,,LAF,CLOSED_PF_GE700,2025-03-03,True,DIRECT,
1009829,0001185185-25-000170,20250306,JAKKS PACIFIC INC,2-ACC,AF,CLOSED,CLOSED_OPERATING_NON_SHELL,OPERATING,operating,CLOSED_UNIQUE,193443970.0,2024-06-30,4ba218aa1d277b9b1dbaa04db152d54fbc3a39b12ccf7fe0e371c9cca869d0c2,CLOSED_UNIQUE,711557000.0,CLOSED_UNIQUE,796187000.0,,AF,CLOSED_PRIOR_ACC_REV_GE80_REMAIN_AF,2025-03-17,True,DIRECT,
1009891,0001213900-25-031944,20250415,AIR INDUSTRIES GROUP,4-NON,NAF,CLOSED,CLOSED_OPERATING_NON_SHELL,OPERATING,operating,CLOSED_UNIQUE,8675961.0,2024-06-30,f4e6fccda6b54dd20479a30d9ce899d3e06beca6f34d9ddb7afbc6ff69be67fa,CLOSED_UNIQUE,51516000.0,CLOSED_UNIQUE,53238000.0,2025-04-01,NAF,CLOSED_PF_LT60,2025-03-31,True,12B25,
1010086,0001437749-25-007056,20250311,SIGA TECHNOLOGIES INC,2-ACC,AF,CLOSED,CLOSED_OPERATING_NON_SHELL,OPERATING,operating,CLOSED_UNIQUE,351132884.0,2024-06-30,52b00d7b1f73a7b85232361218e26a03c7ea996664326983689bc47625f03418,CLOSED_UNIQUE,139917220.0,CLOSED_UNIQUE,110775610.0,,AF,CLOSED_PRIOR_ACC_REV_GE80_REMAIN_AF,2025-03-17,True,DIRECT,
1011509,0001558370-25-004847,20250415,GOLDEN MINERALS CO,4-NON,NAF,CLOSED,CLOSED_OPERATING_NON_SHELL,OPERATING,operating,CLOSED_UNIQUE,5670000.0,2024-06-30,06e3192357c686bff522ad0e190db67344e3a953471877acf35363280152d322,CLOSED_UNIQUE,12002000.0,CLOSED_UNIQUE,23285000.0,2025-03-31,NAF,CLOSED_PF_LT60,2025-03-31,True,12B25,
101199,0000101199-25-000012,20250226,UNITED FIRE GROUP INC,2-ACC,AF,CLOSED,CLOSED_OPERATING_NON_SHELL,OPERATING,operating,CLOSED_UNIQUE,500000000.0,2024-06-28,4fe21f674552ffe896f7f65cf1f08bf83b5c61a0eee5a3bf1f23dfad48da30d7,CLOSED_UNIQUE,1095467000.0,CLOSED_UNIQUE,980286000.0,,AF,CLOSED_PRIOR_ACC_REV_GE80_REMAIN_AF,2025-03-17,True,DIRECT,
1012100,0001628280-25-008091,20250226,SEALED AIR CORP/DE,1-LAF,LAF,CLOSED,CLOSED_OPERATING_NON_SHELL,OPERATING,operating,CLOSED_UNIQUE,5050950838.0,2024-06-30,b2e5729538bf6ada5de24c52c42a737d7ff445e221f31baeb918a9a943e78025,CLOSED_UNIQUE,5488900000.0,CLOSED_UNIQUE,5641900000.0,,LAF,CLOSED_PF_GE700,2025-03-03,True,DIRECT,
1012477,0001012477-25-000010,20250303,AVADEL PHARMACEUTICALS PLC,1-LAF,LAF,CLOSED,CLOSED_OPERATING_NON_SHELL,OPERATING,operating,CLOSED_UNIQUE,1342171790.0,2024-06-28,d6166ccf6c8ccb88629a9f4a6131b3dccbb605bdad4aa3e84331d75ad20f7fe7,NO_WHITELIST_TOPLINE,,NO_WHITELIST_TOPLINE,,,LAF,CLOSED_PF_GE700,2025-03-03,True,DIRECT,
101295,0001171843-25-001611,20250321,UNITED GUARDIAN INC,4-NON,NAF,CLOSED,CLOSED_OPERATING_NON_SHELL,OPERATING,operating,CLOSED_UNIQUE,41073211.0,2024-06-30,1d5577b6e10fed5131f73502a16883adf5e1bcb770a983548c85bc6a2e8ab220,CLOSED_UNIQUE,10885154.0,CLOSED_UNIQUE,12698503.0,,NAF,CLOSED_PF_LT60,2025-03-31,True,DIRECT,
1013462,0001013462-25-000009,20250219,ANSYS INC,1-LAF,LAF,CLOSED,CLOSED_OPERATING_NON_SHELL,OPERATING,operating,CLOSED_UNIQUE,23147000000.0,2024-06-30,ad69edd4f85866799c7ed2c7197ca091146cb578b005d49deae42f2a6024c9dc,CLOSED_UNIQUE,2269949000.0,CLOSED_UNIQUE,2065553000.0,,LAF,CLOSED_PF_GE700,2025-03-03,True,DIRECT,
1013706,0001683168-25-001932,20250327,"WILHELMINA INTERNATIONAL, INC.",4-NON,NAF,CLOSED,CLOSED_OPERATING_NON_SHELL,OPERATING,operating,CLOSED_UNIQUE,5300000.0,2024-06-30,1f71ee0bdba636a453db952fee52c4e01880d0a321c7c8849722ee97db5fdfbc,CLOSED_UNIQUE,17212000.0,CLOSED_UNIQUE,17780000.0,,NAF,CLOSED_PF_LT60,2025-03-31,True,DIRECT,
101382,0000950170-25-028420,20250227,UMB FINANCIAL CORP,1-LAF,LAF,CLOSED,CLOSED_OPERATING_NON_SHELL,OPERATING,operating,CLOSED_UNIQUE,3711510639.0,2024-06-30,bc361ea24cf2f09a953aa64f9987acf625e28e682c46a80ef52833d340376256,NO_WHITELIST_TOPLINE,,NO_WHITELIST_TOPLINE,,,LAF,CLOSED_PF_GE700,2025-03-03,True,DIRECT,
1013857,0001013857-25-000024,20250212,PEGASYSTEMS INC,1-LAF,LAF,CLOSED,CLOSED_OPERATING_NON_SHELL,OPERATING,operating,CLOSED_UNIQUE,2700000000.0,2024-06-30,1ecb7358b6068df67d0b48e231b0e3ccdf4e429ef2867cfa999a3880c521f0f5,CLOSED_UNIQUE,1432616000.0,CLOSED_UNIQUE,1317845000.0,,LAF,CLOSED_PF_GE700,2025-03-03,True,DIRECT,
1013871,0001013871-25-000006,20250226,"NRG ENERGY, INC.",1-LAF,LAF,CLOSED,CLOSED_OPERATING_NON_SHELL,OPERATING,operating,CLOSED_UNIQUE,12225722798.0,2024-06-30,6fc8a0b81a34c2369f7b88865d547d599f68c1471f37768893d9d10c6dd07d18,CLOSED_UNIQUE,28823000000.0,CLOSED_UNIQUE,31543000000.0,,LAF,CLOSED_PF_GE700,2025-03-03,True,DIRECT,
1013880,0001558370-25-001823,20250227,"TTEC HOLDINGS, INC.",1-LAF,LAF,CLOSED,CLOSED_OPERATING_NON_SHELL,OPERATING,operating,CLOSED_UNIQUE,114624308.0,2024-06-30,4ef34891ad1736899e40c97f4987a73a0b077c5a70f99e3e944048afb4c35e5e,CLOSED_UNIQUE,2462817000.0,CLOSED_UNIQUE,2443707000.0,,AF,CLOSED_PRIOR_LAF_REV_GE100_EXIT_AF,2025-03-17,True,DIRECT,
1013934,0001013934-25-000007,20250227,"STRATEGIC EDUCATION, INC.",1-LAF,LAF,CLOSED,CLOSED_OPERATING_NON_SHELL,OPERATING,operating,CLOSED_UNIQUE,2600000000.0,2024-06-30,4f8d24d835bda4c251b6ae82113515ff091723185f6e4996a3273f2ce44d8930,CLOSED_UNIQUE,1132924000.0,CLOSED_UNIQUE,1065480000.0,,LAF,CLOSED_PF_GE700,2025-03-03,True,DIRECT,
1014473,0001014473-25-000006,20250213,VERISIGN INC/CA,1-LAF,LAF,CLOSED,CLOSED_OPERATING_NON_SHELL,OPERATING,operating,CLOSED_UNIQUE,10300000000.0,2024-06-30,d68d2f6303e1ce00280c2c13b229eccd48adddaa8f19e327a8fc2a02d6b2f73a,CLOSED_UNIQUE,1493100000.0,CLOSED_UNIQUE,1424900000.0,,LAF,CLOSED_PF_GE700,2025-03-03,True,DIRECT,
1014739,0001014739-25-000012,20250226,"OPTION CARE HEALTH, INC.",1-LAF,LAF,CLOSED,CLOSED_OPERATING_NON_SHELL,OPERATING,operating,CLOSED_UNIQUE,4748081376.0,2024-06-28,f49a53a7625b1ed42a33aa4288861076a6b9f86815c10f91b106fe7a963c44f9,CLOSED_UNIQUE,4302324000.0,CLOSED_UNIQUE,3944735000.0,,LAF,CLOSED_PF_GE700,2025-03-03,True,DIRECT,
1014763,0001493152-25-009568,20250307,"AINOS, INC.",4-NON,NAF,CLOSED,CLOSED_OPERATING_NON_SHELL,OPERATING,operating,CLOSED_UNIQUE,3350118.0,2024-06-30,8cb4cec78af7134974c5a89410deaa5081f5fa64f73f9536e44e7d5c4e1108bd,NO_WHITELIST_TOPLINE,,CLOSED_UNIQUE,3519627.0,,NAF,CLOSED_PF_LT60,2025-03-31,True,DIRECT,
1015328,0001015328-25-000093,20250228,WINTRUST FINANCIAL CORP,1-LAF,LAF,CLOSED,CLOSED_OPERATING_NON_SHELL,OPERATING,operating,CLOSED_UNIQUE,6034106686.0,2024-06-30,0537af3e3677ebe7d1529b6ae0b79b5a2d4eba5d09b358ba4099c31257abd36f,NO_WHITELIST_TOPLINE,,NO_WHITELIST_TOPLINE,,,LAF,CLOSED_PF_GE700,2025-03-03,True,DIRECT,
1015739,0000950170-25-038714,20250313,AWARE INC /MA/,4-NON,NAF,CLOSED,CLOSED_OPERATING_NON_SHELL,OPERATING,operating,CLOSED_UNIQUE,22599369.0,2024-06-28,3c649a4a109abb5487181337f75abe290854c2ec86786d6379f7d6fa5885583d,CLOSED_UNIQUE,18244000.0,CLOSED_UNIQUE,16008000.0,,NAF,CLOSED_PF_LT60,2025-03-31,True,DIRECT,
101594,0001437749-25-007375,20250313,US ENERGY CORP,4-NON,NAF,CLOSED,CLOSED_OPERATING_NON_SHELL,OPERATING,operating,CLOSED_UNIQUE,9030746.0,2024-06-30,cb25d0a20b1768b1729a204a0b642f093f599565ae296dba8a7fb5bf8813158a,CLOSED_UNIQUE,32316000.0,CLOSED_UNIQUE,44552000.0,,NAF,CLOSED_PF_LT60,2025-03-31,True,DIRECT,
1016281,0001016281-25-000045,20250228,CARRIAGE SERVICES INC,2-ACC,AF,CLOSED,CLOSED_OPERATING_NON_SHELL,OPERATING,operating,CLOSED_UNIQUE,395000000.0,2024-06-28,aafffc260efab18d42683e24d7c7c572441f18b6d2a8d05b37c4a7beefcb5a48,CLOSED_UNIQUE,382520000.0,CLOSED_UNIQUE,370174000.0,,AF,CLOSED_PRIOR_ACC_REV_GE80_REMAIN_AF,2025-03-17,True,DIRECT,
1017303,0001140361-25-010065,20250324,TRANSACT TECHNOLOGIES INC,4-NON,NAF,CLOSED,CLOSED_OPERATING_NON_SHELL,OPERATING,operating,CLOSED_UNIQUE,33000000.0,2024-06-30,dfe7e982d4c9ad9e7dfb7965456760cfe7597deb3ba7039789220729eec6bba9,CLOSED_UNIQUE,72631000.0,CLOSED_UNIQUE,58139000.0,,NAF,CLOSED_PF_LT60,2025-03-31,True,DIRECT,
1017655,0001437749-25-012075,20250415,PAID INC,4-NON,NAF,CLOSED,CLOSED_OPERATING_NON_SHELL,OPERATING,operating,CLOSED_UNIQUE,3842249.0,2024-06-30,ad31312936714c2606b5a8642e4b82bf4b588eca3696749a1a72900d705d51de,NO_WHITELIST_TOPLINE,,NO_WHITELIST_TOPLINE,,2025-03-31,NAF,CLOSED_PF_LT60,2025-03-31,True,12B25,
1018164,0001018164-25-000027,20250311,WILLIS LEASE FINANCE CORP,2-ACC,AF,CLOSED,CLOSED_OPERATING_NON_SHELL,OPERATING,operating,CLOSED_UNIQUE,240200000.0,2024-06-30,1160837f0bba5fdffe77b193fa206acce3437c1cb31bf72cc966bc78e99eac5a,CLOSED_UNIQUE,418555000.0,CLOSED_UNIQUE,311927000.0,,AF,CLOSED_PRIOR_ACC_REV_GE80_REMAIN_AF,2025-03-17,True,DIRECT,
101829,0000101829-25-000005,20250203,RTX CORP,1-LAF,LAF,CLOSED,CLOSED_OPERATING_NON_SHELL,OPERATING,operating,CLOSED_UNIQUE,133428194600.0,2024-06-30,68acc38d2dc4c8e5f9664bae4d4745d16e14dbf86ab912b87c549292318d8295,CLOSED_UNIQUE,68920000000.0,CLOSED_UNIQUE,67074000000.0,,LAF,CLOSED_PF_GE700,2025-03-03,True,DIRECT,
1018724,0001018724-25-000004,20250207,AMAZON COM INC,1-LAF,LAF,CLOSED,CLOSED_OPERATING_NON_SHELL,OPERATING,operating,CLOSED_UNIQUE,1815014489485.0,2024-06-30,8eebb8d3b592bf62474908e688990f03f3dac7f2873c249c7c6a8216f5d61316,CLOSED_UNIQUE,574785000000.0,CLOSED_UNIQUE,513983000000.0,,LAF,CLOSED_PF_GE700,2025-03-03,True,DIRECT,
1018963,0001628280-25-007092,20250221,ATI INC,1-LAF,LAF,CLOSED,CLOSED_OPERATING_NON_SHELL,OPERATING,operating,CLOSED_UNIQUE,6900000000.0,2024-06-30,aff1e3557c22f659969e8b8c346e20910d39ba21794150230f30916b6f73ecdf,CLOSED_UNIQUE,4173700000.0,CLOSED_UNIQUE,3836000000.0,,LAF,CLOSED_PF_GE700,2025-03-03,True,DIRECT,
1018979,0000950170-25-030059,20250228,AMERISAFE INC,1-LAF,LAF,CLOSED,CLOSED_OPERATING_NON_SHELL,OPERATING,operating,CLOSED_UNIQUE,823800000.0,2024-06-28,22b07fc54074ab5f263e377d74ba1118b3ed98313eae6be58a6dca624fccc32b,CLOSED_UNIQUE,306853000.0,CLOSED_UNIQUE,294737000.0,,LAF,CLOSED_PF_GE700,2025-03-03,True,DIRECT,
1019034,0001437749-25-012824,20250423,BIO KEY INTERNATIONAL INC,4-NON,NAF,CLOSED,CLOSED_OPERATING_NON_SHELL,OPERATING,operating,CLOSED_UNIQUE,2834159.0,2024-06-30,1545df9b8a7da48f4ad95f1f570040a83db19c877d77bcc846bbade69132ee61,CLOSED_UNIQUE,7754905.0,NO_WHITELIST_TOPLINE,,2025-04-01,NAF,CLOSED_PF_LT60,2025-03-31,False,LATE,
101984,0000101984-25-000038,20250311,UNIVERSAL ELECTRONICS INC,2-ACC,AF,CLOSED,CLOSED_OPERATING_NON_SHELL,OPERATING,operating,CLOSED_UNIQUE,124876933.0,2024-06-28,d29113d0e47f543668067289013724a4c6f51a5ee62567cb654101ca281e009c,CLOSED_UNIQUE,420457000.0,CLOSED_UNIQUE,542751000.0,,AF,CLOSED_PRIOR_ACC_REV_GE80_REMAIN_AF,2025-03-17,True,DIRECT,
1019849,0001019849-25-000022,20250221,"PENSKE AUTOMOTIVE GROUP, INC.",1-LAF,LAF,CLOSED,CLOSED_OPERATING_NON_SHELL,OPERATING,operating,CLOSED_UNIQUE,2759410642.0,2024-06-28,4b0ea910a6c5b42043bad3bb4506caa1f40b167d51bf67a6f96280b02370ae67,CLOSED_UNIQUE,29527400000.0,CLOSED_UNIQUE,27814800000.0,,LAF,CLOSED_PF_GE700,2025-03-03,True,DIRECT,
1020214,0000950170-25-027906,20250226,CERUS CORP,2-ACC,AF,CLOSED,CLOSED_OPERATING_NON_SHELL,OPERATING,operating,CLOSED_UNIQUE,240000000.0,2024-06-30,70b0795dcbbaaf94cc97f7cfdda9e8c7050a2c0c7d03f551d067ae20f2eebdca,CLOSED_UNIQUE,186797000.0,CLOSED_UNIQUE,188315000.0,,AF,CLOSED_PRIOR_ACC_REV_GE80_REMAIN_AF,2025-03-17,True,DIRECT,
1020569,0001020569-25-000040,20250214,IRON MOUNTAIN INC,1-LAF,LAF,CLOSED,CLOSED_OPERATING_NON_SHELL,OPERATING,operating,CLOSED_UNIQUE,25700000000.0,2024-06-30,f38a66a2897f775de78c1001e130fb2965fec468ad49f093779eb214ce04f64a,CLOSED_UNIQUE,5480289000.0,CLOSED_UNIQUE,5103574000.0,,LAF,CLOSED_PF_GE700,2025-03-03,True,DIRECT,
1020710,0001020710-25-000036,20250310,DXP ENTERPRISES INC,2-ACC,AF,CLOSED,CLOSED_OPERATING_NON_SHELL,OPERATING,operating,CLOSED_UNIQUE,588700000.0,2024-06-30,a9bdaf3cd62c5acf427dd7bd6003255faab740644757f6080d3e4857479a9315,CLOSED_UNIQUE,1678600000.0,CLOSED_UNIQUE,1480832000.0,,AF,CLOSED_PRIOR_ACC_REV_GE80_REMAIN_AF,2025-03-17,True,DIRECT,
1021561,0001140361-25-004907,20250214,"NU SKIN ENTERPRISES, INC.",1-LAF,LAF,CLOSED,CLOSED_OPERATING_NON_SHELL,OPERATING,operating,CLOSED_UNIQUE,518000000.0,2024-06-28,9aedc2e5f700572522401d2f3f7961f4c13dd71ad946cca18641da77f89233f4,CLOSED_UNIQUE,1969131000.0,CLOSED_UNIQUE,2225659000.0,,AF,CLOSED_PRIOR_LAF_REV_GE100_EXIT_AF,2025-03-17,True,DIRECT,
1021860,0000950170-25-021042,20250214,NOV INC.,1-LAF,LAF,CLOSED,CLOSED_OPERATING_NON_SHELL,OPERATING,operating,CLOSED_UNIQUE,7400000000.0,2024-06-30,60d3e57799bc574b73a0deff437d1eccbbbb7744defa675c76f4ca3493547e87,CLOSED_UNIQUE,8583000000.0,CLOSED_UNIQUE,7237000000.0,,LAF,CLOSED_PF_GE700,2025-03-03,True,DIRECT,
1022079,0001022079-25-000044,20250220,QUEST DIAGNOSTICS INC,1-LAF,LAF,CLOSED,CLOSED_OPERATING_NON_SHELL,OPERATING,operating,CLOSED_UNIQUE,15200000000.0,2024-06-30,0dc34c851e114b9d5296edb999a644e15f62ec2259e1111b2690fda9f1d76c41,CLOSED_UNIQUE,9252000000.0,CLOSED_UNIQUE,9883000000.0,,LAF,CLOSED_PF_GE700,2025-03-03,True,DIRECT,
1022321,0001022321-25-000023,20250303,GENESIS ENERGY LP,1-LAF,LAF,CLOSED,CLOSED_OPERATING_NON_SHELL,OPERATING,operating,CLOSED_UNIQUE,1493900000.0,2024-06-28,86a0ee4d60444e61528410df15dde072a803221787268dc849aa4d1a15f304a9,CLOSED_UNIQUE,3176996000.0,CLOSED_UNIQUE,2788957000.0,,LAF,CLOSED_PF_GE700,2025-03-03,True,DIRECT,
1022671,0001558370-25-001886,20250228,STEEL DYNAMICS INC,1-LAF,LAF,CLOSED,CLOSED_OPERATING_NON_SHELL,OPERATING,operating,CLOSED_UNIQUE,14800000000.0,2024-06-30,9ebaba1f9eae1b062828fcc17ac7e4174a92b8aaf67fcdaeef5f56291ff749c3,CLOSED_UNIQUE,18795316000.0,CLOSED_UNIQUE,22260774000.0,,LAF,CLOSED_PF_GE700,2025-03-03,True,DIRECT,
1022899,0001641172-25-001600,20250331,"PROTAGENIC THERAPEUTICS, INC.NEW",4-NON,NAF,CLOSED,CLOSED_OPERATING_NON_SHELL,OPERATING,operating,CLOSED_UNIQUE,4042876.0,2024-06-30,b6951203dea2af9c2ecf33eee32c5529b4ebee1b755056e8555d0f7ca0060b4a,NO_WHITELIST_TOPLINE,,NO_WHITELIST_TOPLINE,,,NAF,CLOSED_PF_LT60,2025-03-31,True,DIRECT,
1023024,0001023024-25-000015,20250228,ANI PHARMACEUTICALS INC,1-LAF,LAF,CLOSED,CLOSED_OPERATING_NON_SHELL,OPERATING,operating,CLOSED_UNIQUE,1200000000.0,2024-06-28,8352ce017412f13de134f75a8b927b7b236ba7096b807932affa3cdf63379ea5,CLOSED_UNIQUE,486816000.0,CLOSED_UNIQUE,316385000.0,,LAF,CLOSED_PF_GE700,2025-03-03,True,DIRECT,
1023128,0001023128-25-000026,20250224,LITHIA MOTORS INC,1-LAF,LAF,CLOSED,CLOSED_OPERATING_NON_SHELL,OPERATING,operating,CLOSED_UNIQUE,6759770000.0,2024-06-28,a2f5da0df0656015423a30b7525c0e3ece54917134f3d336468c08b0d907cf43,CLOSED_UNIQUE,31042300000.0,CLOSED_UNIQUE,28187800000.0,,LAF,CLOSED_PF_GE700,2025-03-03,True,DIRECT,
1023313,0000950170-25-035158,20250307,"FORRESTER RESEARCH, INC.",2-ACC,AF,CLOSED,CLOSED_OPERATING_NON_SHELL,OPERATING,operating,CLOSED_UNIQUE,197000000000.0,2024-06-30,7b7eceeda715568f65d60ac8d077519c20e71517408d01cd2d36c124503e28a2,CLOSED_UNIQUE,480779000.0,CLOSED_UNIQUE,537787000.0,,LAF,CLOSED_PF_GE700,2025-03-03,False,LATE,
1023994,0001213900-25-026495,20250401,SAFE & GREEN HOLDINGS CORP.,4-NON,NAF,CLOSED,CLOSED_OPERATING_NON_SHELL,OPERATING,operating,CLOSED_UNIQUE,4816024.0,2024-06-30,990dde124d571ba7539bd8d38675464f6061321b9b0194a95ceb481e737f4f1a,CLOSED_UNIQUE,16523080.0,CLOSED_UNIQUE,24393946.0,2025-04-01,NAF,CLOSED_PF_LT60,2025-03-31,True,12B25,
1024795,0000950170-25-026703,20250225,"HELIOS TECHNOLOGIES, INC.",1-LAF,LAF,CLOSED,CLOSED_OPERATING_NON_SHELL,OPERATING,operating,CLOSED_UNIQUE,1574331276.0,2024-06-29,9917eb9449e2d94a826860c81ff9108e47ce4e18b094814e8e44f359f1f63de5,CLOSED_UNIQUE,835600000.0,CLOSED_UNIQUE,885400000.0,,LAF,CLOSED_PF_GE700,2025-03-03,True,DIRECT,
1025378,0001025378-25-000031,20250212,W. P. CAREY INC.,1-LAF,LAF,CLOSED,CLOSED_OPERATING_NON_SHELL,OPERATING,operating,CLOSED_UNIQUE,12000000000.0,2024-06-30,c17a6c7a6ea4e15bb8979c615836d590a26a1719b1736791c4cc9576c17582b9,CLOSED_UNIQUE,1741358000.0,CLOSED_UNIQUE,1479086000.0,,LAF,CLOSED_PF_GE700,2025-03-03,True,DIRECT,
1025835,0001025835-25-000039,20250228,ENTERPRISE FINANCIAL SERVICES CORP,1-LAF,LAF,CLOSED,CLOSED_OPERATING_NON_SHELL,OPERATING,operating,CLOSED_UNIQUE,1492603886.0,2024-06-30,3992e64fa143f315a26a38b81ad17a28e8ec813b17b72d1c6ac807d77e46fdd6,NO_WHITELIST_TOPLINE,,NO_WHITELIST_TOPLINE,,,LAF,CLOSED_PF_GE700,2025-03-03,True,DIRECT,
1026214,0001026214-25-000040,20250213,FEDERAL HOME LOAN MORTGAGE CORP,2-ACC,AF,CLOSED,CLOSED_OPERATING_NON_SHELL,OPERATING,operating,CLOSED_UNIQUE,900000000.0,2024-06-30,448f454b9cba6e4d8ab320bd2988179300a77412eff8015a42c438bc25c8789a,CLOSED_UNIQUE,21229000000.0,CLOSED_UNIQUE,21264000000.0,,LAF,CLOSED_PF_GE700,2025-03-03,True,DIRECT,
1026655,0001026655-25-000005,20250311,CORE MOLDING TECHNOLOGIES INC,2-ACC,AF,CLOSED,CLOSED_OPERATING_NON_SHELL,OPERATING,operating,CLOSED_UNIQUE,97000000.0,2024-06-30,2f66f1e6c9d62cbd79008070f5dc61fa4cfc372f910a1a148ef34e87483c1ce1,CLOSED_UNIQUE,357738000.0,CLOSED_UNIQUE,377376000.0,,AF,CLOSED_PRIOR_ACC_REV_GE80_REMAIN_AF,2025-03-17,True,DIRECT,
102729,0000102729-25-000009,20250225,VALMONT INDUSTRIES INC,1-LAF,LAF,CLOSED,CLOSED_OPERATING_NON_SHELL,OPERATING,operating,CLOSED_UNIQUE,5423157249.0,2024-06-29,ab1c3e705bf30affd6227842b605289cf25c513ed5fb8b48a41ce998e1d34e52,CLOSED_UNIQUE,4174598000.0,CLOSED_UNIQUE,4345250000.0,,LAF,CLOSED_PF_GE700,2025-03-03,True,DIRECT,
102752,0000102752-25-000014,20250303,VSE CORP,2-ACC,AF,CLOSED,CLOSED_OPERATING_NON_SHELL,OPERATING,operating,CLOSED_UNIQUE,1400000000.0,2024-06-28,8d20018a5bd7a2a2c56073f00b8faaae833ec74022fa048805f900dc9e54c1f3,CLOSED_UNIQUE,860488000.0,CLOSED_UNIQUE,949762000.0,,LAF,CLOSED_PF_GE700,2025-03-03,True,DIRECT,
1027838,0001558370-25-001096,20250218,TACTILE SYSTEMS TECHNOLOGY INC,2-ACC,AF,CLOSED,CLOSED_OPERATING_NON_SHELL,OPERATING,operating,CLOSED_UNIQUE,283247975.0,2024-06-28,5bd5bf2a5438b4d4767582ed71c4ee91d7920ad902a264ecc0c37220aca0f6b1,CLOSED_UNIQUE,274423000.0,CLOSED_UNIQUE,246785000.0,,AF,CLOSED_PRIOR_ACC_REV_GE80_REMAIN_AF,2025-03-17,True,DIRECT,
1028918,0001028918-25-000014,20250228,PACIFIC PREMIER BANCORP INC,1-LAF,LAF,CLOSED,CLOSED_OPERATING_NON_SHELL,OPERATING,operating,CLOSED_UNIQUE,2140000000.0,2024-06-28,922ade6d1c2d892e690f561c66a5f0fda9357bf6127fc99f265587ba06c8ead7,NO_WHITELIST_TOPLINE,,NO_WHITELIST_TOPLINE,,,LAF,CLOSED_PF_GE700,2025-03-03,True,DIRECT,
1029142,0001029142-25-000049,20250220,DYNAVAX TECHNOLOGIES CORP,1-LAF,LAF,CLOSED,CLOSED_OPERATING_NON_SHELL,OPERATING,operating,CLOSED_UNIQUE,800000000.0,2024-06-30,9bed7085258872fd8a45758d74339d28e6546ff8bc0718a17bfa4535853ca20d,CLOSED_UNIQUE,232284000.0,CLOSED_UNIQUE,722683000.0,,LAF,CLOSED_PF_GE700,2025-03-03,True,DIRECT,
1029199,0001213900-25-017068,20250225,"EURONET WORLDWIDE, INC.",1-LAF,LAF,CLOSED,CLOSED_OPERATING_NON_SHELL,OPERATING,operating,CLOSED_UNIQUE,4400000000.0,2024-06-30,5c256126ec3eb4f5c5904036189faf33d4e2c23cd2df94ee8fd24053c1891137,CLOSED_UNIQUE,3688000000.0,CLOSED_UNIQUE,3358741000.0,,LAF,CLOSED_PF_GE700,2025-03-03,True,DIRECT,
1030469,0001030469-25-000007,20250227,OFG BANCORP,1-LAF,LAF,CLOSED,CLOSED_OPERATING_NON_SHELL,OPERATING,operating,CLOSED_UNIQUE,1744000000.0,2024-06-30,177b179ec74d59b7122972fb4cd75679e818477de779c5d8cc7876fb8f6e0f50,NO_WHITELIST_TOPLINE,,NO_WHITELIST_TOPLINE,,,LAF,CLOSED_PF_GE700,2025-03-03,True,DIRECT,
1031203,0001031203-25-000013,20250214,GROUP 1 AUTOMOTIVE INC,1-LAF,LAF,CLOSED,CLOSED_OPERATING_NON_SHELL,OPERATING,operating,CLOSED_UNIQUE,3900000000.0,2024-06-30,d1082dc8973df17b24e8aed017708ac6a4e33e9f58f739ade567407bd402c68b,CLOSED_UNIQUE,17873700000.0,CLOSED_UNIQUE,16222100000.0,,LAF,CLOSED_PF_GE700,2025-03-03,True,DIRECT,
1031296,0001031296-25-000006,20250227,FIRSTENERGY CORP,1-LAF,LAF,CLOSED,CLOSED_OPERATING_NON_SHELL,OPERATING,operating,CLOSED_UNIQUE,22003636801.0,2024-06-30,7bd2223527d7d1dd16d061bc2179de5bbafc4d79665509ba66fd16ca6ff6d91a,CLOSED_UNIQUE,12870000000.0,CLOSED_UNIQUE,12459000000.0,,LAF,CLOSED_PF_GE700,2025-03-03,True,DIRECT,
1031308,0001031308-25-000002,20250226,BENTLEY SYSTEMS INC,1-LAF,LAF,CLOSED,CLOSED_OPERATING_NON_SHELL,OPERATING,operating,CLOSED_UNIQUE,6700000000.0,2024-06-28,abd244342fd2e30bf08c513441c17187b9b1c4505a971359be6939ab8e18c802,CLOSED_UNIQUE,1228413000.0,CLOSED_UNIQUE,1099082000.0,,LAF,CLOSED_PF_GE700,2025-03-03,True,DIRECT,
1031316,0001558370-25-000806,20250211,FRANKLIN STREET PROPERTIES CORP /MA/,2-ACC,AF,CLOSED,CLOSED_OPERATING_NON_SHELL,OPERATING,operating,CLOSED_UNIQUE,147967048.0,2024-06-30,62be5a7b3ce84db3221bc6b90a1d3fed055cd7ff72c4ec55ec2a90cb1bf18d90,CLOSED_UNIQUE,145707000.0,CLOSED_UNIQUE,165615000.0,,AF,CLOSED_PRIOR_ACC_REV_GE80_REMAIN_AF,2025-03-17,True,DIRECT,
103145,0001558370-25-001001,20250214,VEECO INSTRUMENTS INC,1-LAF,LAF,CLOSED,CLOSED_OPERATING_NON_SHELL,OPERATING,operating,CLOSED_UNIQUE,2588029739.0,2024-06-28,a88b8b0314b8de5cde62fb5c4765b3f3358cf5cbf43875f2d8dcbd2a8b7523a8,CLOSED_UNIQUE,666435000.0,CLOSED_UNIQUE,646137000.0,,LAF,CLOSED_PF_GE700,2025-03-03,True,DIRECT,
1032033,0001628280-25-006776,20250220,SLM CORP,1-LAF,LAF,CLOSED,CLOSED_OPERATING_NON_SHELL,OPERATING,operating,CLOSED_UNIQUE,4500000000.0,2024-06-28,bef5b8824615423ccb9c4030b215c920b2810a0a513684d02b23f18a23b3c1c0,NO_WHITELIST_TOPLINE,,NO_WHITELIST_TOPLINE,,,LAF,CLOSED_PF_GE700,2025-03-03,True,DIRECT,
1034054,0001034054-25-000002,20250226,SBA COMMUNICATIONS CORP,1-LAF,LAF,CLOSED,CLOSED_OPERATING_NON_SHELL,OPERATING,operating,CLOSED_UNIQUE,21000000000.0,2024-06-30,826e73f6b86e971ea4fc6b73059375aff71ecb0d4f51378b5a1f0fbad66b6f65,CLOSED_UNIQUE,2711584000.0,CLOSED_UNIQUE,2633454000.0,,LAF,CLOSED_PF_GE700,2025-03-03,True,DIRECT,
1034670,0000950170-25-023852,20250220,AUTOLIV INC,1-LAF,LAF,CLOSED,CLOSED_OPERATING_NON_SHELL,OPERATING,operating,CLOSED_UNIQUE,8568000000.0,2024-06-30,ae0dbed6b07c02a7eeb2062cc0c0c40afe801580c7fa336f43e7ed6146de4940,CLOSED_UNIQUE,10475000000.0,CLOSED_UNIQUE,8842000000.0,,LAF,CLOSED_PF_GE700,2025-03-03,True,DIRECT,
1034842,0001558370-25-002169,20250304,RIGEL PHARMACEUTICALS INC,2-ACC,AF,CLOSED,CLOSED_OPERATING_NON_SHELL,OPERATING,operating,CLOSED_UNIQUE,143100000.0,2024-06-30,d62353c074942e3e89c5fb28cebcb95b0bcff1879b31e3de3b2d62b53107360c,CLOSED_UNIQUE,116882000.0,CLOSED_UNIQUE,120242000.0,,AF,CLOSED_PRIOR_ACC_REV_GE80_REMAIN_AF,2025-03-17,True,DIRECT,
1035002,0001035002-25-000005,20250226,VALERO ENERGY CORP/TX,1-LAF,LAF,CLOSED,CLOSED_OPERATING_NON_SHELL,OPERATING,operating,CLOSED_UNIQUE,50200000000.0,2024-06-28,67665c3eeaabbc1da16151805c21f88ab3d58c7bce004cc4fcf382dfe880fe60,CLOSED_UNIQUE,144766000000.0,CLOSED_UNIQUE,176383000000.0,,LAF,CLOSED_PF_GE700,2025-03-03,True,DIRECT,
1035201,0001035201-25-000003,20250227,CALIFORNIA WATER SERVICE GROUP,1-LAF,LAF,CLOSED,CLOSED_OPERATING_NON_SHELL,OPERATING,operating,CLOSED_UNIQUE,1679000000.0,2024-06-30,c598702643fccc67b0552aa6676c88f122831dfa91a7d750ca2d877b34c43ef3,CLOSED_UNIQUE,794632000.0,CLOSED_UNIQUE,846431000.0,,LAF,CLOSED_PF_GE700,2025-03-03,True,DIRECT,
1035267,0001035267-25-000017,20250131,INTUITIVE SURGICAL INC,1-LAF,LAF,CLOSED,CLOSED_OPERATING_NON_SHELL,OPERATING,operating,CLOSED_UNIQUE,157300000000.0,2024-06-30,39d710f43433466eb6681c8919ce03c3492d59c5c3543226acb6814c334728be,CLOSED_UNIQUE,7124100000.0,CLOSED_UNIQUE,6222200000.0,,LAF,CLOSED_PF_GE700,2025-03-03,True,DIRECT,
1035443,0001035443-25-000067,20250127,"ALEXANDRIA REAL ESTATE EQUITIES, INC.",1-LAF,LAF,CLOSED,CLOSED_OPERATING_NON_SHELL,OPERATING,operating,CLOSED_UNIQUE,20300000000.0,2024-06-30,d1374b2502a765f7af4c34c16650453230abc2d9d093cbcafb52aafde99e045d,CLOSED_UNIQUE,2885699000.0,NO_WHITELIST_TOPLINE,,,LAF,CLOSED_PF_GE700,2025-03-03,True,DIRECT,
1035983,0001558370-25-001222,20250220,COMFORT SYSTEMS USA INC,1-LAF,LAF,CLOSED,CLOSED_OPERATING_NON_SHELL,OPERATING,operating,CLOSED_UNIQUE,10670000000.0,2024-06-30,700fd4080e570ed7f447025351a7fdc40a98691d7c7d443bae02f0e459f6bd01,CLOSED_UNIQUE,5206760000.0,CLOSED_UNIQUE,4140364000.0,,LAF,CLOSED_PF_GE700,2025-03-03,True,DIRECT,
1036044,0000950170-25-040387,20250317,"IDENTIV, INC.",2-ACC,AF,CLOSED,CLOSED_OPERATING_NON_SHELL,OPERATING,operating,CLOSED_UNIQUE,85196524.0,2024-06-28,fba635c07d4a2174a68315d4e4c367f0c09666e4b91422f940c84575f7430f1a,CLOSED_UNIQUE,116383000.0,CLOSED_UNIQUE,112915000.0,,AF,CLOSED_PRIOR_ACC_REV_GE80_REMAIN_AF,2025-03-17,True,DIRECT,
1036262,0001437749-25-007520,20250313,INTEST CORP,2-ACC,AF,CLOSED,CLOSED_OPERATING_NON_SHELL,OPERATING,operating,CLOSED_UNIQUE,118016975.0,2024-06-30,00d2bde5e205c65fbdae896667a9418d27c6d13c09f2e9ecccbdfee25e4e5d08,CLOSED_UNIQUE,123302000.0,CLOSED_UNIQUE,116828000.0,,AF,CLOSED_PRIOR_ACC_REV_GE80_REMAIN_AF,2025-03-17,True,DIRECT,
103730,0000103730-25-000017,20250214,VISHAY INTERTECHNOLOGY INC,1-LAF,LAF,CLOSED,CLOSED_OPERATING_NON_SHELL,OPERATING,operating,CLOSED_UNIQUE,2805000000.0,2024-06-29,4f646fdb692a58e05ea049c57979bfc8915309c3588f79b59fc4e2978a8d8c0c,CLOSED_UNIQUE,3402045000.0,CLOSED_UNIQUE,3497401000.0,,LAF,CLOSED_PF_GE700,2025-03-03,True,DIRECT,
1037646,0001037646-25-000012,20250207,METTLER TOLEDO INTERNATIONAL INC/,1-LAF,LAF,CLOSED,CLOSED_OPERATING_NON_SHELL,OPERATING,operating,CLOSED_UNIQUE,29700000000.0,2024-06-30,661c0009af102ebf2dfa023aa5430721326b1c5daa355419bacc69422aaa3ccd,CLOSED_UNIQUE,3788309000.0,CLOSED_UNIQUE,3919709000.0,,LAF,CLOSED_PF_GE700,2025-03-03,True,DIRECT,
1037868,0001037868-25-000012,20250220,AMETEK INC/,1-LAF,LAF,CLOSED,CLOSED_OPERATING_NON_SHELL,OPERATING,operating,CLOSED_UNIQUE,38600000000.0,2024-06-30,9f22a2bb0ef81a4063d248e52b0eb0777baeba4051df703ee07d20b25a781567,CLOSED_UNIQUE,6596950000.0,CLOSED_UNIQUE,6150530000.0,,LAF,CLOSED_PF_GE700,2025-03-03,True,DIRECT,
1037976,0001037976-25-000006,20250219,JONES LANG LASALLE INC,1-LAF,LAF,CLOSED,CLOSED_OPERATING_NON_SHELL,OPERATING,operating,CLOSED_UNIQUE,9675058454.0,2024-06-30,8e40d735625f3945ce6619bda391896114c2ce93ccb96deb4418705b35fe23e6,CLOSED_UNIQUE,20760800000.0,CLOSED_UNIQUE,20862100000.0,,LAF,CLOSED_PF_GE700,2025-03-03,True,DIRECT,
1038074,0001038074-25-000003,20250204,SILICON LABORATORIES INC.,1-LAF,LAF,CLOSED,CLOSED_OPERATING_NON_SHELL,OPERATING,operating,CLOSED_UNIQUE,3500000000.0,2024-06-29,18a126f91040fe15158d629db358952b85346a83090feb069032d4939e346f1d,CLOSED_UNIQUE,782258000.0,CLOSED_UNIQUE,1024106000.0,,LAF,CLOSED_PF_GE700,2025-03-03,True,DIRECT,
1039399,0001039399-25-000023,20250221,FORMFACTOR INC,1-LAF,LAF,CLOSED,CLOSED_OPERATING_NON_SHELL,OPERATING,operating,CLOSED_UNIQUE,3338400000.0,2024-06-29,67a3993c2a986433af091280d8afee3c76c2059018218b15c24395e7fdd6ed1f,CLOSED_UNIQUE,663102000.0,CLOSED_UNIQUE,747937000.0,,LAF,CLOSED_PF_GE700,2025-03-03,True,DIRECT,
1039684,0001039684-25-000036,20250225,ONEOK INC /NEW/,1-LAF,LAF,CLOSED,CLOSED_OPERATING_NON_SHELL,OPERATING,operating,CLOSED_UNIQUE,47300000000.0,2024-06-30,62b6ec4f104a7034664f3b363cddf927cb8982f3a1c67df7b2fe574d185cf7f8,CLOSED_UNIQUE,17677000000.0,CLOSED_UNIQUE,22386892000.0,,LAF,CLOSED_PF_GE700,2025-03-03,True,DIRECT,
1039828,0001039828-25-000010,20250331,AMERICAN NATIONAL GROUP INC.,1-LAF,LAF,CLOSED,CLOSED_OPERATING_NON_SHELL,OPERATING,operating,CLOSED_UNIQUE,0.0,2024-06-30,4226cec90ef9add110b51e1a041060a4cd36489f37aa92aa1a3876f953ba09fa,CLOSED_UNIQUE,2835970000.0,CLOSED_UNIQUE,1415501000.0,,NAF,CLOSED_PF_LT60,2025-03-31,True,DIRECT,
1040829,0001558370-25-001286,20250221,"RYMAN HOSPITALITY PROPERTIES, INC.",1-LAF,LAF,CLOSED,CLOSED_OPERATING_NON_SHELL,OPERATING,operating,CLOSED_UNIQUE,5799975051.0,2024-06-28,60628e3e4a35948f7534406a4417f978a446c9a6f76a4bfe4787d3bc0dd26a4f,CLOSED_UNIQUE,2158136000.0,CLOSED_UNIQUE,1805969000.0,,LAF,CLOSED_PF_GE700,2025-03-03,True,DIRECT,
1040896,0001628280-25-015555,20250331,"INTELLICHECK, INC.",4-NON,NAF,CLOSED,CLOSED_OPERATING_NON_SHELL,OPERATING,operating,CLOSED_UNIQUE,48951369.0,2024-06-30,71103ee906ccd7ef1cb263c068346a8531fa21e3effb8dbaa1b6546b5fccdcc0,CLOSED_UNIQUE,18906000.0,CLOSED_UNIQUE,15966000.0,,NAF,CLOSED_PF_LT60,2025-03-31,True,DIRECT,
1041024,0001628280-25-013983,20250320,"ROCKWELL MEDICAL, INC.",4-NON,NAF,CLOSED,CLOSED_OPERATING_NON_SHELL,OPERATING,operating,CLOSED_UNIQUE,53981386.0,2024-06-30,e4f088e7b1fb43355b9c6f520765fe1785ed2b61ab5c57c34dbfb2cade5ce8be,CLOSED_UNIQUE,83612000.0,CLOSED_UNIQUE,72810000.0,,NAF,CLOSED_PF_LT60,2025-03-31,True,DIRECT,
1041061,0001041061-25-000013,20250219,YUM BRANDS INC,1-LAF,LAF,CLOSED,CLOSED_OPERATING_NON_SHELL,OPERATING,operating,CLOSED_UNIQUE,37000000000.0,2024-06-30,76d992d96c65947eea74f8e888c7557d935b11bbbaf8a2d4d85a161ee0edde36,CLOSED_UNIQUE,7076000000.0,CLOSED_UNIQUE,6842000000.0,,LAF,CLOSED_PF_GE700,2025-03-03,True,DIRECT,
1041657,0001041657-25-000013,20250327,"URBAN ONE, INC.",2-ACC,AF,CLOSED,CLOSED_OPERATING_NON_SHELL,OPERATING,operating,CLOSED_UNIQUE,38500000.0,2024-06-30,2a79b57f10d0e8bb2df7fc7726ea34fe3b930d859aee54d300da937e2374fe59,CLOSED_UNIQUE,477690000.0,CLOSED_UNIQUE,484604000.0,,NAF,CLOSED_PF_LT60,2025-03-31,True,DIRECT,
1042046,0001042046-25-000011,20250225,AMERICAN FINANCIAL GROUP INC,1-LAF,LAF,CLOSED,CLOSED_OPERATING_NON_SHELL,OPERATING,operating,CLOSED_UNIQUE,8820000000.0,2024-06-30,f2e8959e49efbae1bf6924e45b836b63b366608c0c56a7de9406f9f8d3515f82,CLOSED_UNIQUE,7827000000.0,CLOSED_UNIQUE,7040000000.0,,LAF,CLOSED_PF_GE700,2025-03-03,True,DIRECT,
1042187,0001641172-25-004622,20250415,YUNHONG GREEN CTI LTD.,4-NON,NAF,CLOSED,CLOSED_OPERATING_NON_SHELL,OPERATING,operating,CLOSED_UNIQUE,10000000.0,2024-06-28,e87fc1a166380d6c2c81e252e5de38e7d482e286a67f36bf996cd90eb723f1f1,CLOSED_UNIQUE,17804000.0,CLOSED_UNIQUE,18048000.0,2025-03-28,NAF,CLOSED_PF_LT60,2025-03-31,True,12B25,
1042418,0001641172-25-001190,20250328,"INHIBITOR THERAPEUTICS, INC.",4-NON,NAF,CLOSED,CLOSED_OPERATING_NON_SHELL,OPERATING,operating,CLOSED_UNIQUE,6600000.0,2024-06-30,c896918c53145b9334234eda79a856fcb5e48b69e8100f8fb645b4b14b7b1d39,NO_WHITELIST_TOPLINE,,NO_WHITELIST_TOPLINE,,,NAF,CLOSED_PF_LT60,2025-03-31,True,DIRECT,
1042642,0001558370-25-003292,20250319,DISH DBS CORP,4-NON,NAF,CLOSED,CLOSED_OPERATING_NON_SHELL,OPERATING,operating,CLOSED_UNIQUE,0.0,2024-06-30,a2a27fb0eaebe4dbeffc74136d324d3d42b15547a57e12171a99d2796584c2af,CLOSED_UNIQUE,11474225000.0,CLOSED_UNIQUE,12378208000.0,,NAF,CLOSED_PF_LT60,2025-03-31,True,DIRECT,
1042776,0001042776-25-000042,20250219,"PIEDMONT OFFICE REALTY TRUST, INC.",1-LAF,LAF,CLOSED,CLOSED_OPERATING_NON_SHELL,OPERATING,operating,CLOSED_UNIQUE,889297736.0,2024-06-28,094e64c1c40218fee8237ce21a789ff89df9215268fbb9f6d3e5630971b934dc,CLOSED_UNIQUE,577756000.0,CLOSED_UNIQUE,563766000.0,,LAF,CLOSED_PF_GE700,2025-03-03,True,DIRECT,
1042893,0000950170-25-031003,20250303,"INNOVEX INTERNATIONAL, INC.",1-LAF,LAF,CLOSED,CLOSED_OPERATING_NON_SHELL,OPERATING,operating,CLOSED_UNIQUE,624200000.0,2024-06-30,2cbe174dec77917591bd14c775af163dd4894584a4dfc20605672e41e755a263,CLOSED_UNIQUE,424060000.0,CLOSED_UNIQUE,362070000.0,,LAF,CLOSED_PRIOR_LAF_PF_GE560,2025-03-03,True,DIRECT,
1043000,0001043000-25-000010,20250317,"SONIDA SENIOR LIVING, INC.",4-NON,NAF,CLOSED,CLOSED_OPERATING_NON_SHELL,OPERATING,operating,CLOSED_UNIQUE,164800000.0,2024-06-30,4e5b1951034cbf8ddc11be506b4c7c96af7ecbae9b8662fc362bc3a88607a612,CLOSED_UNIQUE,255322000.0,CLOSED_UNIQUE,238433000.0,,AF,CLOSED_PRIOR_NON_REV_GE100_ENTER_AF,2025-03-17,True,DIRECT,
1043186,0001437749-25-005086,20250225,"STABILIS SOLUTIONS, INC.",4-NON,NAF,CLOSED,CLOSED_OPERATING_NON_SHELL,OPERATING,operating,CLOSED_UNIQUE,18425307.0,2024-06-30,1207d0f7c10f5209cb8127bed6888ef952d4036aa739f2bd059a0d2053dd6fa2,CLOSED_UNIQUE,73114000.0,CLOSED_UNIQUE,98823000.0,,NAF,CLOSED_PF_LT60,2025-03-31,True,DIRECT,
1043219,0001628280-25-005451,20250213,ANNALY CAPITAL MANAGEMENT INC,1-LAF,LAF,CLOSED,CLOSED_OPERATING_NON_SHELL,OPERATING,operating,CLOSED_UNIQUE,9500000000.0,2024-06-30,48fd7b48fb1ac8768554f4af415514272f2796053fb054f802298eebf76d1d79,NO_WHITELIST_TOPLINE,,NO_WHITELIST_TOPLINE,,,LAF,CLOSED_PF_GE700,2025-03-03,True,DIRECT,
1043277,0001043277-25-000012,20250214,"C. H. ROBINSON WORLDWIDE, INC.",1-LAF,LAF,CLOSED,CLOSED_OPERATING_NON_SHELL,OPERATING,operating,CLOSED_UNIQUE,10299490294.0,2024-06-28,8c9334b24f3aac76d63ea776d0dbf1d6660241b08d291fefc1c64cb92a9b68a8,CLOSED_UNIQUE,17596443000.0,CLOSED_UNIQUE,24696625000.0,,LAF,CLOSED_PF_GE700,2025-03-03,True,DIRECT,
1043337,0001043337-25-000012,20250303,STONERIDGE INC,2-ACC,AF,CLOSED,CLOSED_OPERATING_NON_SHELL,OPERATING,operating,CLOSED_UNIQUE,430700000.0,2024-06-30,e78e3b73b4201c1e3b0dd948d6b7df4a553fbadf76a3554145af27434bee26f6,CLOSED_UNIQUE,975818000.0,CLOSED_UNIQUE,899923000.0,,AF,CLOSED_PRIOR_ACC_REV_GE80_REMAIN_AF,2025-03-17,True,DIRECT,
1043509,0001043509-25-000003,20250219,SONIC AUTOMOTIVE INC,1-LAF,LAF,CLOSED,CLOSED_OPERATING_NON_SHELL,OPERATING,operating,CLOSED_UNIQUE,1100000000.0,2024-06-30,b453c2214e2333826a25ac632f63e6c46093148d95049603aab25991df001f64,CLOSED_UNIQUE,14372400000.0,CLOSED_UNIQUE,14001100000.0,,LAF,CLOSED_PF_GE700,2025-03-03,True,DIRECT,
1043604,0001043604-25-000025,20250221,JUNIPER NETWORKS INC,1-LAF,LAF,CLOSED,CLOSED_OPERATING_NON_SHELL,OPERATING,operating,CLOSED_UNIQUE,11713000000.0,2024-06-30,b5ccd86e0d2896031f581e5885c40bee08d03dd847799d17a764e8d4882f1188,CLOSED_UNIQUE,5564500000.0,CLOSED_UNIQUE,5301200000.0,,LAF,CLOSED_PF_GE700,2025-03-03,True,DIRECT,
1043951,0001140361-25-009859,20250321,CAMPBELL FUND TRUST,4-NON,NAF,CLOSED,CLOSED_OPERATING_NON_SHELL,OPERATING,operating,CLOSED_UNIQUE,0.0,2024-06-30,0d1aed44723cd4e0ec370a1a7cec1f8201f1f21d5ac903ab51353047b921daad,NO_WHITELIST_TOPLINE,,NO_WHITELIST_TOPLINE,,,NAF,CLOSED_PF_LT60,2025-03-31,True,DIRECT,
1043961,0001558370-25-003817,20250327,"PRECIPIO, INC.",4-NON,NAF,CLOSED,CLOSED_OPERATING_NON_SHELL,OPERATING,operating,CLOSED_UNIQUE,7200000.0,2024-06-30,45ab0f2f2bed120999ab7c4f1b256c305f746bd0f34c99b4779cc8b3e637a207,CLOSED_UNIQUE,15197000.0,CLOSED_UNIQUE,9412000.0,,NAF,CLOSED_PF_LT60,2025-03-31,True,DIRECT,
1044777,0001628280-25-008750,20250227,ONESPAN INC.,2-ACC,AF,CLOSED,CLOSED_OPERATING_NON_SHELL,OPERATING,operating,CLOSED_UNIQUE,479950263.0,2024-06-30,c4f6a52766d5253bf4d7b7079e1d0e64daabe286c43abdb8c3a48b45563b2d1f,CLOSED_UNIQUE,235106000.0,CLOSED_UNIQUE,219006000.0,,AF,CLOSED_PRIOR_ACC_REV_GE80_REMAIN_AF,2025-03-17,True,DIRECT,
1045450,0001045450-25-000051,20250227,EPR PROPERTIES,1-LAF,LAF,CLOSED,CLOSED_OPERATING_NON_SHELL,OPERATING,operating,CLOSED_UNIQUE,3193189515.0,2024-06-30,8ba6c3081a9e752a41a44a6e62765033100c813e8cee7c33f88cf89a52ceb722,NO_WHITELIST_TOPLINE,,CLOSED_UNIQUE,658031000.0,,LAF,CLOSED_PF_GE700,2025-03-03,True,DIRECT,
10456,0001628280-25-007201,20250221,BAXTER INTERNATIONAL INC,1-LAF,LAF,CLOSED,CLOSED_OPERATING_NON_SHELL,OPERATING,operating,CLOSED_UNIQUE,17000000000.0,2024-06-30,becb2de8c0a3586088826c3d0d93ba90a7be1bf9a3a82ed0c7c67e2c88799b43,CLOSED_UNIQUE,14813000000.0,CLOSED_UNIQUE,15113000000.0,,LAF,CLOSED_PF_GE700,2025-03-03,True,DIRECT,
1046102,0001628280-25-008201,20250226,RB GLOBAL INC.,1-LAF,LAF,CLOSED,CLOSED_OPERATING_NON_SHELL,OPERATING,operating,CLOSED_UNIQUE,14038147940.0,2024-06-30,51b6061e42da401de84f527ee24ff90ecc5d397497870a96d9288a700bce6e5a,CLOSED_UNIQUE,3679600000.0,CLOSED_UNIQUE,1733808000.0,,LAF,CLOSED_PF_GE700,2025-03-03,True,DIRECT,
1046257,0001046257-25-000018,20250220,INGREDION INC,1-LAF,LAF,CLOSED,CLOSED_OPERATING_NON_SHELL,OPERATING,operating,CLOSED_UNIQUE,7478000000.0,2024-06-30,a2a7680d697b847da0c2946bbd1d8b867d507a33fb4bebc071c0dc7abc2e57ba,CLOSED_UNIQUE,8160000000.0,CLOSED_UNIQUE,7946000000.0,,LAF,CLOSED_PF_GE700,2025-03-03,True,DIRECT,
1046311,0001046311-25-000007,20250220,CHOICE HOTELS INTERNATIONAL INC /DE,1-LAF,LAF,CLOSED,CLOSED_OPERATING_NON_SHELL,OPERATING,operating,CLOSED_UNIQUE,3360334257.0,2024-06-28,52f6a85144efb48874ecebbeabb5624eaa1a10369d41351bb3cb8ec3000b5de3,CLOSED_UNIQUE,1544165000.0,CLOSED_UNIQUE,1401949000.0,,LAF,CLOSED_PF_GE700,2025-03-03,True,DIRECT,
1046568,0000950170-25-022187,20250218,PERDOCEO EDUCATION CORP,1-LAF,LAF,CLOSED,CLOSED_OPERATING_NON_SHELL,OPERATING,operating,CLOSED_UNIQUE,1150000000.0,2024-06-28,474a8ef829ad15987b45ff35fa7f202510563d2c2358b5ca7d58fed955f79231,CLOSED_UNIQUE,710004000.0,CLOSED_UNIQUE,695208000.0,,LAF,CLOSED_PF_GE700,2025-03-03,True,DIRECT,
1047127,0001047127-25-000030,20250221,"AMKOR TECHNOLOGY, INC.",1-LAF,LAF,CLOSED,CLOSED_OPERATING_NON_SHELL,OPERATING,operating,CLOSED_UNIQUE,4545000000.0,2024-06-30,f711245a90631833abecbd0d95c681fa392cd26755fa3f08f12f2d6b2bfe71b3,CLOSED_UNIQUE,6503065000.0,CLOSED_UNIQUE,7091585000.0,,LAF,CLOSED_PF_GE700,2025-03-03,True,DIRECT,
1047340,0001047340-25-000009,20250224,FRESH DEL MONTE PRODUCE INC,1-LAF,LAF,CLOSED,CLOSED_OPERATING_NON_SHELL,OPERATING,operating,CLOSED_UNIQUE,739018246.0,2024-06-28,17a69fe10a0129e97a440300415fc4d3bd36208bcc8d773bc9023f52bf1638b6,CLOSED_UNIQUE,4320700000.0,CLOSED_UNIQUE,4442300000.0,,LAF,CLOSED_PF_GE700,2025-03-03,True,DIRECT,
1048286,0001628280-25-004818,20250211,MARRIOTT INTERNATIONAL INC /MD/,1-LAF,LAF,CLOSED,CLOSED_OPERATING_NON_SHELL,OPERATING,operating,CLOSED_UNIQUE,56461271207.0,2024-06-30,8dc2cdb77ca5a595564230c193ef5c06a085df4ca00b4a14e453f12b71cce395,CLOSED_UNIQUE,23713000000.0,CLOSED_UNIQUE,20773000000.0,,LAF,CLOSED_PF_GE700,2025-03-03,True,DIRECT,
1048477,0001048477-25-000007,20250224,BIOMARIN PHARMACEUTICAL INC,1-LAF,LAF,CLOSED,CLOSED_OPERATING_NON_SHELL,OPERATING,operating,CLOSED_UNIQUE,8700000000.0,2024-06-28,a6c1677e9c44d5ba150a51c3244cbac5d82d0418048f7d6a2c082435ef3fcea5,CLOSED_UNIQUE,2419226000.0,CLOSED_UNIQUE,2096039000.0,,LAF,CLOSED_PF_GE700,2025-03-03,True,DIRECT,
104889,0000104889-25-000022,20250226,GRAHAM HOLDINGS CO,1-LAF,LAF,CLOSED,CLOSED_OPERATING_NON_SHELL,OPERATING,operating,CLOSED_UNIQUE,2356000000.0,2024-06-30,d875f724153ae62c32ef213c7ed7f0660219a9e7d2e60b20a5c6aa201a8a5ae8,CLOSED_UNIQUE,4414877000.0,CLOSED_UNIQUE,3924493000.0,,LAF,CLOSED_PF_GE700,2025-03-03,True,DIRECT,
104894,0000104894-25-000020,20250214,ELME COMMUNITIES,1-LAF,LAF,CLOSED,CLOSED_OPERATING_NON_SHELL,OPERATING,operating,CLOSED_UNIQUE,1385073718.0,2024-06-30,15099dd303f32b0c042fa53415d6b0da242484503844f76e1c9c291d19e176cb,NO_WHITELIST_TOPLINE,,NO_WHITELIST_TOPLINE,,,LAF,CLOSED_PF_GE700,2025-03-03,True,DIRECT,
104918,0000950170-25-027077,20250226,AVISTA CORP,1-LAF,LAF,CLOSED,CLOSED_OPERATING_NON_SHELL,OPERATING,operating,CLOSED_UNIQUE,2723880269.0,2024-06-30,6c97043c2feef4faebd075645b56e61e85e4cd7089e9409cfa44d01322d16b80,CLOSED_UNIQUE,1751554000.0,CLOSED_UNIQUE,1710207000.0,,LAF,CLOSED_PF_GE700,2025-03-03,True,DIRECT,
1049502,0000950170-25-026433,20250225,MKS INSTRUMENTS INC,1-LAF,LAF,CLOSED,CLOSED_OPERATING_NON_SHELL,OPERATING,operating,CLOSED_UNIQUE,8786410629.0,2024-06-30,eb88c717cfa1fa6a028d162941804a782e5c557f2912b5e6bab4a14e202943f2,CLOSED_UNIQUE,3622000000.0,CLOSED_UNIQUE,3547000000.0,,LAF,CLOSED_PF_GE700,2025-03-03,True,DIRECT,
1049606,0001558370-25-002264,20250305,COMPX INTERNATIONAL INC,4-NON,NAF,CLOSED,CLOSED_OPERATING_NON_SHELL,OPERATING,operating,CLOSED_UNIQUE,38600000.0,2024-06-30,5299b031020290b078a43574eb70290efc0ea79f5979b73b1e05745d662172e3,CLOSED_UNIQUE,161287000.0,CLOSED_UNIQUE,166562000.0,,NAF,CLOSED_PF_LT60,2025-03-31,True,DIRECT,
105016,0001193125-25-041730,20250228,WATSCO INC,1-LAF,LAF,CLOSED,CLOSED_OPERATING_NON_SHELL,OPERATING,operating,CLOSED_UNIQUE,16284000000.0,2024-06-30,af8b71bb5ca2b085cd6a86381b438cb3ea05ca43a481c58f4d20524f335add7d,CLOSED_UNIQUE,7283767000.0,CLOSED_UNIQUE,7274344000.0,,LAF,CLOSED_PF_GE700,2025-03-03,True,DIRECT,
1050377,0001558370-25-001382,20250224,PC CONNECTION INC,2-ACC,AF,CLOSED,CLOSED_OPERATING_NON_SHELL,OPERATING,operating,CLOSED_UNIQUE,775000000.0,2024-06-30,55f446f7e97be97bad92682b6aac980d4f49f7eb9001bbf299dcd7568be22694,CLOSED_UNIQUE,2850644000.0,CLOSED_UNIQUE,3124996000.0,,LAF,CLOSED_PF_GE700,2025-03-03,True,DIRECT,
1050446,0000950170-25-021814,20250218,MICROSTRATEGY INC,1-LAF,LAF,CLOSED,CLOSED_OPERATING_NON_SHELL,OPERATING,operating,CLOSED_UNIQUE,23499000000.0,2024-06-30,3f3ee385f88ec741b27a1d32f7c4cd873f8fbc6df22c4c1a2a405c3b43a137e5,CLOSED_UNIQUE,496261000.0,CLOSED_UNIQUE,499264000.0,,LAF,CLOSED_PF_GE700,2025-03-03,True,DIRECT,
1050797,0001050797-25-000023,20250227,COLUMBIA SPORTSWEAR CO,1-LAF,LAF,CLOSED,CLOSED_OPERATING_NON_SHELL,OPERATING,operating,CLOSED_UNIQUE,2334761479.0,2024-06-30,9c43b6e628a03371ecb8532272c048c82470e3981cad213a89d31c8f72f6bea3,NO_WHITELIST_TOPLINE,,NO_WHITELIST_TOPLINE,,,LAF,CLOSED_PF_GE700,2025-03-03,True,DIRECT,
1050915,0001050915-25-000005,20250220,"QUANTA SERVICES, INC.",1-LAF,LAF,CLOSED,CLOSED_OPERATING_NON_SHELL,OPERATING,operating,CLOSED_UNIQUE,36900000000.0,2024-06-28,76f798fe000320e55e34a96dc488cca0a1e2fa7dbb0bed8e68ab7a111a18cdee,CLOSED_UNIQUE,20882206000.0,CLOSED_UNIQUE,17073903000.0,,LAF,CLOSED_PF_GE700,2025-03-03,True,DIRECT,
1051470,0001051470-25-000089,20250314,CROWN CASTLE INC.,1-LAF,LAF,CLOSED,CLOSED_OPERATING_NON_SHELL,OPERATING,operating,CLOSED_UNIQUE,42400000000.0,2024-06-30,38847bd21cfcdc4f0618453e9c51f1f1bd24c0f16cc4bb8aaddf76ed3aff28a9,CLOSED_UNIQUE,6981000000.0,CLOSED_UNIQUE,6986000000.0,2025-02-25,LAF,CLOSED_PF_GE700,2025-03-03,True,12B25,
1051627,0001558370-25-003004,20250314,AXT INC,2-ACC,AF,CLOSED,CLOSED_OPERATING_NON_SHELL,OPERATING,operating,CLOSED_UNIQUE,119813368.0,2024-06-28,d78c63f95ced3869b1cda99fab8fbf7fbb3fd88f75781e8f9dab6cab13afdfc1,CLOSED_UNIQUE,75795000.0,CLOSED_UNIQUE,141118000.0,,NAF,CLOSED_PRIOR_ACC_REV_LT80_EXIT_NAF,2025-03-31,True,DIRECT,
1052752,0000950170-25-019976,20250213,GETTY REALTY CORP /MD/,1-LAF,LAF,CLOSED,CLOSED_OPERATING_NON_SHELL,OPERATING,operating,CLOSED_UNIQUE,1312200000.0,2024-06-30,03076d6bad0f6a6bb5ed14e051fa6dc5c8dad6ffa1c8abc2124e7f57f4ea350e,CLOSED_UNIQUE,185846000.0,CLOSED_UNIQUE,165588000.0,,LAF,CLOSED_PF_GE700,2025-03-03,True,DIRECT,
1053507,0001053507-25-000025,20250225,AMERICAN TOWER CORP /MA/,1-LAF,LAF,CLOSED,CLOSED_OPERATING_NON_SHELL,OPERATING,operating,CLOSED_UNIQUE,90700000000.0,2024-06-30,8773110282fca09ac4a4d68a98745dfd87bea01e2eb9514d9b177d128c253fc8,CLOSED_UNIQUE,11144200000.0,CLOSED_UNIQUE,10711100000.0,,LAF,CLOSED_PF_GE700,2025-03-03,True,DIRECT,
1053706,0001053706-25-000007,20250220,"CRA INTERNATIONAL, INC.",2-ACC,AF,CLOSED,CLOSED_OPERATING_NON_SHELL,OPERATING,operating,CLOSED_UNIQUE,1100000000.0,2024-06-29,9ebab35d6d038c57d347e3c081be12ccc20a2e7969c745c31d94a062c7c60de2,CLOSED_UNIQUE,623976000.0,CLOSED_UNIQUE,590901000.0,,LAF,CLOSED_PF_GE700,2025-03-03,True,DIRECT,
105418,0000105418-25-000014,20250226,WEIS MARKETS INC,1-LAF,LAF,CLOSED,CLOSED_OPERATING_NON_SHELL,OPERATING,operating,CLOSED_UNIQUE,593000000.0,2024-06-29,764f90451f187a43afb0fa61c569fcfd8a0e99e21103819faa1e4791154807d7,CLOSED_UNIQUE,4696950000.0,CLOSED_UNIQUE,4695943000.0,,LAF,CLOSED_PRIOR_LAF_PF_GE560,2025-03-03,True,DIRECT,
1054905,0000950170-25-022803,20250219,INNOSPEC INC.,1-LAF,LAF,CLOSED,CLOSED_OPERATING_NON_SHELL,OPERATING,operating,CLOSED_UNIQUE,1674000000.0,2024-06-30,83d3b2e336d753d55e36c84ec599b03f3632217f58e1a9cddb76e288d2f31ef2,CLOSED_UNIQUE,1948800000.0,CLOSED_UNIQUE,1963700000.0,,LAF,CLOSED_PF_GE700,2025-03-03,True,DIRECT,
1055160,0001055160-25-000004,20250220,"MFA FINANCIAL, INC.",1-LAF,LAF,CLOSED,CLOSED_OPERATING_NON_SHELL,OPERATING,operating,CLOSED_UNIQUE,1100000000.0,2024-06-28,a6e60e313019d60a3196e4210a7e2068e54046d0b7711871d0e3a99d866954c1,NO_WHITELIST_TOPLINE,,NO_WHITELIST_TOPLINE,,,LAF,CLOSED_PF_GE700,2025-03-03,True,DIRECT,
1056288,0001056288-25-000004,20250228,"FEDERATED HERMES, INC.",1-LAF,LAF,CLOSED,CLOSED_OPERATING_NON_SHELL,OPERATING,operating,CLOSED_UNIQUE,2600000000.0,2024-06-30,a5fd2336b264baac804887be8d8583ad61091cd76080789a8b419d174b21a3cf,CLOSED_UNIQUE,1609574000.0,CLOSED_UNIQUE,1445814000.0,,LAF,CLOSED_PF_GE700,2025-03-03,True,DIRECT,
105634,0000105634-25-000015,20250226,"EMCOR GROUP, INC.",1-LAF,LAF,CLOSED,CLOSED_OPERATING_NON_SHELL,OPERATING,operating,CLOSED_UNIQUE,10817000000.0,2024-06-30,d28e8819f72f13990d201317f02eaf8f463a25a84910deded988f6c73d33a798,CLOSED_UNIQUE,12582873000.0,CLOSED_UNIQUE,11076120000.0,,LAF,CLOSED_PF_GE700,2025-03-03,True,DIRECT,
1056358,0001056358-25-000018,20250326,MANNATECH INC,4-NON,NAF,CLOSED,CLOSED_OPERATING_NON_SHELL,OPERATING,operating,CLOSED_UNIQUE,7792238.0,2024-06-30,8c5cf524beb3aef7a50aa32fb1dadcdfe5fcafc1ed488e926009c554071a8c48,NO_WHITELIST_TOPLINE,,NO_WHITELIST_TOPLINE,,,NAF,CLOSED_PF_LT60,2025-03-31,True,DIRECT,
1057352,0001057352-25-000016,20250220,"COSTAR GROUP, INC.",1-LAF,LAF,CLOSED,CLOSED_OPERATING_NON_SHELL,OPERATING,operating,CLOSED_UNIQUE,30100000000.0,2024-06-30,c9c844866168e18f42c6c99b9f5beb4725a0948b0f25813fad4e9b72a6b62d4e,CLOSED_UNIQUE,2455000000.0,CLOSED_UNIQUE,2182399000.0,,LAF,CLOSED_PF_GE700,2025-03-03,True,DIRECT,
1057379,0000950170-25-030037,20250228,"HACKETT GROUP, INC.",2-ACC,AF,CLOSED,CLOSED_OPERATING_NON_SHELL,OPERATING,operating,CLOSED_UNIQUE,126269893.0,2024-06-28,3b983b4026065dab2ac86771fde67e2ba0d77d71f5772018929c0c80f95aa448,CLOSED_UNIQUE,296590000.0,CLOSED_UNIQUE,293742000.0,,AF,CLOSED_PRIOR_ACC_REV_GE80_REMAIN_AF,2025-03-17,True,DIRECT,
105744,0001214659-25-004675,20250324,"NEW CONCEPT ENERGY, INC.",4-NON,NAF,CLOSED,CLOSED_OPERATING_NON_SHELL,OPERATING,operating,CLOSED_UNIQUE,5972000.0,2024-06-30,7d7a59ba732f5bc29b603413c7facbfff9534df3e8ed33b89eca38b9f09fe198,CLOSED_UNIQUE,152000.0,CLOSED_UNIQUE,212000.0,,NAF,CLOSED_PF_LT60,2025-03-31,True,DIRECT,
105770,0000105770-25-000013,20250218,WEST PHARMACEUTICAL SERVICES INC,1-LAF,LAF,CLOSED,CLOSED_OPERATING_NON_SHELL,OPERATING,operating,CLOSED_UNIQUE,23900000000.0,2024-06-30,b6f1ff7eccbd2b134bb98dfdc612195add0784b7f7776ba894a97ef2cbda1b4c,CLOSED_UNIQUE,2949800000.0,CLOSED_UNIQUE,2886900000.0,,LAF,CLOSED_PF_GE700,2025-03-03,True,DIRECT,
1057706,0001057706-25-000002,20250228,FIRST BANCORP /PR/,1-LAF,LAF,CLOSED,CLOSED_OPERATING_NON_SHELL,OPERATING,operating,CLOSED_UNIQUE,2867797634.0,2024-06-30,6c2503bd04b415a6a292b591f53771dbf7dd397512c5b913c087448af0b21e0f,NO_WHITELIST_TOPLINE,,NO_WHITELIST_TOPLINE,,,LAF,CLOSED_PF_GE700,2025-03-03,True,DIRECT,
1058090,0001058090-25-000014,20250205,CHIPOTLE MEXICAN GRILL INC,1-LAF,LAF,CLOSED,CLOSED_OPERATING_NON_SHELL,OPERATING,operating,CLOSED_UNIQUE,72256000000.0,2024-06-30,52b774a6470e0d6a0c6e850c5953d05852779d145cb95157c5d27ddbbf74e3c8,CLOSED_UNIQUE,9871649000.0,CLOSED_UNIQUE,8634652000.0,,LAF,CLOSED_PF_GE700,2025-03-03,True,DIRECT,
1058290,0001058290-25-000017,20250212,COGNIZANT TECHNOLOGY SOLUTIONS CORP,1-LAF,LAF,CLOSED,CLOSED_OPERATING_NON_SHELL,OPERATING,operating,CLOSED_UNIQUE,33700000000.0,2024-06-30,f3045b5fe1744aa51231f66d8e89bee8c197c8ec3f34cdae129a501da8d0cd00,CLOSED_UNIQUE,19353000000.0,CLOSED_UNIQUE,19428000000.0,,LAF,CLOSED_PF_GE700,2025-03-03,True,DIRECT,
1058307,0001437749-25-008787,20250324,NEXTPLAT CORP,4-NON,NAF,CLOSED,CLOSED_OPERATING_NON_SHELL,OPERATING,operating,CLOSED_UNIQUE,19400000.0,2024-06-30,efcae139ab213b5fc794dbae3f43227edaa1a8740d78846a3891a26038e3225f,CLOSED_UNIQUE,37756000.0,CLOSED_UNIQUE,11710142.0,,NAF,CLOSED_PF_LT60,2025-03-31,True,DIRECT,
1058623,0001058623-25-000031,20250227,CUMULUS MEDIA INC,2-ACC,AF,CLOSED,CLOSED_OPERATING_NON_SHELL,OPERATING,operating,CLOSED_UNIQUE,32700000.0,2024-06-30,b7e398a10860364bbbc5cdeb5a3b14c69ead598d2d186282d64bc15b3a20cd81,CLOSED_UNIQUE,844548000.0,CLOSED_UNIQUE,953506000.0,,NAF,CLOSED_PF_LT60,2025-03-31,True,DIRECT,
1059142,0000950170-25-023761,20250220,GREYSTONE HOUSING IMPACT INVESTORS LP,4-NON,NAF,CLOSED,CLOSED_OPERATING_NON_SHELL,OPERATING,operating,CLOSED_UNIQUE,344931446.0,2024-06-30,769f50ec2cb7c35d729c3bd2e952255cff75751c38c9e6418795cc48db9a7209,CLOSED_UNIQUE,104900664.0,CLOSED_UNIQUE,81073577.0,,AF,CLOSED_PRIOR_NON_REV_GE100_ENTER_AF,2025-03-17,True,DIRECT,
1059556,0001059556-25-000025,20250214,MOODYS CORP /DE/,1-LAF,LAF,CLOSED,CLOSED_OPERATING_NON_SHELL,OPERATING,operating,CLOSED_UNIQUE,77000000000.0,2024-06-30,cb677394b9e77573e1dddd11229232ff852208ad27278c41767f4072d50ede35,CLOSED_UNIQUE,5916000000.0,CLOSED_UNIQUE,5468000000.0,,LAF,CLOSED_PF_GE700,2025-03-03,True,DIRECT,
1060391,0001060391-25-000091,20250214,"REPUBLIC SERVICES, INC.",1-LAF,LAF,CLOSED,CLOSED_OPERATING_NON_SHELL,OPERATING,operating,CLOSED_UNIQUE,61000000000.0,2024-06-30,12567d7012b22021333680b5f087555e5838a002f550baa0926924988cdbd9d4,CLOSED_UNIQUE,14964500000.0,CLOSED_UNIQUE,13511300000.0,,LAF,CLOSED_PF_GE700,2025-03-03,True,DIRECT,
1060822,0001060822-25-000030,20250225,CARTERS INC,1-LAF,LAF,CLOSED,CLOSED_OPERATING_NON_SHELL,OPERATING,operating,CLOSED_UNIQUE,2173597502.0,2024-06-29,f160fbe9a2cb3991747e6032634c255f7bb1b5a16ff4df97058bf58a59915209,CLOSED_UNIQUE,2945594000.0,CLOSED_UNIQUE,3212733000.0,,LAF,CLOSED_PF_GE700,2025-03-03,True,DIRECT,
1061219,0001061219-25-000006,20250228,ENTERPRISE PRODUCTS PARTNERS L.P.,1-LAF,LAF,CLOSED,CLOSED_OPERATING_NON_SHELL,OPERATING,operating,CLOSED_UNIQUE,42550000000.0,2024-06-28,627dc53e34524f60c6e7b9805b377d06ec281edd4dfc3a3409cd7cc4a6c19153,CLOSED_UNIQUE,49715000000.0,CLOSED_UNIQUE,58186000000.0,,LAF,CLOSED_PF_GE700,2025-03-03,True,DIRECT,
1061630,0001061630-25-000024,20250212,"BLACKSTONE MORTGAGE TRUST, INC.",1-LAF,LAF,CLOSED,CLOSED_OPERATING_NON_SHELL,OPERATING,operating,CLOSED_UNIQUE,2900000000.0,2024-06-28,366005fea3ae0997dbc98c55c2f2d86c4371d5b88d6810d00b5800f3ded04fca,NO_WHITELIST_TOPLINE,,NO_WHITELIST_TOPLINE,,,LAF,CLOSED_PF_GE700,2025-03-03,True,DIRECT,
1061983,0000950170-25-029206,20250227,CYTOKINETICS INC,1-LAF,LAF,CLOSED,CLOSED_OPERATING_NON_SHELL,OPERATING,operating,CLOSED_UNIQUE,5600000000.0,2024-06-28,025aa527fd2aa5feb551d6043f4befd7af8186ec18a7a095c2e3c8f18d6c2115,CLOSED_UNIQUE,7530000.0,CLOSED_UNIQUE,94588000.0,,LAF,CLOSED_PF_GE700,2025-03-03,True,DIRECT,
1062231,0001062231-25-000008,20250214,AMERICAN AXLE & MANUFACTURING HOLDINGS INC,1-LAF,LAF,CLOSED,CLOSED_OPERATING_NON_SHELL,OPERATING,operating,CLOSED_UNIQUE,802200000.0,2024-06-30,c5824fbb1acf496c86eec2ba9dc6a83aaa566933ff0f44453311f6db8133d902,CLOSED_UNIQUE,6079500000.0,CLOSED_UNIQUE,5802400000.0,,LAF,CLOSED_PF_GE700,2025-03-03,True,DIRECT,
1064728,0001064728-25-000018,20250220,PEABODY ENERGY CORP,1-LAF,LAF,CLOSED,CLOSED_OPERATING_NON_SHELL,OPERATING,operating,CLOSED_UNIQUE,2100000000.0,2024-06-30,177c162c6fa311eb0575a506582780af65ff4f1301946a251dc84ecaeda69cd2,NO_WHITELIST_TOPLINE,,CLOSED_UNIQUE,4981900000.0,,LAF,CLOSED_PF_GE700,2025-03-03,True,DIRECT,
1065059,0001065059-25-000006,20250207,CENTRUS ENERGY CORP,2-ACC,AF,CLOSED,CLOSED_OPERATING_NON_SHELL,OPERATING,operating,CLOSED_UNIQUE,614200000.0,2024-06-30,3ff52f40b1f642bca218fdec47561bd26aa78d99f121ce9cf93e922fb5c0f745,CLOSED_UNIQUE,320200000.0,CLOSED_UNIQUE,293800000.0,,AF,CLOSED_PRIOR_ACC_REV_GE80_REMAIN_AF,2025-03-17,True,DIRECT,
1065078,0001072613-25-000187,20250228,"NETWORK-1 TECHNOLOGIES, INC.",4-NON,NAF,CLOSED,CLOSED_OPERATING_NON_SHELL,OPERATING,operating,CLOSED_UNIQUE,28027116.0,2024-06-30,b9550c6c8ea37d99aa767501e3ddedd5375f10791e3e9c15d90b0733f2afe267,CLOSED_UNIQUE,2601000.0,NO_WHITELIST_TOPLINE,,,NAF,CLOSED_PF_LT60,2025-03-31,True,DIRECT,
1065280,0001065280-25-000044,20250127,NETFLIX INC,1-LAF,LAF,CLOSED,CLOSED_OPERATING_NON_SHELL,OPERATING,operating,CLOSED_UNIQUE,287180927160.0,2024-06-30,291f7c867d8001a6928d2b1c7089a590c2a98dcd1931acec69d2c068f952deb2,CLOSED_UNIQUE,33723297000.0,CLOSED_UNIQUE,31615550000.0,,LAF,CLOSED_PF_GE700,2025-03-03,True,DIRECT,
106532,0001558370-25-002984,20250314,WEYCO GROUP INC,2-ACC,AF,CLOSED,CLOSED_OPERATING_NON_SHELL,OPERATING,operating,CLOSED_UNIQUE,180145000.0,2024-06-30,a96315538f725b3e9bc9857eb115a83c7f6f44aa71a3716ec7ace8d407174838,CLOSED_UNIQUE,318048000.0,CLOSED_UNIQUE,351737000.0,,AF,CLOSED_PRIOR_ACC_REV_GE80_REMAIN_AF,2025-03-17,True,DIRECT,
106535,0000950170-25-021254,20250214,WEYERHAEUSER CO,1-LAF,LAF,CLOSED,CLOSED_OPERATING_NON_SHELL,OPERATING,operating,CLOSED_UNIQUE,20600000000.0,2024-06-30,5724acc2f08a13f3112517206610c38f23cfb7f99910426f78236dd020c220b9,NO_WHITELIST_TOPLINE,,NO_WHITELIST_TOPLINE,,,LAF,CLOSED_PF_GE700,2025-03-03,True,DIRECT,
1065696,0001065696-25-000015,20250220,LKQ CORP,1-LAF,LAF,CLOSED,CLOSED_OPERATING_NON_SHELL,OPERATING,operating,CLOSED_UNIQUE,10900000000.0,2024-06-30,eb3e038bdd11a73c7a4260306f7cab5554a62a7a3700355c7467332797d70831,CLOSED_UNIQUE,13866000000.0,CLOSED_UNIQUE,12794000000.0,,LAF,CLOSED_PF_GE700,2025-03-03,True,DIRECT,
1065837,0000950170-25-030016,20250228,SKECHERS USA INC,1-LAF,LAF,CLOSED,CLOSED_OPERATING_NON_SHELL,OPERATING,operating,CLOSED_UNIQUE,6800000000.0,2024-06-30,b372695c03cba4e3bf026f19c3976e9a5d1ca2d512e191561dc7b91e2a1a9d12,CLOSED_UNIQUE,8000342000.0,CLOSED_UNIQUE,7444550000.0,,LAF,CLOSED_PF_GE700,2025-03-03,True,DIRECT,
106640,0000106640-25-000011,20250213,WHIRLPOOL CORP /DE/,1-LAF,LAF,CLOSED,CLOSED_OPERATING_NON_SHELL,OPERATING,operating,CLOSED_UNIQUE,5419952977.0,2024-06-30,c38f2d5c65d54313bfbd71c48565290c9119e2c1320625880b2a33351699c2e4,CLOSED_UNIQUE,19455000000.0,CLOSED_UNIQUE,19724000000.0,,LAF,CLOSED_PF_GE700,2025-03-03,True,DIRECT,
1066605,0001066605-25-000017,20250303,HEIDRICK & STRUGGLES INTERNATIONAL INC,2-ACC,AF,CLOSED,CLOSED_OPERATING_NON_SHELL,OPERATING,operating,CLOSED_UNIQUE,527101000.0,2024-06-28,46d1b23fcaf39e340fe18bf73f97c6e155fed6ef1599b3e837a5fa414f7a115b,CLOSED_UNIQUE,1041182000.0,CLOSED_UNIQUE,1083586000.0,,AF,CLOSED_PRIOR_ACC_REV_GE80_REMAIN_AF,2025-03-17,True,DIRECT,
1066764,0001641172-25-013018,20250530,BIMERGEN ENERGY CORP,4-NON,NAF,CLOSED,CLOSED_OPERATING_NON_SHELL,OPERATING,operating,CLOSED_UNIQUE,10000000.0,2024-06-28,af6d54ebfc6679e8c7846e13e618ecf30209b3d4afa9333f6e364117cfac08e2,CLOSED_UNIQUE,308.0,CLOSED_UNIQUE,26197.0,2025-03-31,NAF,CLOSED_PF_LT60,2025-03-31,False,LATE,
1066923,0001213900-25-032096,20250415,FUTURE FINTECH GROUP INC.,4-NON,NAF,CLOSED,CLOSED_OPERATING_NON_SHELL,OPERATING,operating,CLOSED_UNIQUE,7540000.0,2024-06-28,8d43c718ce7d6b8ebf6b1a345a260575848bc90cccd939388eadae83902cf200,CLOSED_UNIQUE,34865553.0,CLOSED_UNIQUE,23881006.0,2025-03-31,NAF,CLOSED_PF_LT60,2025-03-31,True,12B25,
1067983,0000950170-25-025210,20250224,BERKSHIRE HATHAWAY INC,1-LAF,LAF,CLOSED,CLOSED_OPERATING_NON_SHELL,OPERATING,operating,CLOSED_UNIQUE,749400000000.0,2024-06-30,85d0a74e36c071d9fc039ee45965c262bfeac9a3ab7ecf68fc86eb769cc4ce3d,CLOSED_UNIQUE,364482000000.0,CLOSED_UNIQUE,302089000000.0,,LAF,CLOSED_PF_GE700,2025-03-03,True,DIRECT,
1068148,0001068148-25-000003,20250306,PARK OHIO INDUSTRIES INC/OH,4-NON,NAF,CLOSED,CLOSED_OPERATING_NON_SHELL,OPERATING,operating,CLOSED_UNIQUE,0.0,2024-06-30,6a8e4fa17b1dea237cfe296bfaa65531349b1b192f9a0b284bccb6c7496b51d0,CLOSED_UNIQUE,1659700000.0,CLOSED_UNIQUE,1492900000.0,,NAF,CLOSED_PF_LT60,2025-03-31,True,DIRECT,
1068851,0000950170-25-029222,20250227,PROSPERITY BANCSHARES INC,1-LAF,LAF,CLOSED,CLOSED_OPERATING_NON_SHELL,OPERATING,operating,CLOSED_UNIQUE,5580000000.0,2024-06-30,7d1c882d17231ec4f7e8604b06f9cb8d10f7b1e27c4fd2ef52780ce22288e57d,NO_WHITELIST_TOPLINE,,NO_WHITELIST_TOPLINE,,,LAF,CLOSED_PF_GE700,2025-03-03,True,DIRECT,
1069157,0001069157-25-000025,20250228,EAST WEST BANCORP INC,1-LAF,LAF,CLOSED,CLOSED_OPERATING_NON_SHELL,OPERATING,operating,CLOSED_UNIQUE,10044106703.0,2024-06-28,630f877d7642ef7a39321f5224751ade923e57030b4e847d8afee8b44b95e89d,NO_WHITELIST_TOPLINE,,NO_WHITELIST_TOPLINE,,,LAF,CLOSED_PF_GE700,2025-03-03,True,DIRECT,
1069202,0001628280-25-004859,20250211,LENNOX INTERNATIONAL INC,1-LAF,LAF,CLOSED,CLOSED_OPERATING_NON_SHELL,OPERATING,operating,CLOSED_UNIQUE,17100000000.0,2024-06-30,d18b0a134f89bc12d1450fddc228ad727bdec60d2b264abf2657fda15f711175,CLOSED_UNIQUE,4981900000.0,CLOSED_UNIQUE,4718400000.0,,LAF,CLOSED_PF_GE700,2025-03-03,True,DIRECT,
1069258,0001069258-25-000008,20250226,"KRATOS DEFENSE & SECURITY SOLUTIONS, INC.",1-LAF,LAF,CLOSED,CLOSED_OPERATING_NON_SHELL,OPERATING,operating,CLOSED_UNIQUE,3000000000.0,2024-06-28,b517b2bd30857b78796bfeda067a0347094f4eb809d9a314afbf34187bb0770a,CLOSED_UNIQUE,1037100000.0,CLOSED_UNIQUE,898300000.0,,LAF,CLOSED_PF_GE700,2025-03-03,True,DIRECT,
1069394,0001641172-25-001675,20250331,FLEXIBLE SOLUTIONS INTERNATIONAL INC,4-NON,NAF,CLOSED,CLOSED_OPERATING_NON_SHELL,OPERATING,operating,CLOSED_UNIQUE,19992921.0,2024-06-30,5466eb3677afd3362937568e34acd457d45ea339fb4e9f7eb4eef3f5e5f40f45,CLOSED_UNIQUE,38324806.0,CLOSED_UNIQUE,45840469.0,,NAF,CLOSED_PF_LT60,2025-03-31,True,DIRECT,
1069878,0000950170-25-025780,20250224,TREX CO INC,1-LAF,LAF,CLOSED,CLOSED_OPERATING_NON_SHELL,OPERATING,operating,CLOSED_UNIQUE,8000000000.0,2024-06-28,a3f38cb99d169b074b207c0670b4bc00ef0e294ccab445c3ec02954f863fb9a9,CLOSED_UNIQUE,1094837000.0,CLOSED_UNIQUE,1106043000.0,,LAF,CLOSED_PF_GE700,2025-03-03,True,DIRECT,
1070050,0001683168-25-002130,20250331,APPTECH PAYMENTS CORP.,4-NON,NAF,CLOSED,CLOSED_OPERATING_NON_SHELL,OPERATING,operating,CLOSED_UNIQUE,19000000.0,2024-06-30,a5842b643b9fbdc526070385f6d119314080d58285f9ddd03d7f62cd6b79c385,CLOSED_UNIQUE,504000.0,CLOSED_UNIQUE,450.0,,NAF,CLOSED_PF_LT60,2025-03-31,True,DIRECT,
1070081,0001070081-25-000012,20250227,"PTC THERAPEUTICS, INC.",1-LAF,LAF,CLOSED,CLOSED_OPERATING_NON_SHELL,OPERATING,operating,CLOSED_UNIQUE,1733690074.0,2024-06-28,bb4e5a2bf00b9a173dabdea80692f6f50c228df6c206deb38c4fa72847570f80,CLOSED_UNIQUE,937822000.0,CLOSED_UNIQUE,698801000.0,,LAF,CLOSED_PF_GE700,2025-03-03,True,DIRECT,
1070412,0001070412-25-000049,20250211,CNX RESOURCES CORP,1-LAF,LAF,CLOSED,CLOSED_OPERATING_NON_SHELL,OPERATING,operating,CLOSED_UNIQUE,2800604111.0,2024-06-28,eb3b3a4b7cb7fd49be9ff6809d909a3e7fa17b76da6c4a84e6b41525f8a1503e,NO_WHITELIST_TOPLINE,,NO_WHITELIST_TOPLINE,,,LAF,CLOSED_PF_GE700,2025-03-03,True,DIRECT,
1070423,0001070423-25-000006,20250228,PLAINS ALL AMERICAN PIPELINE LP,1-LAF,LAF,CLOSED,CLOSED_OPERATING_NON_SHELL,OPERATING,operating,CLOSED_UNIQUE,8300000000.0,2024-06-28,620af92cee0a6accb934dd7ae8f5287c843715ceb4bf3a72841db5cc00265cf1,CLOSED_UNIQUE,48712000000.0,CLOSED_UNIQUE,57342000000.0,,LAF,CLOSED_PF_GE700,2025-03-03,True,DIRECT,
1070494,0000950170-25-029253,20250227,ACADIA PHARMACEUTICALS INC,1-LAF,LAF,CLOSED,CLOSED_OPERATING_NON_SHELL,OPERATING,operating,CLOSED_UNIQUE,2000000000.0,2024-06-28,4e8973c474c973f671242809fe003d8707fcc5e6dbc7d2bc45c4aad5b13ae34d,CLOSED_UNIQUE,726437000.0,CLOSED_UNIQUE,517235000.0,,LAF,CLOSED_PF_GE700,2025-03-03,True,DIRECT,
1070985,0000950170-25-024745,20250221,"CORECIVIC, INC.",1-LAF,LAF,CLOSED,CLOSED_OPERATING_NON_SHELL,OPERATING,operating,CLOSED_UNIQUE,1401617393.0,2024-06-30,d269453f160f12a60ec87fd10ead1062331a2d809ca9bcea5c882d8d9981d56a,CLOSED_UNIQUE,1896635000.0,CLOSED_UNIQUE,1845329000.0,,LAF,CLOSED_PF_GE700,2025-03-03,True,DIRECT,
1071739,0001071739-25-000027,20250218,CENTENE CORP,1-LAF,LAF,CLOSED,CLOSED_OPERATING_NON_SHELL,OPERATING,operating,CLOSED_UNIQUE,34900000000.0,2024-06-30,f016a33774d412df0bf3240a40c5dcb36960ea2f3358f1c8d3ffcb5828101410,CONFLICTING_WHITELIST_VALUES,,CONFLICTING_WHITELIST_VALUES,,,LAF,CLOSED_PF_GE700,2025-03-03,True,DIRECT,
1072379,0001410578-25-000598,20250331,NORTHWEST BIOTHERAPEUTICS INC,1-LAF,LAF,CLOSED,CLOSED_OPERATING_NON_SHELL,OPERATING,operating,CLOSED_UNIQUE,510810000.0,2024-06-30,43d15bfe8052d07d1d9afbed2eaa5f96dd57d53ce6974e0a9e8a5f12ad41d634,CLOSED_UNIQUE,1932000.0,CLOSED_UNIQUE,1683000.0,,NAF,CLOSED_PRIOR_LAF_REV_LT80_EXIT_NAF,2025-03-31,True,DIRECT,
1072627,0001437749-25-008039,20250317,KINGSWAY FINANCIAL SERVICES INC,4-NON,NAF,CLOSED,CLOSED_OPERATING_NON_SHELL,OPERATING,operating,CLOSED_UNIQUE,103913140.0,2024-06-30,a6202e2eeee45e7da4bebd6505d0d00a4c28655f761318f85461cfb08210431b,CLOSED_UNIQUE,103244000.0,CLOSED_UNIQUE,93280000.0,,AF,CLOSED_PRIOR_NON_REV_GE100_ENTER_AF,2025-03-17,True,DIRECT,
1075415,0001075415-25-000012,20250225,DIVERSIFIED HEALTHCARE TRUST,2-ACC,AF,CLOSED,CLOSED_OPERATING_NON_SHELL,OPERATING,operating,CLOSED_UNIQUE,660400000.0,2024-06-28,0f1479f3b7843b5a45a811950eb7e46dea6f81443b5fcc60c945aaa4388212b5,CLOSED_UNIQUE,1410308000.0,CLOSED_UNIQUE,1283566000.0,,AF,CLOSED_PRIOR_ACC_REV_GE80_REMAIN_AF,2025-03-17,True,DIRECT,
1075531,0001075531-25-000010,20250220,BOOKING HOLDINGS INC.,1-LAF,LAF,CLOSED,CLOSED_OPERATING_NON_SHELL,OPERATING,operating,CLOSED_UNIQUE,133100000000.0,2024-06-30,b83fbf32737713dac864a4a1702fa50ce1d5862fd39dddf59966013be385b8df,CLOSED_UNIQUE,21365000000.0,CLOSED_UNIQUE,17090000000.0,,LAF,CLOSED_PF_GE700,2025-03-03,True,DIRECT,
1075736,0001654954-25-002287,20250304,"CREXENDO, INC.",4-NON,NAF,CLOSED,CLOSED_OPERATING_NON_SHELL,OPERATING,operating,CLOSED_UNIQUE,36692.0,2024-06-30,8dab64c2a8f9ae13aa9e3151b373bcc6d21c1dd6daaac4c0db8d721642a7ac72,CLOSED_UNIQUE,53199000.0,CLOSED_UNIQUE,37554000.0,,NAF,CLOSED_PF_LT60,2025-03-31,True,DIRECT,
1076930,0000950170-25-026131,20250225,NOVANTA INC,1-LAF,LAF,CLOSED,CLOSED_OPERATING_NON_SHELL,OPERATING,operating,CLOSED_UNIQUE,4410636958000.0,2024-06-28,ddc2a4e50bad2e09e7d97bccf3271a33ab58d430549f8b9818e8224014f36771,CLOSED_UNIQUE,881662000.0,CLOSED_UNIQUE,860903000.0,,LAF,CLOSED_PF_GE700,2025-03-03,True,DIRECT,
1077183,0001077183-25-000028,20250218,NEOGENOMICS INC,1-LAF,LAF,CLOSED,CLOSED_OPERATING_NON_SHELL,OPERATING,operating,CLOSED_UNIQUE,1300000000.0,2024-06-30,a7d5ee36a4907e2a1960dca7992a1c6bcce195bd0abb77807680aae7871923d3,CLOSED_UNIQUE,591643000.0,CLOSED_UNIQUE,509728000.0,,LAF,CLOSED_PF_GE700,2025-03-03,True,DIRECT,
1077428,0001077428-25-000036,20250211,TEXAS CAPITAL BANCSHARES INC/TX,1-LAF,LAF,CLOSED,CLOSED_OPERATING_NON_SHELL,OPERATING,operating,CLOSED_UNIQUE,2779596000.0,2024-06-30,55f2d8427cfdfbcc4c786aeb22876d88753996f14c237d22cc00725d78a98776,NO_WHITELIST_TOPLINE,,NO_WHITELIST_TOPLINE,,,LAF,CLOSED_PF_GE700,2025-03-03,True,DIRECT,
107815,0000107815-25-000105,20250221,WISCONSIN ELECTRIC POWER CO,4-NON,NAF,CLOSED,CLOSED_OPERATING_NON_SHELL,OPERATING,operating,CLOSED_UNIQUE,0.0,2024-06-30,5376c86e827b721a5380d37bf0e1e0da2e26b9eabeedb48866215fcd2721170b,CLOSED_UNIQUE,4045000000.0,CLOSED_UNIQUE,4070300000.0,,NAF,CLOSED_PF_LT60,2025-03-31,True,DIRECT,
107833,0000107815-25-000107,20250221,WISCONSIN PUBLIC SERVICE CORP,4-NON,NAF,CLOSED,CLOSED_OPERATING_NON_SHELL,OPERATING,operating,CLOSED_UNIQUE,0.0,2024-06-30,dae7403719414960d9210c394afbb0c2fdda7166491f04f72b70bd6767a5234f,CLOSED_UNIQUE,1681400000.0,CLOSED_UNIQUE,1785200000.0,,NAF,CLOSED_PF_LT60,2025-03-31,True,DIRECT,
1080340,0001493152-25-009931,20250312,"MANHATTAN BRIDGE CAPITAL, INC",4-NON,NAF,CLOSED,CLOSED_OPERATING_NON_SHELL,OPERATING,operating,CLOSED_UNIQUE,44367185.0,2024-06-28,27d36b9c102940710676a4415daef6a71f903339f2887fea8d244174c0899bfe,CLOSED_UNIQUE,9796256.0,CLOSED_UNIQUE,8570964.0,,NAF,CLOSED_PF_LT60,2025-03-31,True,DIRECT,
1080448,0001683168-25-002359,20250409,PATRIOT GOLD CORP,4-NON,NAF,CLOSED,CLOSED_OPERATING_NON_SHELL,OPERATING,operating,CLOSED_UNIQUE,2211098.0,2024-06-30,b17df048554402397a10f2f8648cbfc192d952f4063a7448271b40e383143835,CLOSED_UNIQUE,1930348.0,CLOSED_UNIQUE,1786040.0,2025-03-31,NAF,CLOSED_PF_LT60,2025-03-31,True,12B25,
1080657,0001437749-25-010185,20250331,"PRESIDIO PROPERTY TRUST, INC.",4-NON,NAF,CLOSED,CLOSED_OPERATING_NON_SHELL,OPERATING,operating,CLOSED_UNIQUE,8300000.0,2024-06-30,c61bdfdc050199328b7d748d70416c751fbf43e90b0b16c690b9b6401064b4b0,CLOSED_UNIQUE,17635614.0,CLOSED_UNIQUE,17764281.0,,NAF,CLOSED_PF_LT60,2025-03-31,True,DIRECT,
1081745,0001641172-25-000274,20250324,"INTELLINETICS, INC.",4-NON,NAF,CLOSED,CLOSED_OPERATING_NON_SHELL,OPERATING,operating,CLOSED_UNIQUE,17355181.0,2024-06-30,bcbd04e0ed11ee6d82f18981ade9f7c50c4681e359bb3f1d998702837affba20,CLOSED_UNIQUE,16886381.0,CLOSED_UNIQUE,14016928.0,,NAF,CLOSED_PF_LT60,2025-03-31,True,DIRECT,
1081938,0001654954-25-004122,20250410,"CANNAPHARMARX, INC.",4-NON,NAF,CLOSED,CLOSED_OPERATING_NON_SHELL,OPERATING,operating,CLOSED_UNIQUE,9275020.0,2024-06-30,8228ddf864ca95a2f77637721c6557a6eda53d8789930db10cfc7c5d23bfa970,CLOSED_UNIQUE,0.0,NO_FY2022_10K,,2025-04-01,NAF,CLOSED_PF_LT60,2025-03-31,True,12B25,
1082038,0000950170-25-046209,20250327,DURECT CORP,4-NON,NAF,CLOSED,CLOSED_OPERATING_NON_SHELL,OPERATING,operating,CLOSED_UNIQUE,39696286.0,2024-06-30,5b71895b1e7a9f416fdbf00131512f5c1f2744b3c124e03d2ccf7f97d434a5fb,CLOSED_UNIQUE,8548000.0,CLOSED_UNIQUE,19283000.0,,NAF,CLOSED_PF_LT60,2025-03-31,True,DIRECT,
1082324,0001140361-25-009024,20250317,VIRNETX HOLDING CORP,4-NON,NAF,CLOSED,CLOSED_OPERATING_NON_SHELL,OPERATING,operating,CLOSED_UNIQUE,21989863.0,2024-06-28,1c64a9ca931b4ce1a639cdf0fa68a1d9af846f751c5f97c88f01df090ceb322c,CLOSED_UNIQUE,7000.0,CLOSED_UNIQUE,48000.0,,NAF,CLOSED_PF_LT60,2025-03-31,True,DIRECT,
1082554,0001082554-25-000005,20250226,UNITED THERAPEUTICS CORP,1-LAF,LAF,CLOSED,CLOSED_OPERATING_NON_SHELL,OPERATING,operating,CLOSED_UNIQUE,12155535434.0,2024-06-30,ec60cdd289aa8b871f803d8b9fc7779ae0e9cf007faeaa398e7afc8b7ce13101,CLOSED_UNIQUE,2327500000.0,CLOSED_UNIQUE,1936300000.0,,LAF,CLOSED_PF_GE700,2025-03-03,True,DIRECT,
1083220,0001558370-25-008172,20250528,"XCEL BRANDS, INC.",4-NON,NAF,CLOSED,CLOSED_OPERATING_NON_SHELL,OPERATING,operating,CLOSED_UNIQUE,7346000.0,2024-06-30,0d5620b93e260e3e0ad46a3fba5e8b7f0013edb2d31edf20709357c21f44eb8d,CLOSED_UNIQUE,17755000.0,CLOSED_UNIQUE,25781000.0,2025-04-01,NAF,CLOSED_PF_LT60,2025-03-31,False,LATE,
1083301,0001083301-25-000018,20250303,TERAWULF INC.,4-NON,NAF,CLOSED,CLOSED_OPERATING_NON_SHELL,OPERATING,operating,CLOSED_UNIQUE,1300536223.0,2024-06-30,365923ae861d5c626b1e08b5a938952717445b0265fde6db825b2b02f1bc74aa,CLOSED_UNIQUE,69229000.0,CLOSED_UNIQUE,15033000.0,,LAF,CLOSED_PF_GE700,2025-03-03,True,DIRECT,
1083446,0000950170-25-039122,20250314,"ASTRANA HEALTH, INC.",1-LAF,LAF,CLOSED,CLOSED_OPERATING_NON_SHELL,OPERATING,operating,CLOSED_UNIQUE,1700000000.0,2024-06-28,a9bf6367f541930dd4c9169fb6f92c4ed28a5b5cf6d4cc040adc36f847c417de,CLOSED_UNIQUE,1386661000.0,CLOSED_UNIQUE,1144163000.0,2025-02-27,LAF,CLOSED_PF_GE700,2025-03-03,True,12B25,
1083490,0001410578-25-000979,20250429,SUNRISE REAL ESTATE GROUP INC,4-NON,NAF,CLOSED,CLOSED_OPERATING_NON_SHELL,OPERATING,operating,CLOSED_UNIQUE,4036163.0,2024-06-28,26af3ed4c60abe18d3f53423d24a741232e27de1861f42e3b1407bdbfe3d19ea,CLOSED_UNIQUE,24833863.0,CLOSED_UNIQUE,80020189.0,2025-03-31,NAF,CLOSED_PF_LT60,2025-03-31,False,LATE,
1084048,0001084048-25-000007,20250225,"ZIFF DAVIS, INC.",1-LAF,LAF,CLOSED,CLOSED_OPERATING_NON_SHELL,OPERATING,operating,CLOSED_UNIQUE,1502418985.0,2024-06-28,ea041cc9c3ccf1b5edf8d042ef7413dfe70f47c4d107f499b50ef372a878f5ab,CLOSED_UNIQUE,1364028000.0,CLOSED_UNIQUE,1390997000.0,,LAF,CLOSED_PF_GE700,2025-03-03,True,DIRECT,
1084267,0001683168-25-002311,20250407,"MOBIQUITY TECHNOLOGIES, INC.",4-NON,NAF,CLOSED,CLOSED_OPERATING_NON_SHELL,OPERATING,operating,CLOSED_UNIQUE,14285000.0,2024-06-30,87f8e58735e56f1e2f645aa3b73303af526634b2577e699228dd2a4de86016d9,CLOSED_UNIQUE,860090.0,CLOSED_UNIQUE,4167272.0,2025-03-31,NAF,CLOSED_PF_LT60,2025-03-31,True,12B25,
1084554,0001477932-25-001404,20250303,LIGHTBRIDGE CORP,4-NON,NAF,CLOSED,CLOSED_OPERATING_NON_SHELL,OPERATING,operating,CLOSED_UNIQUE,46721670.0,2024-06-30,3d6b3984817d6a64475b70a24e4780e45f821667f3af8ac706258b4bd1dcbdb3,CLOSED_UNIQUE,0.0,CLOSED_UNIQUE,0.0,,NAF,CLOSED_PF_LT60,2025-03-31,True,DIRECT,
1084961,0001084961-25-000011,20250226,ENCORE CAPITAL GROUP INC,1-LAF,LAF,CLOSED,CLOSED_OPERATING_NON_SHELL,OPERATING,operating,CLOSED_UNIQUE,968500000.0,2024-06-28,d27c4baf24b65584c2e2a9e93b550eb588a87bd9ba0c38c19ffb3bf6e6b873d8,CLOSED_UNIQUE,1222680000.0,CLOSED_UNIQUE,1398347000.0,,LAF,CLOSED_PF_GE700,2025-03-03,True,DIRECT,
1084991,0001084991-25-000024,20250317,NATURAL GAS SERVICES GROUP INC,4-NON,NAF,CLOSED,CLOSED_OPERATING_NON_SHELL,OPERATING,operating,CLOSED_UNIQUE,139000000.0,2024-06-30,a5b6801a390b0256f0fb6308d0437dc2061f742fe8b13a78728b35d97188f5e9,CLOSED_UNIQUE,121167000.0,CLOSED_UNIQUE,84825000.0,,AF,CLOSED_PRIOR_NON_REV_GE100_ENTER_AF,2025-03-17,True,DIRECT,
1086222,0001086222-25-000028,20250224,AKAMAI TECHNOLOGIES INC,1-LAF,LAF,CLOSED,CLOSED_OPERATING_NON_SHELL,OPERATING,operating,CLOSED_UNIQUE,13428800000.0,2024-06-30,72f90df17069999bc6c5dcf5851ed001795d9b78d1eb97af2f83e2995f54717d,CLOSED_UNIQUE,3811920000.0,CLOSED_UNIQUE,3616654000.0,,LAF,CLOSED_PF_GE700,2025-03-03,True,DIRECT,
1086303,0001013762-25-004096,20250328,"HONGCHANG INTERNATIONAL CO., LTD",4-NON,NAF,CLOSED,CLOSED_OPERATING_NON_SHELL,OPERATING,operating,CLOSED_UNIQUE,4265529.2,2024-06-28,9bfcb558b3356eca0fc37327fdb53db6e8377096b9247e2882b954b1add2d6bf,CLOSED_UNIQUE,2675789.0,NO_WHITELIST_TOPLINE,,,NAF,CLOSED_PF_LT60,2025-03-31,True,DIRECT,
1086600,0001558370-25-001805,20250227,ALLIANCE RESOURCE PARTNERS LP,1-LAF,LAF,CLOSED,CLOSED_OPERATING_NON_SHELL,OPERATING,operating,CLOSED_UNIQUE,2597152551.0,2024-06-28,32c3cad139781ca35f752ee77858c361135362d31b864ed995a714f08cc75cb8,CLOSED_UNIQUE,2566701000.0,CLOSED_UNIQUE,2406511000.0,,LAF,CLOSED_PF_GE700,2025-03-03,True,DIRECT,
1086745,0001641172-25-001705,20250331,"AYRO, INC.",4-NON,NAF,CLOSED,CLOSED_OPERATING_NON_SHELL,OPERATING,operating,CLOSED_UNIQUE,5023862.0,2024-06-30,6fee14e5a8927f210edc8cda183baaa3f6339ee23d81a1b4ba65d7a1afc3bf29,CLOSED_UNIQUE,498917.0,CLOSED_UNIQUE,2990497.0,,NAF,CLOSED_PF_LT60,2025-03-31,True,DIRECT,
1087294,0001628280-25-011366,20250307,CUMBERLAND PHARMACEUTICALS INC,4-NON,NAF,CLOSED,CLOSED_OPERATING_NON_SHELL,OPERATING,operating,CLOSED_UNIQUE,12234822.0,2024-06-30,b6eb753f950432d4294aa69ac0a6a72b2bcc506d0ff5ff00f129b309af2ae276,CLOSED_UNIQUE,39552507.0,CLOSED_UNIQUE,42010949.0,,NAF,CLOSED_PF_LT60,2025-03-31,True,DIRECT,
1088034,0001437749-25-009368,20250326,"USIO, INC.",4-NON,NAF,CLOSED,CLOSED_OPERATING_NON_SHELL,OPERATING,operating,CLOSED_UNIQUE,29845563.0,2024-06-30,2e9e7ec6325679d89e5efdab3046551a87c6f1ec97221a4598e0dc17a2378508,CLOSED_UNIQUE,82591109.0,CLOSED_UNIQUE,69428285.0,,NAF,CLOSED_PF_LT60,2025-03-31,True,DIRECT,
1088856,0001628280-25-008167,20250226,CORCEPT THERAPEUTICS INC,1-LAF,LAF,CLOSED,CLOSED_OPERATING_NON_SHELL,OPERATING,operating,CLOSED_UNIQUE,2691187787.0,2024-06-30,5bbaccf4ebebb52198619ed497246197c164fcd80c29b64e84f4dcda08c14437,NO_WHITELIST_TOPLINE,,NO_WHITELIST_TOPLINE,,,LAF,CLOSED_PF_GE700,2025-03-03,True,DIRECT,
1089815,0001437749-25-010652,20250402,ELITE HEALTH SYSTEMS INC.,4-NON,NAF,CLOSED,CLOSED_OPERATING_NON_SHELL,OPERATING,operating,CLOSED_UNIQUE,5392000.0,2024-06-30,cfde5f9aa302a49721c1d86e77125aad698b310d09eab6da1a98b5625ff83fb3,CLOSED_UNIQUE,0.0,CLOSED_UNIQUE,0.0,2025-03-31,NAF,CLOSED_PF_LT60,2025-03-31,True,12B25,
1089907,0001628280-25-013989,20250320,SWK HOLDINGS CORP,4-NON,NAF,CLOSED,CLOSED_OPERATING_NON_SHELL,OPERATING,operating,CLOSED_UNIQUE,56974759.0,2024-06-28,6fac45bebba1ddadceeb452fe3a01bba7dd8be75cd72f088a7a8a44f950fb5a6,CLOSED_UNIQUE,37760000.0,CLOSED_UNIQUE,41484000.0,,NAF,CLOSED_PF_LT60,2025-03-31,True,DIRECT,
1090012,0000950170-25-022844,20250219,DEVON ENERGY CORP/DE,1-LAF,LAF,CLOSED,CLOSED_OPERATING_NON_SHELL,OPERATING,operating,CLOSED_UNIQUE,29500000000.0,2024-06-30,6dd1d92b90f149044fcdeb8de647b894295fd54538ff0231af69878372518da3,CLOSED_UNIQUE,15258000000.0,CLOSED_UNIQUE,19169000000.0,,LAF,CLOSED_PF_GE700,2025-03-03,True,DIRECT,
1090396,0001437749-25-008353,20250319,TABLE TRAC INC,4-NON,NAF,CLOSED,CLOSED_OPERATING_NON_SHELL,OPERATING,operating,CLOSED_UNIQUE,13600000.0,2024-06-28,20a19a06a55f3e51d14478a2d361b77c51216edfa2544956c45beb99f71abc3e,CLOSED_UNIQUE,9486853.0,CLOSED_UNIQUE,11056587.0,,NAF,CLOSED_PF_LT60,2025-03-31,True,DIRECT,
1090727,0001090727-25-000019,20250218,UNITED PARCEL SERVICE INC,1-LAF,LAF,CLOSED,CLOSED_OPERATING_NON_SHELL,OPERATING,operating,CLOSED_UNIQUE,100185550613.0,2024-06-30,27dc8c10c00ae761422966a9bd3b5f744c1a1cd22ef02540bbede0e3803f4ad5,CLOSED_UNIQUE,90958000000.0,CLOSED_UNIQUE,100338000000.0,,LAF,CLOSED_PF_GE700,2025-03-03,True,DIRECT,
1091596,0001437749-25-010379,20250401,"NUO THERAPEUTICS, INC.",4-NON,NAF,CLOSED,CLOSED_OPERATING_NON_SHELL,OPERATING,operating,CLOSED_UNIQUE,10000000.0,2024-06-28,7f655360c6ea5cbc3d1c04727ed4a3d7475e1a27322794db5924c5877a89f5f7,CLOSED_UNIQUE,608525.0,CLOSED_UNIQUE,112250.0,2025-04-01,NAF,CLOSED_PF_LT60,2025-03-31,True,12B25,
1091667,0001091667-25-000034,20250131,"CHARTER COMMUNICATIONS, INC. /MO/",1-LAF,LAF,CLOSED,CLOSED_OPERATING_NON_SHELL,OPERATING,operating,CLOSED_UNIQUE,28300000000.0,2024-06-30,9d38d5ffc86f9c0e2fb75b74c6fbab1f46b111dadc08b5327b789fad5df75ae6,CLOSED_UNIQUE,54607000000.0,CLOSED_UNIQUE,54022000000.0,,LAF,CLOSED_PF_GE700,2025-03-03,True,DIRECT,
1091748,0001628280-25-014609,20250325,"ARGO GROUP INTERNATIONAL HOLDINGS, INC.",4-NON,NAF,CLOSED,CLOSED_OPERATING_NON_SHELL,OPERATING,operating,CLOSED_UNIQUE,0.0,2024-06-30,8d66e5e67e3fbe5d5c53422df03bbbf612c3c7f1556f024321817f61aff9f018,NO_WHITELIST_TOPLINE,,CLOSED_UNIQUE,1754900000.0,,NAF,CLOSED_PF_LT60,2025-03-31,True,DIRECT,
1092699,0001092699-25-000011,20250219,SPS COMMERCE INC,1-LAF,LAF,CLOSED,CLOSED_OPERATING_NON_SHELL,OPERATING,operating,CLOSED_UNIQUE,7000000000.0,2024-06-28,66c880d3c0220ab32a2364725e8963a862ea5dd4039590f68adb2cf4da9920d2,CLOSED_UNIQUE,536910000.0,CLOSED_UNIQUE,450875000.0,,LAF,CLOSED_PF_GE700,2025-03-03,True,DIRECT,
1093557,0001093557-25-000036,20250218,DEXCOM INC,1-LAF,LAF,CLOSED,CLOSED_OPERATING_NON_SHELL,OPERATING,operating,CLOSED_UNIQUE,45300000000.0,2024-06-28,100fb7b8a4f70ed56d27cdbd5428e5e10900aa95384fe3add68ee6b0be1f53f4,CLOSED_UNIQUE,3622300000.0,CLOSED_UNIQUE,2909800000.0,,LAF,CLOSED_PF_GE700,2025-03-03,True,DIRECT,
109380,0000109380-25-000040,20250225,"ZIONS BANCORPORATION, NATIONAL ASSOCIATION /UT/",1-LAF,LAF,CLOSED,CLOSED_OPERATING_NON_SHELL,OPERATING,operating,CLOSED_UNIQUE,6277918765.0,2024-06-30,6cc9d48c820cf845beb3a2b127ba20b5ea3d11f20b8924af54acd9d85a4b3b48,NO_WHITELIST_TOPLINE,,NO_WHITELIST_TOPLINE,,,LAF,CLOSED_PF_GE700,2025-03-03,True,DIRECT,
1094038,0001410578-25-000549,20250331,"MARKER THERAPEUTICS, INC.",4-NON,NAF,CLOSED,CLOSED_OPERATING_NON_SHELL,OPERATING,operating,CLOSED_UNIQUE,48450000.0,2024-06-30,fe1e96915070e864aa7acca0ce5eee5598006916748faf31750ce99ba42748e5,CLOSED_UNIQUE,3311133.0,CLOSED_UNIQUE,9013544.0,,NAF,CLOSED_PF_LT60,2025-03-31,True,DIRECT,
1094285,0001094285-25-000053,20250221,TELEDYNE TECHNOLOGIES INC,1-LAF,LAF,CLOSED,CLOSED_OPERATING_NON_SHELL,OPERATING,operating,CLOSED_UNIQUE,18000000000.0,2024-06-30,110351c3189abcae1382e753055471c07f5865ef8ae8b47491558205292d9549,CLOSED_UNIQUE,5635500000.0,CLOSED_UNIQUE,5458600000.0,,LAF,CLOSED_PF_GE700,2025-03-03,True,DIRECT,
1095073,0001095073-25-000015,20250227,"EVEREST GROUP, LTD.",1-LAF,LAF,CLOSED,CLOSED_OPERATING_NON_SHELL,OPERATING,operating,CLOSED_UNIQUE,16500000000.0,2024-06-30,d7010e358037032d365b20ec21d98066585a84730aa23f9ccb033705fd34d9e8,CLOSED_UNIQUE,14587000000.0,CLOSED_UNIQUE,12060000000.0,,LAF,CLOSED_PF_GE700,2025-03-03,True,DIRECT,
1095651,0001095651-25-000006,20250206,SAFEHOLD INC.,1-LAF,LAF,CLOSED,CLOSED_OPERATING_NON_SHELL,OPERATING,operating,CLOSED_UNIQUE,1100000000.0,2024-06-28,76977ad6d2e09b1e0b58cf1c77170ccf8b023942a4ebaf6f7cc844daa77db731,CLOSED_UNIQUE,352578000.0,CLOSED_UNIQUE,158051000.0,,LAF,CLOSED_PF_GE700,2025-03-03,True,DIRECT,
1096056,0001096056-25-000015,20250225,LUXFER HOLDINGS PLC,2-ACC,AF,CLOSED,CLOSED_OPERATING_NON_SHELL,OPERATING,operating,CLOSED_UNIQUE,317411586.0,2024-06-30,31a919229494c54720a328c012e4ae8014a10ec6bd01600a012fa165aad074b6,CLOSED_UNIQUE,405000000.0,CLOSED_UNIQUE,423400000.0,,AF,CLOSED_PRIOR_ACC_REV_GE80_REMAIN_AF,2025-03-17,True,DIRECT,
1096275,0001641172-25-000850,20250327,WORKSPORT LTD,4-NON,NAF,CLOSED,CLOSED_OPERATING_NON_SHELL,OPERATING,operating,CLOSED_UNIQUE,28617609.0,2024-06-28,9a8dbee7b93f2e759450c681beb209e00bd30c3259d6f73d6e8cd314223f0860,CLOSED_UNIQUE,1529632.0,CLOSED_UNIQUE,116502.0,,NAF,CLOSED_PF_LT60,2025-03-31,True,DIRECT,
1096343,0001096343-25-000027,20250224,MARKEL GROUP INC.,1-LAF,LAF,CLOSED,CLOSED_OPERATING_NON_SHELL,OPERATING,operating,CLOSED_UNIQUE,20072000000.0,2024-06-30,378db7b474debc53abf70237419ca365000a98eafd66e913b2e13e1617763e2a,CLOSED_UNIQUE,15803630000.0,CLOSED_UNIQUE,11675335000.0,,LAF,CLOSED_PF_GE700,2025-03-03,True,DIRECT,
1096938,0001477932-25-002110,20250328,"UNITED HEALTH PRODUCTS, INC.",4-NON,NAF,CLOSED,CLOSED_OPERATING_NON_SHELL,OPERATING,operating,CLOSED_UNIQUE,40229446.0,2024-06-30,1590d01a65b2d39dd976f31dc17cbbfb4c29bb44f6eda3d233d22e09d6d6bb00,CLOSED_UNIQUE,0.0,CLOSED_UNIQUE,37500.0,,NAF,CLOSED_PF_LT60,2025-03-31,True,DIRECT,
1097149,0001097149-25-000012,20250228,ALIGN TECHNOLOGY INC,1-LAF,LAF,CLOSED,CLOSED_OPERATING_NON_SHELL,OPERATING,operating,CLOSED_UNIQUE,12900000000.0,2024-06-28,9b3dd071a8ef6aaa98b5fa88fce4b8c8049f07fb90e9d3315b0a9c66f99a282a,CLOSED_UNIQUE,3862260000.0,CLOSED_UNIQUE,3734635000.0,,LAF,CLOSED_PF_GE700,2025-03-03,True,DIRECT,
1097864,0001628280-25-004557,20250210,ON SEMICONDUCTOR CORP,1-LAF,LAF,CLOSED,CLOSED_OPERATING_NON_SHELL,OPERATING,operating,CLOSED_UNIQUE,29264164935.0,2024-06-28,269738986e3c7a066c5f9d3f3783de5e2fb59d027397ac6d6b28993eb5b32796,CLOSED_UNIQUE,8253000000.0,CLOSED_UNIQUE,8326200000.0,,LAF,CLOSED_PF_GE700,2025-03-03,True,DIRECT,
1098146,0001628280-25-017837,20250415,PATRIOT NATIONAL BANCORP INC,4-NON,NAF,CLOSED,CLOSED_OPERATING_NON_SHELL,OPERATING,operating,CLOSED_UNIQUE,6400000.0,2024-06-30,7f5032d0dc37e903e97682a92608bc343a7b26b69a60213dc697a185851a22d9,NO_WHITELIST_TOPLINE,,NO_WHITELIST_TOPLINE,,2025-03-31,NAF,CLOSED_PF_LT60,2025-03-31,True,12B25,
1098972,0000950170-25-040289,20250317,AGENUS INC,2-ACC,AF,CLOSED,CLOSED_OPERATING_NON_SHELL,OPERATING,operating,CLOSED_UNIQUE,351600000.0,2024-06-28,b46fe53c9d6623ea7114029d765fe8249cf69c46ca3e9ee910b68d61bc88a514,CLOSED_UNIQUE,156314000.0,CLOSED_UNIQUE,98024000.0,,AF,CLOSED_PRIOR_ACC_REV_GE80_REMAIN_AF,2025-03-17,True,DIRECT,
1099160,0000950170-25-045211,20250326,BEASLEY BROADCAST GROUP INC,4-NON,NAF,CLOSED,CLOSED_OPERATING_NON_SHELL,OPERATING,operating,CLOSED_UNIQUE,6276534.0,2024-06-28,5a36bfab88f0552537cacf711eda3b16177d712ba28199b8599cd5a47c6bd41c,CLOSED_UNIQUE,247109258.0,CLOSED_UNIQUE,256381018.0,,NAF,CLOSED_PF_LT60,2025-03-31,True,DIRECT,
1099219,0001099219-25-000044,20250221,METLIFE INC,1-LAF,LAF,CLOSED,CLOSED_OPERATING_NON_SHELL,OPERATING,operating,CLOSED_UNIQUE,49400000000.0,2024-06-30,74ae702317ba64583552dc1cd6065bc598490bf186d71eea9131fb897209c937,CLOSED_UNIQUE,66905000000.0,CLOSED_UNIQUE,69898000000.0,,LAF,CLOSED_PF_GE700,2025-03-03,True,DIRECT,
1099590,0001099590-25-000007,20250221,MERCADOLIBRE INC,1-LAF,LAF,CLOSED,CLOSED_OPERATING_NON_SHELL,OPERATING,operating,CLOSED_UNIQUE,77268401734.0,2024-06-30,65cc42489911fafec95a84abb5fee2207f55a992a36ec5b0be71ed7393afe96d,CLOSED_UNIQUE,14473000000.0,CLOSED_UNIQUE,10537000000.0,,LAF,CLOSED_PF_GE700,2025-03-03,True,DIRECT,
1099800,0001099800-25-000005,20250228,EDWARDS LIFESCIENCES CORP,1-LAF,LAF,CLOSED,CLOSED_OPERATING_NON_SHELL,OPERATING,operating,CLOSED_UNIQUE,55525009946.0,2024-06-28,bd282157a82f399719fcb769fc52d87b68880a475aeba08fcd202802a8439143,CLOSED_UNIQUE,6004800000.0,CLOSED_UNIQUE,5382400000.0,,LAF,CLOSED_PF_GE700,2025-03-03,True,DIRECT,
1100682,0001100682-25-000011,20250219,"CHARLES RIVER LABORATORIES INTERNATIONAL, INC.",1-LAF,LAF,CLOSED,CLOSED_OPERATING_NON_SHELL,OPERATING,operating,CLOSED_UNIQUE,10563584605.0,2024-06-30,0716ce54ea02f4b191a999929e4d737954beee9720e680c645b98fbfa9b18bfc,CLOSED_UNIQUE,4129409000.0,CLOSED_UNIQUE,3976060000.0,,LAF,CLOSED_PF_GE700,2025-03-03,True,DIRECT,
1101026,0001654954-25-002948,20250318,"ZIVO BIOSCIENCE, INC.",4-NON,NAF,CLOSED,CLOSED_OPERATING_NON_SHELL,OPERATING,operating,CLOSED_UNIQUE,15600000.0,2024-06-28,f5f1704128cd66f1353e9045ec379c746fe50065d158f8bd9ad259a56badb31a,CLOSED_UNIQUE,27650.0,CLOSED_UNIQUE,0.0,,NAF,CLOSED_PF_LT60,2025-03-31,True,DIRECT,
1101215,0001101215-25-000031,20250214,"BREAD FINANCIAL HOLDINGS, INC.",1-LAF,LAF,CLOSED,CLOSED_OPERATING_NON_SHELL,OPERATING,operating,CLOSED_UNIQUE,2200000000.0,2024-06-30,34efa416ac73a1835441c0871adc4e5a139c8a7782ef5c415190e8f88ea9daa9,NO_WHITELIST_TOPLINE,,NO_WHITELIST_TOPLINE,,,LAF,CLOSED_PF_GE700,2025-03-03,True,DIRECT,
1101239,0001628280-25-005126,20250212,EQUINIX INC,1-LAF,LAF,CLOSED,CLOSED_OPERATING_NON_SHELL,OPERATING,operating,CLOSED_UNIQUE,71800000000.0,2024-06-30,2083feb10137c1b5a0a62bc7a4e46f41ec5d2e42dd5ed611646be7956128fe3a,CLOSED_UNIQUE,8188136000.0,CLOSED_UNIQUE,7263105000.0,,LAF,CLOSED_PF_GE700,2025-03-03,True,DIRECT,
1101302,0001101302-25-000015,20250212,ENTEGRIS INC,1-LAF,LAF,CLOSED,CLOSED_OPERATING_NON_SHELL,OPERATING,operating,CLOSED_UNIQUE,18300000000.0,2024-06-29,1ef7969863f18114550048e9a46203bb53f15a48c89db58227fd529c36ffff76,CLOSED_UNIQUE,3523926000.0,CLOSED_UNIQUE,3282033000.0,,LAF,CLOSED_PF_GE700,2025-03-03,True,DIRECT,
1101433,0001654954-25-004291,20250415,QUOTEMEDIA INC,4-NON,NAF,CLOSED,CLOSED_OPERATING_NON_SHELL,OPERATING,operating,CLOSED_UNIQUE,10912417.0,2024-06-30,a8c1398f4473fbfe990ef1a1c6a882dca93646abc53d388bbb4c4ec982f2a89d,NO_WHITELIST_TOPLINE,,NO_WHITELIST_TOPLINE,,2025-03-31,NAF,CLOSED_PF_LT60,2025-03-31,True,12B25,
1102238,0001102238-25-000004,20250320,AMERICAN REALTY INVESTORS INC,4-NON,NAF,CLOSED,CLOSED_OPERATING_NON_SHELL,OPERATING,operating,CLOSED_UNIQUE,20700000.0,2024-06-30,1376116a0411f444c3dd42e865eb9a9a34c8e5ba260eac939e341b2436a49448,CLOSED_UNIQUE,50500000.0,CLOSED_UNIQUE,37544000.0,,NAF,CLOSED_PF_LT60,2025-03-31,True,DIRECT,
1103833,0001477932-25-003067,20250429,"CROWN EQUITY HOLDINGS, INC.",4-NON,NAF,CLOSED,CLOSED_OPERATING_NON_SHELL,OPERATING,operating,CLOSED_UNIQUE,4126067.0,2024-06-30,f731e40884f5bfdae92b6089720d8014e5b5be34e04379c3c4d9d35f180095b8,CLOSED_UNIQUE,112.0,CONFLICTING_WHITELIST_VALUES,,2025-03-28,NAF,CLOSED_PF_LT60,2025-03-31,False,LATE,
1103982,0001103982-25-000030,20250205,"MONDELEZ INTERNATIONAL, INC.",1-LAF,LAF,CLOSED,CLOSED_OPERATING_NON_SHELL,OPERATING,operating,CLOSED_UNIQUE,87400000000.0,2024-06-30,fe6aeff2153407004fb49f413dba46982183c64525a3c6e70673a4cfde9cf6b5,CLOSED_UNIQUE,36016000000.0,CLOSED_UNIQUE,31496000000.0,,LAF,CLOSED_PF_GE700,2025-03-03,True,DIRECT,
1104038,0001214659-25-004279,20250312,"VERIFYME, INC.",4-NON,NAF,CLOSED,CLOSED_OPERATING_NON_SHELL,OPERATING,operating,CLOSED_UNIQUE,12017073.0,2024-06-30,4769778d6bd626520d5cbd6d91ebabf45e4ff2c4134d13ce45167bf1e7c6141a,CLOSED_UNIQUE,25313000.0,CLOSED_UNIQUE,19576000.0,,NAF,CLOSED_PF_LT60,2025-03-31,True,DIRECT,
1104485,0001104485-25-000039,20250220,"NORTHERN OIL & GAS, INC.",1-LAF,LAF,CLOSED,CLOSED_OPERATING_NON_SHELL,OPERATING,operating,CLOSED_UNIQUE,3600000000.0,2024-06-30,3244d7cdedc7244bd3a9c2bfa0ae7dde04c1f89ff9a2edf60b9ddfdba2852c3b,CLOSED_UNIQUE,2166259000.0,CLOSED_UNIQUE,1570535000.0,,LAF,CLOSED_PF_GE700,2025-03-03,True,DIRECT,
1104506,0001104506-25-000009,20250220,INSMED INC,1-LAF,LAF,CLOSED,CLOSED_OPERATING_NON_SHELL,OPERATING,operating,CLOSED_UNIQUE,11000000000.0,2024-06-30,fa5592149cc27ee2dd1116af3994f44bea6cf33aafbd9491d0d47b74c1cc811e,NO_WHITELIST_TOPLINE,,NO_WHITELIST_TOPLINE,,,LAF,CLOSED_PF_GE700,2025-03-03,True,DIRECT,
1104657,0001104657-25-000024,20250219,MATERION CORP,1-LAF,LAF,CLOSED,CLOSED_OPERATING_NON_SHELL,OPERATING,operating,CLOSED_UNIQUE,2243377327.0,2024-06-28,2b5cdd90ce641779e2fe60e857b414c3b660f049f862278281d2d010bd3129ff,CLOSED_UNIQUE,1665187000.0,CLOSED_UNIQUE,1757109000.0,,LAF,CLOSED_PF_GE700,2025-03-03,True,DIRECT,
110471,0000110471-25-000046,20250220,WOLVERINE WORLD WIDE INC /DE/,1-LAF,LAF,CLOSED,CLOSED_OPERATING_NON_SHELL,OPERATING,operating,CLOSED_UNIQUE,1056116428.0,2024-06-28,0b0c6738c78c14c3f2a2c13d5715c7544f52814f424184a92cfc69a6373cfb8a,CLOSED_UNIQUE,2242900000.0,CLOSED_UNIQUE,2684800000.0,,LAF,CLOSED_PF_GE700,2025-03-03,True,DIRECT,
1106644,0001213900-25-026280,20250331,"CHINA PHARMA HOLDINGS, INC.",4-NON,NAF,CLOSED,CLOSED_OPERATING_NON_SHELL,OPERATING,operating,CLOSED_UNIQUE,4290693.0,2024-06-30,f6fc9b106265b49990d49b65d35d38a9911d07948ae1836cfaa1aa7c7e255016,CLOSED_UNIQUE,7011299.0,CLOSED_UNIQUE,8104092.0,,NAF,CLOSED_PF_LT60,2025-03-31,True,DIRECT,
1107280,0001437749-25-008527,20250320,OCULUS INC.,4-NON,NAF,CLOSED,CLOSED_OPERATING_NON_SHELL,OPERATING,operating,CLOSED_UNIQUE,4000000.0,2024-06-30,11081227946a7ebcb087519f2a0dfb9c6ab9418e970f1cf1db6461d98ef1c387,NO_WHITELIST_TOPLINE,,NO_WHITELIST_TOPLINE,,,NAF,CLOSED_PF_LT60,2025-03-31,True,DIRECT,
1107843,0001107843-25-000009,20250221,"QUALYS, INC.",1-LAF,LAF,CLOSED,CLOSED_OPERATING_NON_SHELL,OPERATING,operating,CLOSED_UNIQUE,3908000000.0,2024-06-30,30986b406ba7f9bb1d20d8b124bfeb1ffabb22a7293a2e66bbc44dd44ebcb220,CLOSED_UNIQUE,554458000.0,CLOSED_UNIQUE,489723000.0,,LAF,CLOSED_PF_GE700,2025-03-03,True,DIRECT,
1108205,0001108205-25-000031,20250331,CURIS INC,4-NON,NAF,CLOSED,CLOSED_OPERATING_NON_SHELL,OPERATING,operating,CLOSED_UNIQUE,40600000.0,2024-06-28,0ac3fe3c624e6464627441a98b2680ea04b3adc4bca09e6143a54c72de08639c,NO_WHITELIST_TOPLINE,,NO_WHITELIST_TOPLINE,,,NAF,CLOSED_PF_LT60,2025-03-31,True,DIRECT,
1109116,0000950170-25-034661,20250306,ENTRAVISION COMMUNICATIONS CORP,2-ACC,AF,CLOSED,CLOSED_OPERATING_NON_SHELL,OPERATING,operating,CLOSED_UNIQUE,144167961.0,2024-06-30,4a8ed3cf9e396b590d51cf9d5cb494bb958e028dd6618f7dd3b125fc9b8e1405,CLOSED_UNIQUE,1106867000.0,CLOSED_UNIQUE,956209000.0,,AF,CLOSED_PRIOR_ACC_REV_GE80_REMAIN_AF,2025-03-17,True,DIRECT,
1109354,0000950170-25-030897,20250303,BRUKER CORP,1-LAF,LAF,CLOSED,CLOSED_OPERATING_NON_SHELL,OPERATING,operating,CLOSED_UNIQUE,6643131097.1,2024-06-28,5c917edc78dc79961ad0b88202eb9b96c505e23ac3536f2ff9904deff23b28b6,CLOSED_UNIQUE,2964500000.0,CLOSED_UNIQUE,2530700000.0,,LAF,CLOSED_PF_GE700,2025-03-03,True,DIRECT,
1109448,0001109448-25-000011,20250214,ALLIANCEBERNSTEIN L.P.,4-NON,NAF,CLOSED,CLOSED_OPERATING_NON_SHELL,OPERATING,operating,CLOSED_UNIQUE,0.0,2024-06-30,ee173f384cb5817018ffd63ff9c4da4c9afb2cdd90bfcdfaf2f8fdbc5a63a13a,CONFLICTING_WHITELIST_VALUES,,CONFLICTING_WHITELIST_VALUES,,,NAF,CLOSED_PF_LT60,2025-03-31,True,DIRECT,
1110607,0001683168-25-002554,20250415,"KOIL ENERGY SOLUTIONS, INC.",4-NON,NAF,CLOSED,CLOSED_OPERATING_NON_SHELL,OPERATING,operating,CLOSED_UNIQUE,15557851.0,2024-06-30,76fd062183a98d54ab68cae432ada130ef82df3d1587aad8ce81547b7dabb8e1,CLOSED_UNIQUE,15343000.0,CLOSED_UNIQUE,12977000.0,2025-03-31,NAF,CLOSED_PF_LT60,2025-03-31,True,12B25,
1110611,0001110611-25-000004,20250313,ON24 INC.,2-ACC,AF,CLOSED,CLOSED_OPERATING_NON_SHELL,OPERATING,operating,CLOSED_UNIQUE,160000000.0,2024-06-30,45b0cf97dde0ededc87ff95136a7bc49339ad47b91157ccbb595229476c5943d,CLOSED_UNIQUE,163708000.0,CLOSED_UNIQUE,190872000.0,,AF,CLOSED_PRIOR_ACC_REV_GE80_REMAIN_AF,2025-03-17,True,DIRECT,
1110803,0001110803-25-000019,20250212,"ILLUMINA, INC.",1-LAF,LAF,CLOSED,CLOSED_OPERATING_NON_SHELL,OPERATING,operating,CLOSED_UNIQUE,14700000000.0,2024-06-30,07b0ccc066134bc7abfd89664bba8b0ff234a90f9d048093bc286d14458e888a,CLOSED_UNIQUE,4504000000.0,CLOSED_UNIQUE,4584000000.0,,LAF,CLOSED_PF_GE700,2025-03-03,True,DIRECT,
1111335,0001111335-25-000006,20250218,VISTEON CORP,1-LAF,LAF,CLOSED,CLOSED_OPERATING_NON_SHELL,OPERATING,operating,CLOSED_UNIQUE,3000000000.0,2024-06-30,fd1262e94e15da1ab1ebff302e61035236be2e3520ab9db50356f5f3ee265216,CLOSED_UNIQUE,3954000000.0,CLOSED_UNIQUE,3756000000.0,,LAF,CLOSED_PF_GE700,2025-03-03,True,DIRECT,
1111485,0000950170-25-026681,20250225,"RXSIGHT, INC.",1-LAF,LAF,CLOSED,CLOSED_OPERATING_NON_SHELL,OPERATING,operating,CLOSED_UNIQUE,2300000000.0,2024-06-28,fd7790af1d84bae6818634aca8f313da552b45880a356bf2261c8031ea95f145,NO_WHITELIST_TOPLINE,,CLOSED_UNIQUE,49005000.0,,LAF,CLOSED_PF_GE700,2025-03-03,True,DIRECT,
1111711,0001111711-25-000008,20250212,NISOURCE INC.,1-LAF,LAF,CLOSED,CLOSED_OPERATING_NON_SHELL,OPERATING,operating,CLOSED_UNIQUE,13022151904.0,2024-06-30,ace685d8bd44f321aeb1ece0b5cdee5693d16f089d8bf133c39d79948d97eade,CLOSED_UNIQUE,5505400000.0,CLOSED_UNIQUE,5850600000.0,,LAF,CLOSED_PF_GE700,2025-03-03,True,DIRECT,
1111928,0001111928-25-000023,20250220,IPG PHOTONICS CORP,1-LAF,LAF,CLOSED,CLOSED_OPERATING_NON_SHELL,OPERATING,operating,CLOSED_UNIQUE,2300000000.0,2024-06-30,9c253fb1e0f4f0c80e0ba233757755a5fe280091873e2e9a7c643e4fb62dfdc5,CLOSED_UNIQUE,1287439000.0,CLOSED_UNIQUE,1429547000.0,,LAF,CLOSED_PF_GE700,2025-03-03,True,DIRECT,
1113169,0001113169-25-000007,20250214,PRICE T ROWE GROUP INC,1-LAF,LAF,CLOSED,CLOSED_OPERATING_NON_SHELL,OPERATING,operating,CLOSED_UNIQUE,25300000000.0,2024-06-30,305a9e8fa4d922980a5c504a28e3cf9977c951c03a509110ab7d58a4cf713bb9,CLOSED_UNIQUE,6460500000.0,CLOSED_UNIQUE,6488400000.0,,LAF,CLOSED_PF_GE700,2025-03-03,True,DIRECT,
1113232,0001558370-25-001855,20250228,AXCELIS TECHNOLOGIES INC,1-LAF,LAF,CLOSED,CLOSED_OPERATING_NON_SHELL,OPERATING,operating,CLOSED_UNIQUE,4617739619.0,2024-06-30,b8dd065b3bc136cac42c53dcc615708c1594430e7b03f318e125a2b7b3931166,CLOSED_UNIQUE,1130604000.0,CLOSED_UNIQUE,919998000.0,,LAF,CLOSED_PF_GE700,2025-03-03,True,DIRECT,
1114483,0001114483-25-000034,20250220,INTEGER HOLDINGS CORP,1-LAF,LAF,CLOSED,CLOSED_OPERATING_NON_SHELL,OPERATING,operating,CLOSED_UNIQUE,3828000000.0,2024-06-28,90a6dfe65f2499b8be71353678674a7c63e12c9c1a146bb6f5b13bff82535c2f,CLOSED_UNIQUE,1596673000.0,CLOSED_UNIQUE,1376096000.0,,LAF,CLOSED_PF_GE700,2025-03-03,True,DIRECT,
1114995,0000950170-25-017077,20250210,IMPINJ INC,1-LAF,LAF,CLOSED,CLOSED_OPERATING_NON_SHELL,OPERATING,operating,CLOSED_UNIQUE,3700000000.0,2024-06-30,5b4ba63ca17c35559a08d6bb45b4df0550c2cb3d0b7c8e31ed16a2452e979f66,CLOSED_UNIQUE,307539000.0,CLOSED_UNIQUE,257800000.0,,LAF,CLOSED_PF_GE700,2025-03-03,True,DIRECT,
1115055,0001115055-25-000042,20250225,PINNACLE FINANCIAL PARTNERS INC,1-LAF,LAF,CLOSED,CLOSED_OPERATING_NON_SHELL,OPERATING,operating,CLOSED_UNIQUE,6074777551.0,2024-06-30,924e4f2b384c6443c4518f8c396b5e504e62d7a99d07d4b257257a63f72fd241,NO_WHITELIST_TOPLINE,,NO_WHITELIST_TOPLINE,,,LAF,CLOSED_PF_GE700,2025-03-03,True,DIRECT,
1116463,0001116463-25-000010,20250307,ORASURE TECHNOLOGIES INC,2-ACC,AF,CLOSED,CLOSED_OPERATING_NON_SHELL,OPERATING,operating,CLOSED_UNIQUE,314835036.0,2024-06-30,797340a41b059bdcaeb80659f106617a03c34e53443bdfa00eea3f2652f89080,CLOSED_UNIQUE,405472000.0,CLOSED_UNIQUE,387479000.0,,AF,CLOSED_PRIOR_ACC_REV_GE80_REMAIN_AF,2025-03-17,True,DIRECT,
1117057,0001213900-25-031064,20250411,PLANET GREEN HOLDINGS CORP.,4-NON,NAF,CLOSED,CLOSED_OPERATING_NON_SHELL,OPERATING,operating,CLOSED_UNIQUE,12090000.0,2024-06-28,0b145587652ebb402a1dd12740681c8e9769b99331dcd9d80d7d66d8be0510d5,CLOSED_UNIQUE,27120236.0,CLOSED_UNIQUE,44756826.0,2025-03-31,NAF,CLOSED_PF_LT60,2025-03-31,True,12B25,
1118004,0001118004-25-000007,20250307,BANCPLUS CORP,4-NON,NAF,CLOSED,CLOSED_OPERATING_NON_SHELL,OPERATING,operating,CLOSED_UNIQUE,0.0,2024-06-30,dd5bd28f786b692c503dd120bd81706b8886c4980ebe142cc83738b2699be5b3,NO_WHITELIST_TOPLINE,,NO_WHITELIST_TOPLINE,,,NAF,CLOSED_PF_LT60,2025-03-31,True,DIRECT,
1119190,0001641172-25-009520,20250509,"HUMBL, INC.",4-NON,NAF,CLOSED,CLOSED_OPERATING_NON_SHELL,OPERATING,operating,CLOSED_UNIQUE,4838763.0,2024-06-28,4c6a9dd584759d0eb77b01a257c0f065534e0dd7fcb2acf1c0f18b828a90e378,CLOSED_UNIQUE,1005856.0,CLOSED_UNIQUE,2768534.0,2025-04-01,NAF,CLOSED_PF_LT60,2025-03-31,False,LATE,
1120193,0001120193-25-000008,20250221,"NASDAQ, INC.",1-LAF,LAF,CLOSED,CLOSED_OPERATING_NON_SHELL,OPERATING,operating,CLOSED_UNIQUE,22300000000.0,2024-06-30,ca16891c171944046f6eaa2462e26fdad48913844b7ad1b843050e1a31a4a318,CLOSED_UNIQUE,6064000000.0,CLOSED_UNIQUE,6226000000.0,,LAF,CLOSED_PF_GE700,2025-03-03,True,DIRECT,
1120370,0001437749-25-006301,20250305,"BROADWIND, INC.",4-NON,NAF,CLOSED,CLOSED_OPERATING_NON_SHELL,OPERATING,operating,CLOSED_UNIQUE,58970000.0,2024-06-30,204826262d9b3aaa03d1ebce06a30ad38fcbb4567bf68b9cd68921d0cd3269be,CLOSED_UNIQUE,203477000.0,CLOSED_UNIQUE,176759000.0,,NAF,CLOSED_PF_LT60,2025-03-31,True,DIRECT,
1120914,0001558370-25-001813,20250227,PDF SOLUTIONS INC,1-LAF,LAF,CLOSED,CLOSED_OPERATING_NON_SHELL,OPERATING,operating,CLOSED_UNIQUE,1100000000.0,2024-06-30,e745f3d6a713e34b95190d77199a812bec8e1ecf4940195d3ca0345e68c96afe,CLOSED_UNIQUE,165835000.0,CLOSED_UNIQUE,148549000.0,,LAF,CLOSED_PF_GE700,2025-03-03,True,DIRECT,
1120970,0001437749-25-006453,20250306,COMSTOCK INC.,4-NON,NAF,CLOSED,CLOSED_OPERATING_NON_SHELL,OPERATING,operating,CLOSED_UNIQUE,23937185.0,2024-06-30,192e6225152d9c336f62693fa0fdaf100b427e4279270eee220e8346b330d074,CLOSED_UNIQUE,1274449.0,CLOSED_UNIQUE,178150.0,,NAF,CLOSED_PF_LT60,2025-03-31,True,DIRECT,
1121484,0001121484-25-000024,20250221,"OIL STATES INTERNATIONAL, INC",2-ACC,AF,CLOSED,CLOSED_OPERATING_NON_SHELL,OPERATING,operating,CLOSED_UNIQUE,264494626.0,2024-06-28,9abb8b308d7ebbfc85ed2bd9a6327750f659d14b0c375ec66690ce63f21cdf87,CLOSED_UNIQUE,782283000.0,CLOSED_UNIQUE,737706000.0,,AF,CLOSED_PRIOR_ACC_REV_GE80_REMAIN_AF,2025-03-17,True,DIRECT,
1121788,0000950170-25-022760,20250219,GARMIN LTD,1-LAF,LAF,CLOSED,CLOSED_OPERATING_NON_SHELL,OPERATING,operating,CLOSED_UNIQUE,25279000000.0,2024-06-28,a26dd525c559eb057f1133e336a2eb9408a84b80532c860a8d332cb71114dd34,CLOSED_UNIQUE,5228252000.0,CLOSED_UNIQUE,4860286000.0,,LAF,CLOSED_PF_GE700,2025-03-03,True,DIRECT,
1122904,0000950170-25-021413,20250214,"NETGEAR, INC.",2-ACC,AF,CLOSED,CLOSED_OPERATING_NON_SHELL,OPERATING,operating,CLOSED_UNIQUE,432300000.0,2024-06-28,6679db44e1f6e398ebb58d65d7fabd616b654307fecc37eb4d99251499fc13cb,CLOSED_UNIQUE,740840000.0,CLOSED_UNIQUE,932472000.0,,AF,CLOSED_PRIOR_ACC_REV_GE80_REMAIN_AF,2025-03-17,True,DIRECT,
1122976,0001122976-25-000008,20250218,AVIENT CORP,1-LAF,LAF,CLOSED,CLOSED_OPERATING_NON_SHELL,OPERATING,operating,CLOSED_UNIQUE,4000000000.0,2024-06-28,c5acdecc0dbc9c0e5a5a1f317db9276b86d26f590125a467ca473dbc073abec1,CLOSED_UNIQUE,3142800000.0,CLOSED_UNIQUE,3396900000.0,,LAF,CLOSED_PF_GE700,2025-03-03,True,DIRECT,
1123360,0001123360-25-000011,20250214,GLOBAL PAYMENTS INC,1-LAF,LAF,CLOSED,CLOSED_OPERATING_NON_SHELL,OPERATING,operating,CLOSED_UNIQUE,24442073119.0,2024-06-30,270022c74839c2631d3b4efb0710591c0f790cccb077485dd5119e2449868709,CLOSED_UNIQUE,9654419000.0,CLOSED_UNIQUE,8975515000.0,,LAF,CLOSED_PF_GE700,2025-03-03,True,DIRECT,
1123852,0001123852-25-000005,20250227,NORTHERN STATES POWER CO,4-NON,NAF,CLOSED,CLOSED_OPERATING_NON_SHELL,OPERATING,operating,CLOSED_UNIQUE,0.0,2024-06-30,ad6cb6fbebc066d5153a7c79f61b8f4f713b0ba7e8c527f5f6673eb12a3e4a37,CLOSED_UNIQUE,6043000000.0,CLOSED_UNIQUE,6684000000.0,,NAF,CLOSED_PF_LT60,2025-03-31,True,DIRECT,
1124105,0000950170-25-040279,20250317,"GYRE THERAPEUTICS, INC.",4-NON,NAF,CLOSED,CLOSED_OPERATING_NON_SHELL,OPERATING,operating,CLOSED_UNIQUE,83300000.0,2024-06-30,4a2701a2921866d0235900a5a1422df5aea3ad8559bec4f5f8ab862af526adfb,CLOSED_UNIQUE,113450000.0,NO_WHITELIST_TOPLINE,,,AF,CLOSED_PRIOR_NON_REV_GE100_ENTER_AF,2025-03-17,True,DIRECT,
1124140,0001124140-25-000020,20250219,EXACT SCIENCES CORP,1-LAF,LAF,CLOSED,CLOSED_OPERATING_NON_SHELL,OPERATING,operating,CLOSED_UNIQUE,7726320579.0,2024-06-30,6ec0473fe9893ed1c300638452771b527793522b2350077da75f8363aea02af1,CLOSED_UNIQUE,2499766000.0,CLOSED_UNIQUE,2084279000.0,,LAF,CLOSED_PF_GE700,2025-03-03,True,DIRECT,
1124524,0001558370-25-002509,20250307,"CRYOPORT, INC.",2-ACC,AF,CLOSED,CLOSED_OPERATING_NON_SHELL,OPERATING,operating,CLOSED_UNIQUE,300000000.0,2024-06-30,45246c3a7c19d5a41cdcf7920f9abb00dc6d6b70a0cd6211e69c2acbe98d158c,CLOSED_UNIQUE,233255000.0,CLOSED_UNIQUE,237277000.0,,AF,CLOSED_PRIOR_ACC_REV_GE80_REMAIN_AF,2025-03-17,True,DIRECT,
1124796,0001124796-25-000021,20250228,"NLIGHT, INC.",2-ACC,AF,CLOSED,CLOSED_OPERATING_NON_SHELL,OPERATING,operating,CLOSED_UNIQUE,507700000.0,2024-06-30,acbe78088f0e4f1e91351a61eb8060fd0e1f749c6f7a11c2a60ef1f55ee682e5,CLOSED_UNIQUE,209921000.0,CLOSED_UNIQUE,242058000.0,,AF,CLOSED_PRIOR_ACC_REV_GE80_REMAIN_AF,2025-03-17,True,DIRECT,
1125345,0001125345-25-000042,20250320,MACROGENICS INC,2-ACC,AF,CLOSED,CLOSED_OPERATING_NON_SHELL,OPERATING,operating,CLOSED_UNIQUE,259400000.0,2024-06-28,9baa95f0af75fa80ec31baec85059f2c731f8174a707a59480959e2ad830283e,CLOSED_UNIQUE,58749000.0,CLOSED_UNIQUE,151941000.0,,NAF,CLOSED_PRIOR_ACC_REV_LT80_EXIT_NAF,2025-03-31,True,DIRECT,
1125376,0001125376-25-000021,20250205,"ENSIGN GROUP, INC",1-LAF,LAF,CLOSED,CLOSED_OPERATING_NON_SHELL,OPERATING,operating,CLOSED_UNIQUE,4196977000.0,2024-06-30,1dfda546464f5700518d1754b1aeb428de35db68967da81d2514df203bc40b6b,CLOSED_UNIQUE,3729355000.0,CLOSED_UNIQUE,3025468000.0,,LAF,CLOSED_PF_GE700,2025-03-03,True,DIRECT,
1126328,0001410578-25-000160,20250219,PRINCIPAL FINANCIAL GROUP INC,1-LAF,LAF,CLOSED,CLOSED_OPERATING_NON_SHELL,OPERATING,operating,CLOSED_UNIQUE,18200000000.0,2024-06-28,9acf4e6fe12ab90e9a22406db06649e6a65d8847702dd8d215e5fd377551a8b8,CLOSED_UNIQUE,13665800000.0,CLOSED_UNIQUE,17491600000.0,,LAF,CLOSED_PF_GE700,2025-03-03,True,DIRECT,
1127703,0001875246-25-000003,20250224,PROASSURANCE CORP,1-LAF,LAF,CLOSED,CLOSED_OPERATING_NON_SHELL,OPERATING,operating,CLOSED_UNIQUE,617056208.0,2024-06-30,90e93b02d4cce9489da12158c20fd0450bf114ed557761bf48a1a744e932e262,CLOSED_UNIQUE,1137212000.0,CLOSED_UNIQUE,1106688000.0,,LAF,CLOSED_PRIOR_LAF_PF_GE560,2025-03-03,True,DIRECT,
1128189,0001079973-25-000516,20250328,"PROTOKINETIX, INC.",4-NON,NAF,CLOSED,CLOSED_OPERATING_NON_SHELL,OPERATING,operating,CLOSED_UNIQUE,2665854.0,2024-06-28,765295c226a4a454fdfee3b349f6cad19623125aea389a3dc7628bc38790ba51,NO_WHITELIST_TOPLINE,,NO_WHITELIST_TOPLINE,,,NAF,CLOSED_PF_LT60,2025-03-31,True,DIRECT,
1128281,0001437749-25-012074,20250415,"SAKER AVIATION SERVICES, INC.",4-NON,NAF,CLOSED,CLOSED_OPERATING_NON_SHELL,OPERATING,operating,CLOSED_UNIQUE,8275392.0,2024-06-30,6363199f3261d7e79b689d18a9d56fbce8fc9d69e6d458066bff5a77f44b72de,CLOSED_UNIQUE,8837614.0,CLOSED_UNIQUE,7598597.0,2025-03-28,NAF,CLOSED_PF_LT60,2025-03-31,True,12B25,
1128361,0001128361-25-000010,20250226,HOPE BANCORP INC,1-LAF,LAF,CLOSED,CLOSED_OPERATING_NON_SHELL,OPERATING,operating,CLOSED_UNIQUE,1234224507.0,2024-06-30,ee605b2b4e2de260718d6077cefe406f815da895f2b7b361b7b2b58109e860fa,NO_WHITELIST_TOPLINE,,NO_WHITELIST_TOPLINE,,,LAF,CLOSED_PF_GE700,2025-03-03,True,DIRECT,
1129155,0001558370-25-001921,20250228,MARINE PRODUCTS CORP,2-ACC,AF,CLOSED,CLOSED_OPERATING_NON_SHELL,OPERATING,operating,CLOSED_UNIQUE,85817287.0,2024-06-30,7f6c9c394eac42d64c31c765dba2734b8566176980be75f980bebbbd71839712,CLOSED_UNIQUE,383729000.0,CLOSED_UNIQUE,380995000.0,,AF,CLOSED_PRIOR_ACC_REV_GE80_REMAIN_AF,2025-03-17,True,DIRECT,
1130166,0001558370-25-004331,20250402,"CYCLACEL PHARMACEUTICALS, INC.",4-NON,NAF,CLOSED,CLOSED_OPERATING_NON_SHELL,OPERATING,operating,CLOSED_UNIQUE,2523882.0,2024-06-30,0b248dc8a70d1c7ba9ab8913045abf310f4e759bae0a1c6997ac034ca6086c0f,CLOSED_UNIQUE,420000.0,CLOSED_UNIQUE,0.0,2025-03-31,NAF,CLOSED_PF_LT60,2025-03-31,True,12B25,
1130464,0000950170-25-018647,20250212,BLACK HILLS CORP /SD/,1-LAF,LAF,CLOSED,CLOSED_OPERATING_NON_SHELL,OPERATING,operating,CLOSED_UNIQUE,3763633082.0,2024-06-28,59a59b8504df941c726c078c07986c1c4948fa0b3f97bd82d21ff4aa15c91587,CLOSED_UNIQUE,2331300000.0,CLOSED_UNIQUE,2551816000.0,,LAF,CLOSED_PF_GE700,2025-03-03,True,DIRECT,
1130713,0001130713-25-000024,20250225,"BEYOND, INC.",1-LAF,LAF,CLOSED,CLOSED_OPERATING_NON_SHELL,OPERATING,operating,CLOSED_UNIQUE,600000000.0,2024-06-28,f075f9cab93df8991b039fb31dae55ce6ba478d5d8a21d4b951c6effde772561,CLOSED_UNIQUE,1561122000.0,CLOSED_UNIQUE,1929334000.0,,LAF,CLOSED_PRIOR_LAF_PF_GE560,2025-03-03,True,DIRECT,
1131312,0001437749-25-009623,20250327,ZION OIL & GAS INC,4-NON,NAF,CLOSED,CLOSED_OPERATING_NON_SHELL,OPERATING,operating,CLOSED_UNIQUE,49132000.0,2024-06-30,938fb6d6dc84ea1a846b017974cd2858a39b4cd1c82f5d5375f04d6de31991e4,NO_WHITELIST_TOPLINE,,NO_WHITELIST_TOPLINE,,,NAF,CLOSED_PF_LT60,2025-03-31,True,DIRECT,
1131554,0001131554-25-000029,20250312,SYNCHRONOSS TECHNOLOGIES INC,2-ACC,AF,CLOSED,CLOSED_OPERATING_NON_SHELL,OPERATING,operating,CLOSED_UNIQUE,61900000.0,2024-06-30,e50625c7cf067a8eea93f585f23ddbf79c35140e6d4f52f55c723913258555a2,CLOSED_UNIQUE,164196000.0,CLOSED_UNIQUE,252628000.0,,AF,CLOSED_PRIOR_ACC_REV_GE80_REMAIN_AF,2025-03-17,True,DIRECT,
1131903,0001096906-25-001012,20250624,SPECTRAL CAPITAL CORP,4-NON,NAF,CLOSED,CLOSED_OPERATING_NON_SHELL,OPERATING,operating,CLOSED_UNIQUE,70159720.0,2024-06-30,3d4a7dbbd2864e32babce81e27b7714d99fa070a48e4497a67f4c994de9f7aaf,CLOSED_UNIQUE,0.0,CLOSED_UNIQUE,98323.0,2025-03-31,NAF,CLOSED_PRIOR_NON_PF_LT75,2025-03-31,False,LATE,
1132509,0001477932-25-002710,20250415,NEW MOMENTUM CORP.,4-NON,NAF,CLOSED,CLOSED_OPERATING_NON_SHELL,OPERATING,operating,CLOSED_UNIQUE,825861.0,2024-06-30,103c8966c60dff5fd75ec431186c7e74aa2360e9c3de838c7af023ee422a232b,NO_WHITELIST_TOPLINE,,NO_FY2022_10K,,2025-03-31,NAF,CLOSED_PF_LT60,2025-03-31,True,12B25,
1133311,0001133311-25-000007,20250319,TRAVELZOO,4-NON,NAF,CLOSED,CLOSED_OPERATING_NON_SHELL,OPERATING,operating,CLOSED_UNIQUE,55468866.0,2024-06-30,6fb46cda343a8b61d62179cb746357457fe6ae1ebda6443df09e1b98e1e9ae19,CLOSED_UNIQUE,84477000.0,CLOSED_UNIQUE,70599000.0,,NAF,CLOSED_PF_LT60,2025-03-31,True,DIRECT,
1133421,0001133421-25-000006,20250130,NORTHROP GRUMMAN CORP /DE/,1-LAF,LAF,CLOSED,CLOSED_OPERATING_NON_SHELL,OPERATING,operating,CLOSED_UNIQUE,63700000000.0,2024-06-30,52505a7efcd27ee0e29b8673af5e6eb602f89afaeebe9a87e324d0748b3023d5,CLOSED_UNIQUE,39290000000.0,CLOSED_UNIQUE,36602000000.0,,LAF,CLOSED_PF_GE700,2025-03-03,True,DIRECT,
1133818,0001558370-25-003837,20250327,"BIO-PATH HOLDINGS, INC.",4-NON,NAF,CLOSED,CLOSED_OPERATING_NON_SHELL,OPERATING,operating,CLOSED_UNIQUE,5042574.0,2024-06-30,58ea7cf2f43f5754ddd07b54def9a5dd8b4888be70a9dd07f1d11c9380d52154,NO_WHITELIST_TOPLINE,,NO_WHITELIST_TOPLINE,,,NAF,CLOSED_PF_LT60,2025-03-31,True,DIRECT,
1134115,0001410578-25-000319,20250312,INTERNATIONAL TOWER HILL MINES LTD,4-NON,NAF,CLOSED,CLOSED_OPERATING_NON_SHELL,OPERATING,operating,CLOSED_UNIQUE,65900000.0,2024-06-30,ef710b1977107fb9e1017b982de8bc22bcb28f82ba21a40837bc47f0bfd2f351,NO_WHITELIST_TOPLINE,,NO_WHITELIST_TOPLINE,,,NAF,CLOSED_PRIOR_NON_PF_LT75,2025-03-31,True,DIRECT,
1134765,0001437749-25-018798,20250529,"CHARLIE'S HOLDINGS, INC.",4-NON,NAF,CLOSED,CLOSED_OPERATING_NON_SHELL,OPERATING,operating,CLOSED_UNIQUE,14100000.0,2024-06-30,f94101936f4c937dc4f56c73c63cfc6e45c68ed4aac7c353e54986a121a8ee35,CLOSED_UNIQUE,16250000.0,NO_WHITELIST_TOPLINE,,2025-03-31,NAF,CLOSED_PF_LT60,2025-03-31,False,LATE,
1136174,0001628280-25-017681,20250414,"ONTRAK, INC.",4-NON,NAF,CLOSED,CLOSED_OPERATING_NON_SHELL,OPERATING,operating,CLOSED_UNIQUE,4000000.0,2024-06-30,530fb72fd92280d41275526af21535b79b191144668d4fac4802abff251c3196,CLOSED_UNIQUE,12743000.0,CLOSED_UNIQUE,14514000.0,2025-04-01,NAF,CLOSED_PF_LT60,2025-03-31,True,12B25,
1136869,0000950170-25-026604,20250225,"ZIMMER BIOMET HOLDINGS, INC.",1-LAF,LAF,CLOSED,CLOSED_OPERATING_NON_SHELL,OPERATING,operating,CLOSED_UNIQUE,22228595506.0,2024-06-28,d2de8e2f034733f80d39212e9fa2d4687616f64dde20454f54c874abac9e47dc,CLOSED_UNIQUE,7394200000.0,CLOSED_UNIQUE,6939900000.0,,LAF,CLOSED_PF_GE700,2025-03-03,True,DIRECT,
1136893,0001136893-25-000014,20250213,"FIDELITY NATIONAL INFORMATION SERVICES, INC.",1-LAF,LAF,CLOSED,CLOSED_OPERATING_NON_SHELL,OPERATING,operating,CLOSED_UNIQUE,41321625726.0,2024-06-30,af846d9e2ce23e09b4223a5a222f1c27a4b489e10334bfec831aa09d0e3b5853,CLOSED_UNIQUE,9821000000.0,CLOSED_UNIQUE,14528000000.0,,LAF,CLOSED_PF_GE700,2025-03-03,True,DIRECT,
1137774,0001137774-25-000044,20250213,PRUDENTIAL FINANCIAL INC,1-LAF,LAF,CLOSED,CLOSED_OPERATING_NON_SHELL,OPERATING,operating,CLOSED_UNIQUE,41910000000.0,2024-06-30,ebe4876ed404174beab4d7bb0fdc9086ea391deec72ff10ae559b88f14177942,CLOSED_UNIQUE,53979000000.0,CLOSED_UNIQUE,60050000000.0,,LAF,CLOSED_PF_GE700,2025-03-03,True,DIRECT,
1137883,0001410578-25-000545,20250331,BRAINSTORM CELL THERAPEUTICS INC.,4-NON,NAF,CLOSED,CLOSED_OPERATING_NON_SHELL,OPERATING,operating,CLOSED_UNIQUE,25547414.0,2024-06-30,dc605e46c3d2d221785ef344eefea641a55b766680ad354a300e891897fa30df,NO_WHITELIST_TOPLINE,,NO_WHITELIST_TOPLINE,,,NAF,CLOSED_PF_LT60,2025-03-31,True,DIRECT,
1138118,0001138118-25-000005,20250214,"CBRE GROUP, INC.",1-LAF,LAF,CLOSED,CLOSED_OPERATING_NON_SHELL,OPERATING,operating,CLOSED_UNIQUE,27200000000.0,2024-06-30,c64b18914639812114708371f414f5712fbfda939ffb3a49b06b970a58c502a3,CLOSED_UNIQUE,31949000000.0,CLOSED_UNIQUE,30828246000.0,,LAF,CLOSED_PF_GE700,2025-03-03,True,DIRECT,
1138476,0001185185-25-000193,20250319,PACIFIC HEALTH CARE ORGANIZATION INC,4-NON,NAF,CLOSED,CLOSED_OPERATING_NON_SHELL,OPERATING,operating,CLOSED_UNIQUE,3849120.0,2024-06-30,cc87dd3fe12ff59f7ae513dd1ce65e9699bdc586c0438ca887ba12a799a33136,CLOSED_UNIQUE,5629918.0,CLOSED_UNIQUE,5744957.0,,NAF,CLOSED_PF_LT60,2025-03-31,True,DIRECT,
1138639,0001138639-25-000035,20250228,INFINERA CORP,1-LAF,LAF,CLOSED,CLOSED_OPERATING_NON_SHELL,OPERATING,operating,CLOSED_UNIQUE,901214832.0,2024-06-29,cadfe7e2134f39207600f8464eeb78006bff591045fb503fb52d65728f207b6a,CLOSED_UNIQUE,1614128000.0,CLOSED_UNIQUE,1573242000.0,,LAF,CLOSED_PF_GE700,2025-03-03,True,DIRECT,
1140102,0001437749-25-009646,20250327,"HIREQUEST, INC.",4-NON,NAF,CLOSED,CLOSED_OPERATING_NON_SHELL,OPERATING,operating,CLOSED_UNIQUE,66100000.0,2024-06-30,060d49407d4b1d6cb222e85cd95c6f7734b7d0dbf966a6a66bce590239e3e28a,CLOSED_UNIQUE,37882000.0,CLOSED_UNIQUE,30952000.0,,NAF,CLOSED_PRIOR_NON_PF_LT75,2025-03-31,True,DIRECT,
1140215,0001641172-25-001344,20250328,"REED'S, INC.",4-NON,NAF,CLOSED,CLOSED_OPERATING_NON_SHELL,OPERATING,operating,CLOSED_UNIQUE,2745501.0,2024-06-30,43de19a7a13a5390707af3de7b54aba3eb4f84258c0e2835b3cc422471ef5c47,CLOSED_UNIQUE,44711000.0,CLOSED_UNIQUE,53041000.0,,NAF,CLOSED_PF_LT60,2025-03-31,True,DIRECT,
1140536,0000950170-25-026278,20250225,WILLIS TOWERS WATSON PLC,1-LAF,LAF,CLOSED,CLOSED_OPERATING_NON_SHELL,OPERATING,operating,CLOSED_UNIQUE,26561578541.0,2024-06-30,eb6022b6161a40362419e658a271e36abd0b6f18bc012054125a60b7dde3f278,CLOSED_UNIQUE,9483000000.0,CLOSED_UNIQUE,8866000000.0,,LAF,CLOSED_PF_GE700,2025-03-03,True,DIRECT,
1141240,0001437749-25-007519,20250313,LIQUIDMETAL TECHNOLOGIES INC,4-NON,NAF,CLOSED,CLOSED_OPERATING_NON_SHELL,OPERATING,operating,CLOSED_UNIQUE,25546249.0,2024-06-30,a604bce2d897d49943d661df221f1c24249a9640735ce11d16c9c9a1c4848823,CLOSED_UNIQUE,510000.0,CLOSED_UNIQUE,383000.0,,NAF,CLOSED_PF_LT60,2025-03-31,True,DIRECT,
1141284,0001013762-25-001251,20250324,ACTELIS NETWORKS INC,4-NON,NAF,CLOSED,CLOSED_OPERATING_NON_SHELL,OPERATING,operating,CLOSED_UNIQUE,11077194.0,2024-06-30,8925f0b782455cee0468c73f709eb566a48a17f0f985cdd9dbdf80682d203291,CLOSED_UNIQUE,5606000.0,CLOSED_UNIQUE,8831000.0,,NAF,CLOSED_PF_LT60,2025-03-31,True,DIRECT,
1141391,0001141391-25-000011,20250212,MASTERCARD INC,1-LAF,LAF,CLOSED,CLOSED_OPERATING_NON_SHELL,OPERATING,operating,CLOSED_UNIQUE,364400000000.0,2024-06-28,51cc46b5e64dfb1ad9847204b11c3ac4d511f3438a385cd61f1d96092bf6c6ac,CLOSED_UNIQUE,25098000000.0,CLOSED_UNIQUE,22237000000.0,,LAF,CLOSED_PF_GE700,2025-03-03,True,DIRECT,
1141688,0001641172-25-000643,20250325,LANDMARK BANCORP INC,4-NON,NAF,CLOSED,CLOSED_OPERATING_NON_SHELL,OPERATING,operating,CLOSED_UNIQUE,74100000.0,2024-06-30,96d2e8148b0dcf44ab2b77a1c264ed19552eedba54e50e4fb59ec07eadba0ae0,NO_WHITELIST_TOPLINE,,NO_WHITELIST_TOPLINE,,,NAF,CLOSED_PRIOR_NON_PF_LT75,2025-03-31,True,DIRECT,
1142417,0000950170-25-028949,20250227,"NEXSTAR MEDIA GROUP, INC.",1-LAF,LAF,CLOSED,CLOSED_OPERATING_NON_SHELL,OPERATING,operating,CLOSED_UNIQUE,5082992458.0,2024-06-30,57d34fc8dbb11c1b2e817142238d3de0483de49091bdf99dbc7241b064775747,CLOSED_UNIQUE,4933000000.0,CLOSED_UNIQUE,5211000000.0,,LAF,CLOSED_PF_GE700,2025-03-03,True,DIRECT,
1142750,0001142750-25-000011,20250221,AMN HEALTHCARE SERVICES INC,1-LAF,LAF,CLOSED,CLOSED_OPERATING_NON_SHELL,OPERATING,operating,CLOSED_UNIQUE,1934078967.0,2024-06-30,485115771bd9793d1bafe9dd9f02089cab8ab7ab52ae7f8066c0eac353e504e0,CLOSED_UNIQUE,3789254000.0,CLOSED_UNIQUE,5243242000.0,,LAF,CLOSED_PF_GE700,2025-03-03,True,DIRECT,
1144980,0001144980-25-000077,20250226,ASBURY AUTOMOTIVE GROUP INC,1-LAF,LAF,CLOSED,CLOSED_OPERATING_NON_SHELL,OPERATING,operating,CLOSED_UNIQUE,4520000000.0,2024-06-30,2555c738b2968caae8da2033f184077359f03f6b3515fcdebbb62087dfb6d172,CLOSED_UNIQUE,14802700000.0,CLOSED_UNIQUE,15433800000.0,,LAF,CLOSED_PF_GE700,2025-03-03,True,DIRECT,
1145197,0001145197-25-000007,20250221,INSULET CORP,1-LAF,LAF,CLOSED,CLOSED_OPERATING_NON_SHELL,OPERATING,operating,CLOSED_UNIQUE,14100000000.0,2024-06-30,6fb22a9194e4b41035e03a719ab2f3a73ca0bfd012291093675f5815e44c3440,CLOSED_UNIQUE,1697100000.0,CONFLICTING_WHITELIST_VALUES,,,LAF,CLOSED_PF_GE700,2025-03-03,True,DIRECT,
1145986,0000950170-25-029252,20250227,ASPEN AEROGELS INC,2-ACC,AF,CLOSED,CLOSED_OPERATING_NON_SHELL,OPERATING,operating,CLOSED_UNIQUE,1709500000.0,2024-06-30,8856279448481053ed590a200de3147286be6009ff1078a0dea21b20c44caf73,CLOSED_UNIQUE,238718000.0,CLOSED_UNIQUE,180364000.0,,LAF,CLOSED_PF_GE700,2025-03-03,True,DIRECT,
11544,0000011544-25-000005,20250224,BERKLEY W R CORP,1-LAF,LAF,CLOSED,CLOSED_OPERATING_NON_SHELL,OPERATING,operating,CLOSED_UNIQUE,15700741833.0,2024-06-30,6321b252d20e72e22da0dcb3da135b493bcc93b86d99f028ee6a6592f19d7ff1,CLOSED_UNIQUE,12142938000.0,CLOSED_UNIQUE,11166499000.0,,LAF,CLOSED_PF_GE700,2025-03-03,True,DIRECT,
1156039,0001156039-25-000010,20250220,"ELEVANCE HEALTH, INC.",1-LAF,LAF,CLOSED,CLOSED_OPERATING_NON_SHELL,OPERATING,operating,CLOSED_UNIQUE,116687067115.0,2024-06-30,34da832c76efda375601ec6d0a2d92e5246e12207c86957996045b41f29c834e,CONFLICTING_WHITELIST_VALUES,,CONFLICTING_WHITELIST_VALUES,,,LAF,CLOSED_PF_GE700,2025-03-03,True,DIRECT,
1156375,0001156375-25-000021,20250227,CME GROUP INC.,1-LAF,LAF,CLOSED,CLOSED_OPERATING_NON_SHELL,OPERATING,operating,CLOSED_UNIQUE,70400000000.0,2024-06-30,59155de4cb53b2553f3e9bf120414bf1eccd18a6b92b29492102f4a47918db0b,CLOSED_UNIQUE,5578900000.0,CLOSED_UNIQUE,5019400000.0,,LAF,CLOSED_PF_GE700,2025-03-03,True,DIRECT,
1156388,0000950170-25-027520,20250226,BIG 5 SPORTING GOODS CORP,2-ACC,AF,CLOSED,CLOSED_OPERATING_NON_SHELL,OPERATING,operating,CLOSED_UNIQUE,63299526.0,2024-06-30,fb8c7fdb898cbb6cc6de04327993152a5a8a6fce585162a55aa94f252593c368,CLOSED_UNIQUE,884745000.0,CLOSED_UNIQUE,995538000.0,,AF,CLOSED_PRIOR_ACC_REV_GE80_REMAIN_AF,2025-03-17,True,DIRECT,
1157601,0001628280-25-007980,20250226,"MADRIGAL PHARMACEUTICALS, INC.",1-LAF,LAF,CLOSED,CLOSED_OPERATING_NON_SHELL,OPERATING,operating,CLOSED_UNIQUE,5100000000.0,2024-06-30,99fd3088274c13394c4c2abbb39e7555ccb4dd323f95bc4cdd3f5b2edb83199b,CLOSED_UNIQUE,0.0,NO_WHITELIST_TOPLINE,,,LAF,CLOSED_PF_GE700,2025-03-03,True,DIRECT,
1157762,0001104659-25-029080,20250328,CHINA AUTOMOTIVE SYSTEMS INC,4-NON,NAF,CLOSED,CLOSED_OPERATING_NON_SHELL,OPERATING,operating,CLOSED_UNIQUE,37700000.0,2024-06-28,8d71425b4de6c5cab584354f14a43e5019024a4a1d962000c5450cd8e3d87016,CLOSED_UNIQUE,576354000.0,NO_WHITELIST_TOPLINE,,,NAF,CLOSED_PF_LT60,2025-03-31,True,DIRECT,
1158172,0001158172-25-000021,20250306,"COMSCORE, INC.",2-ACC,AF,CLOSED,CLOSED_OPERATING_NON_SHELL,OPERATING,operating,CLOSED_UNIQUE,55000000.0,2024-06-28,780fb5443f3931025d4eaa89bcf5d01bf7efd9d11a6b506372d12f0500a0ec7c,CLOSED_UNIQUE,371343000.0,CLOSED_UNIQUE,376423000.0,,NAF,CLOSED_PF_LT60,2025-03-31,True,DIRECT,
1158324,0001410578-25-000226,20250228,"COGENT COMMUNICATIONS HOLDINGS, INC.",1-LAF,LAF,CLOSED,CLOSED_OPERATING_NON_SHELL,OPERATING,operating,CLOSED_UNIQUE,2500000000.0,2024-06-28,8544e0625223f44b761fcbcfb9c64e1dbc706a37cc13c3bb1f1f95575e54277e,NO_WHITELIST_TOPLINE,,NO_WHITELIST_TOPLINE,,,LAF,CLOSED_PF_GE700,2025-03-03,True,DIRECT,
1158463,0001158463-25-000005,20250214,JETBLUE AIRWAYS CORP,1-LAF,LAF,CLOSED,CLOSED_OPERATING_NON_SHELL,OPERATING,operating,CLOSED_UNIQUE,2100000000.0,2024-06-30,7bb8be75176905ee1b27d5b9f136ffe1d3681f83cfa1fca62b8a1b18c9618e61,CLOSED_UNIQUE,9615000000.0,CLOSED_UNIQUE,9158000000.0,,LAF,CLOSED_PF_GE700,2025-03-03,True,DIRECT,
1158895,0001437749-25-005637,20250228,LEMAITRE VASCULAR INC,1-LAF,LAF,CLOSED,CLOSED_OPERATING_NON_SHELL,OPERATING,operating,CLOSED_UNIQUE,1700000000.0,2024-06-30,f1751bfd54745c6fca1504ce5e0d9e82a8ca3c36dece558ecae86fc56929c9c2,CLOSED_UNIQUE,193484000.0,CLOSED_UNIQUE,161651000.0,,LAF,CLOSED_PF_GE700,2025-03-03,True,DIRECT,
1159036,0001159036-25-000010,20250218,"HALOZYME THERAPEUTICS, INC.",1-LAF,LAF,CLOSED,CLOSED_OPERATING_NON_SHELL,OPERATING,operating,CLOSED_UNIQUE,4900000000.0,2024-06-30,786f512668e07194a648a9dbaa99fb42624ca9ee91bbcbfd4b6ac247a174bbdb,CLOSED_UNIQUE,829253000.0,CLOSED_UNIQUE,660116000.0,,LAF,CLOSED_PF_GE700,2025-03-03,True,DIRECT,
1160791,0001558370-25-004602,20250408,GOLD RESOURCE CORP,4-NON,NAF,CLOSED,CLOSED_OPERATING_NON_SHELL,OPERATING,operating,CLOSED_UNIQUE,34119764.0,2024-06-30,853e08c440273e8d0718a96fe3f7194a508b1daa276679ad60426543f7bf0a68,NO_WHITELIST_TOPLINE,,NO_WHITELIST_TOPLINE,,2025-04-01,NAF,CLOSED_PF_LT60,2025-03-31,True,12B25,
1162194,0000950170-25-036608,20250311,STANDARD BIOTOOLS INC.,4-NON,NAF,CLOSED,CLOSED_OPERATING_NON_SHELL,OPERATING,operating,CLOSED_UNIQUE,433100000.0,2024-06-28,233b3e32542ac4ad3b1faae7e7a3497bb3879bd9fb4d766d7e89d48d04462abe,CLOSED_UNIQUE,106340000.0,CLOSED_UNIQUE,97948000.0,,AF,CLOSED_PRIOR_NON_REV_GE100_ENTER_AF,2025-03-17,True,DIRECT,
1163165,0001163165-25-000012,20250218,CONOCOPHILLIPS,1-LAF,LAF,CLOSED,CLOSED_OPERATING_NON_SHELL,OPERATING,operating,CLOSED_UNIQUE,132700000000.0,2024-06-30,5ccb4911190b4934177917bce34e85ce2552bce5c15dcbe0808ae847604cade0,CLOSED_UNIQUE,56141000000.0,CLOSED_UNIQUE,78494000000.0,,LAF,CLOSED_PF_GE700,2025-03-03,True,DIRECT,
1163302,0001163302-25-000018,20250131,UNITED STATES STEEL CORP,1-LAF,LAF,CLOSED,CLOSED_OPERATING_NON_SHELL,OPERATING,operating,CLOSED_UNIQUE,8500000000.0,2024-06-30,4f88f6c493a8dbc06a7d314bbc9bdc238eb9e21b6a8deb037b9b025a5a944b96,NO_WHITELIST_TOPLINE,,CLOSED_UNIQUE,19123000000.0,,LAF,CLOSED_PF_GE700,2025-03-03,True,DIRECT,
1163389,0001903596-25-000149,20250331,NEW PEOPLES BANKSHARES INC,4-NON,NAF,CLOSED,CLOSED_OPERATING_NON_SHELL,OPERATING,operating,CLOSED_UNIQUE,24896869.0,2024-06-30,8d9760a6302d038f1a87b6113f12db242c20605f949c1ed726692e58dcc8d37c,NO_WHITELIST_TOPLINE,,NO_WHITELIST_TOPLINE,,,NAF,CLOSED_PF_LT60,2025-03-31,True,DIRECT,
1163609,0001163609-25-000010,20250328,SOUTH DAKOTA SOYBEAN PROCESSORS LLC,4-NON,NAF,CLOSED,CLOSED_OPERATING_NON_SHELL,OPERATING,operating,CLOSED_UNIQUE,278392000.0,2024-06-30,eaa874dd2784f0a320d433a282bcd707ad491d7e157e201a6d9102cfaa35b305,CLOSED_UNIQUE,703148409.0,CLOSED_UNIQUE,721532329.0,,AF,CLOSED_PRIOR_NON_REV_GE100_ENTER_AF,2025-03-17,False,LATE,
1163739,0001558370-25-000926,20250213,NABORS INDUSTRIES LTD,1-LAF,LAF,CLOSED,CLOSED_OPERATING_NON_SHELL,OPERATING,operating,CLOSED_UNIQUE,640020868.0,2024-06-30,97554a4c3e5ca8aa1b7da9b6d1ba4f5099743bf49c16c18b3da4c0a38e409fbe,CLOSED_UNIQUE,3005981000.0,CLOSED_UNIQUE,2653766000.0,,LAF,CLOSED_PRIOR_LAF_PF_GE560,2025-03-03,True,DIRECT,
1164727,0001164727-25-000011,20250221,NEWMONT CORP /DE/,1-LAF,LAF,CLOSED,CLOSED_OPERATING_NON_SHELL,OPERATING,operating,CLOSED_UNIQUE,48153562623.0,2024-06-30,f7f09182a79086d1d8080eb1e9528bd68ce6159ec18ef92ca989534bc35e35d3,NO_WHITELIST_TOPLINE,,NO_WHITELIST_TOPLINE,,,LAF,CLOSED_PF_GE700,2025-03-03,True,DIRECT,
1164863,0001164863-25-000009,20250221,ENPRO INC.,1-LAF,LAF,CLOSED,CLOSED_OPERATING_NON_SHELL,OPERATING,operating,CLOSED_UNIQUE,3037824925.0,2024-06-28,cb347beeb40af1b165b5e8619e483da3670f9bbc470fc6deeba48c1b9d9d7cb6,CLOSED_UNIQUE,1059300000.0,CLOSED_UNIQUE,1099200000.0,,LAF,CLOSED_PF_GE700,2025-03-03,True,DIRECT,
1166003,0001166003-25-000017,20250207,"XPO, INC.",1-LAF,LAF,CLOSED,CLOSED_OPERATING_NON_SHELL,OPERATING,operating,CLOSED_UNIQUE,12100000000.0,2024-06-28,5d9d65ca7bbe11d4f0b2fbd7bff463e6e632689def9b0dd74f1b6a8ca150d013,CLOSED_UNIQUE,7744000000.0,CLOSED_UNIQUE,7718000000.0,,LAF,CLOSED_PF_GE700,2025-03-03,True,DIRECT,
1166691,0001166691-25-000011,20250131,COMCAST CORP,1-LAF,LAF,CLOSED,CLOSED_OPERATING_NON_SHELL,OPERATING,operating,CLOSED_UNIQUE,150621000000.0,2024-06-30,0cf9a3b663e0512ae990dd0cec58da5346e49229107ab89c4155bd342f0b659b,CLOSED_UNIQUE,121572000000.0,CLOSED_UNIQUE,121427000000.0,,LAF,CLOSED_PF_GE700,2025-03-03,True,DIRECT,
1166708,0001641172-25-015177,20250616,"BROWNIE'S MARINE GROUP, INC",4-NON,NAF,CLOSED,CLOSED_OPERATING_NON_SHELL,OPERATING,operating,CLOSED_UNIQUE,5273810.0,2024-06-28,deca5193fd25ba39bc249647d4ee817314b054376102c846b6ce40a0c59fd38a,CLOSED_UNIQUE,7580798.0,CLOSED_UNIQUE,8577372.0,2025-03-31,NAF,CLOSED_PF_LT60,2025-03-31,False,LATE,
1167419,0001558370-25-001888,20250228,"RIOT PLATFORMS, INC.",1-LAF,LAF,CLOSED,CLOSED_OPERATING_NON_SHELL,OPERATING,operating,CLOSED_UNIQUE,2100000000.0,2024-06-30,bb4959f903e9e6e90d34dd9711602a97809ff7d14cb3336e4560ec4872370e72,CLOSED_UNIQUE,280678000.0,CLOSED_UNIQUE,259171000.0,,LAF,CLOSED_PF_GE700,2025-03-03,True,DIRECT,
1169445,0001169445-25-000042,20250317,"TRUBRIDGE, INC.",2-ACC,AF,CLOSED,CLOSED_OPERATING_NON_SHELL,OPERATING,operating,CLOSED_UNIQUE,122374680.0,2024-06-30,ab766fb36c6fac02cf5ff9f36ad4b43449b8c92e0737cec7e72d16eebf1f47c9,CLOSED_UNIQUE,339435000.0,NO_WHITELIST_TOPLINE,,,AF,CLOSED_PRIOR_ACC_REV_GE80_REMAIN_AF,2025-03-17,True,DIRECT,
1169770,0001628280-25-009438,20250303,"BANC OF CALIFORNIA, INC.",1-LAF,LAF,CLOSED,CLOSED_OPERATING_NON_SHELL,OPERATING,operating,CLOSED_UNIQUE,2000000000.0,2024-06-30,d8eaaa558a4f604faa073238e4c73cbef2fbcfaf3d76a1dddb821ad7213ec024,NO_WHITELIST_TOPLINE,,NO_WHITELIST_TOPLINE,,,LAF,CLOSED_PF_GE700,2025-03-03,True,DIRECT,
1171486,0001437749-25-005715,20250228,NATURAL RESOURCE PARTNERS LP,2-ACC,AF,CLOSED,CLOSED_OPERATING_NON_SHELL,OPERATING,operating,CLOSED_UNIQUE,889000000.0,2024-06-30,e446c6d8110b105763d56d069764dcfe481909ac1cb48a4d39f0a1fdd277f4b4,NO_WHITELIST_TOPLINE,,NO_WHITELIST_TOPLINE,,,LAF,CLOSED_PF_GE700,2025-03-03,True,DIRECT,
1172052,0001172052-25-000006,20250227,SAFETY INSURANCE GROUP INC,1-LAF,LAF,CLOSED,CLOSED_OPERATING_NON_SHELL,OPERATING,operating,CLOSED_UNIQUE,1092939051.0,2024-06-30,14c7ab062c1a78cc1c17fd643eb0fccce8fb55eeb3b1352a4c2d7d9938a6d213,CLOSED_UNIQUE,930956000.0,CLOSED_UNIQUE,797559000.0,,LAF,CLOSED_PF_GE700,2025-03-03,True,DIRECT,
1172358,0001437749-25-004616,20250220,"DORCHESTER MINERALS, L.P.",1-LAF,LAF,CLOSED,CLOSED_OPERATING_NON_SHELL,OPERATING,operating,CLOSED_UNIQUE,1148558065.0,2024-06-30,3a41524d56622f8703146c7bf53a1ca2e9aa11524aa59ef08322e52090556ce4,CLOSED_UNIQUE,163799000.0,CLOSED_UNIQUE,170800000.0,,LAF,CLOSED_PF_GE700,2025-03-03,True,DIRECT,
1173313,0001213900-25-032118,20250415,"ABVC BIOPHARMA, INC.",4-NON,NAF,CLOSED,CLOSED_OPERATING_NON_SHELL,OPERATING,operating,CLOSED_UNIQUE,7200000.0,2024-06-30,0aba483248dfb2eba042c0f12f7dffdf5f2ea93d009719c19e26220b1bb9a433,CLOSED_UNIQUE,152430.0,CLOSED_UNIQUE,969783.0,2025-03-31,NAF,CLOSED_PF_LT60,2025-03-31,True,12B25,
1173489,0001437749-25-005523,20250227,CEVA INC,2-ACC,AF,CLOSED,CLOSED_OPERATING_NON_SHELL,OPERATING,operating,CLOSED_UNIQUE,287663109.0,2024-06-30,9ff87bb3a3a317438db8657ab553552d5baf00d6fb5cf399deaaf53dd0235019,CLOSED_UNIQUE,97419000.0,CLOSED_UNIQUE,134648000.0,,AF,CLOSED_PRIOR_ACC_REV_GE80_REMAIN_AF,2025-03-17,True,DIRECT,
1173514,0001173514-25-000015,20250225,"HYSTER-YALE, INC.",2-ACC,AF,CLOSED,CLOSED_OPERATING_NON_SHELL,OPERATING,operating,CLOSED_UNIQUE,806504920.0,2024-06-30,229f4d0c6b9a6d1c222521ea5f20632c32536001080f48421135142ff4fd66e0,CLOSED_UNIQUE,4118300000.0,CLOSED_UNIQUE,3548300000.0,,LAF,CLOSED_PF_GE700,2025-03-03,True,DIRECT,
1174850,0001174850-25-000008,20250225,NICOLET BANKSHARES INC,1-LAF,LAF,CLOSED,CLOSED_OPERATING_NON_SHELL,OPERATING,operating,CLOSED_UNIQUE,1100000000.0,2024-06-28,90847af03e14b44eb8e385944db843938056c4c0eae223395cc68a2a8e422ca2,NO_WHITELIST_TOPLINE,,NO_WHITELIST_TOPLINE,,,LAF,CLOSED_PF_GE700,2025-03-03,True,DIRECT,
1174891,0001641172-25-002190,20250402,"CALETHOS, INC.",4-NON,NAF,CLOSED,CLOSED_OPERATING_NON_SHELL,OPERATING,operating,CLOSED_UNIQUE,25483343.0,2024-06-30,fff5deecec7b55865d584f6fdb1681e30204191981a9be56c88793aaa926f6e4,NO_WHITELIST_TOPLINE,,NO_WHITELIST_TOPLINE,,2025-04-01,NAF,CLOSED_PF_LT60,2025-03-31,True,12B25,
1174922,0001174922-25-000039,20250213,WYNN RESORTS LTD,1-LAF,LAF,CLOSED,CLOSED_OPERATING_NON_SHELL,OPERATING,operating,CLOSED_UNIQUE,9060000000.0,2024-06-30,635dcaa0a79cb8fafda3dcee78322186a15c196e61a67a5bdef1948fd030984e,CLOSED_UNIQUE,6531897000.0,CLOSED_UNIQUE,3756825000.0,,LAF,CLOSED_PF_GE700,2025-03-03,True,DIRECT,
1174940,0001493152-25-010389,20250314,ORAGENICS INC,4-NON,NAF,CLOSED,CLOSED_OPERATING_NON_SHELL,OPERATING,operating,CLOSED_UNIQUE,4740189.0,2024-06-28,6d1219067c70faccb0ae89579d6acb322250f3e388a092f1cf9277a8dd546e4c,NO_WHITELIST_TOPLINE,,NO_WHITELIST_TOPLINE,,,NAF,CLOSED_PF_LT60,2025-03-31,True,DIRECT,
1175151,0001410578-25-000591,20250331,CYTOSORBENTS CORP,4-NON,NAF,CLOSED,CLOSED_OPERATING_NON_SHELL,OPERATING,operating,CLOSED_UNIQUE,37100000.0,2024-06-28,c1eb548c9d856cd3555c4cf0adc83de3c119c84c8a541ef88450399c3128093f,CLOSED_UNIQUE,36349379.0,CLOSED_UNIQUE,34688809.0,,NAF,CLOSED_PF_LT60,2025-03-31,True,DIRECT,
1175454,0001628280-25-008746,20250227,"CORPAY, INC.",1-LAF,LAF,CLOSED,CLOSED_OPERATING_NON_SHELL,OPERATING,operating,CLOSED_UNIQUE,17904831658.0,2024-06-30,065d6ababb9015cf676e5508802430b48bb0aa2221539fab457afdf984967fde,NO_WHITELIST_TOPLINE,,NO_WHITELIST_TOPLINE,,,LAF,CLOSED_PF_GE700,2025-03-03,True,DIRECT,
1175535,0001437749-25-007990,20250317,WHITESTONE REIT,2-ACC,AF,CLOSED,CLOSED_OPERATING_NON_SHELL,OPERATING,operating,CLOSED_UNIQUE,483049036.0,2024-06-28,7eb855e7e3ffc9a7e45de152268580655ffe23daac2be6c5018b957754df7a37,CLOSED_UNIQUE,146969000.0,CLOSED_UNIQUE,139421000.0,,AF,CLOSED_PRIOR_ACC_REV_GE80_REMAIN_AF,2025-03-17,True,DIRECT,
1176334,0001176334-25-000040,20250224,MARTIN MIDSTREAM PARTNERS L.P.,2-ACC,AF,CLOSED,CLOSED_OPERATING_NON_SHELL,OPERATING,operating,CLOSED_UNIQUE,91131243.0,2024-06-30,14552b8e06d73507bdcfcd1c58fcf83bdafdccad38330e248a0629a258612697,CLOSED_UNIQUE,797963000.0,CLOSED_UNIQUE,1018878000.0,,AF,CLOSED_PRIOR_ACC_REV_GE80_REMAIN_AF,2025-03-17,True,DIRECT,
1176948,0001628280-25-008665,20250227,ARES MANAGEMENT CORP,1-LAF,LAF,CLOSED,CLOSED_OPERATING_NON_SHELL,OPERATING,operating,CLOSED_UNIQUE,25545399693.0,2024-06-30,3509b252f1a6fbefe84bf8f9cdbf6d5894235bd39f273199435da426250d8126,CLOSED_UNIQUE,3631884000.0,CLOSED_UNIQUE,3055443000.0,,LAF,CLOSED_PF_GE700,2025-03-03,True,DIRECT,
1177702,0000950170-25-025702,20250224,SAIA INC,1-LAF,LAF,CLOSED,CLOSED_OPERATING_NON_SHELL,OPERATING,operating,CLOSED_UNIQUE,12611329837.0,2024-06-30,10d8079bd53ff8ccde1ff467857bf8219526369721335dd866fdb65d62ab6449,CLOSED_UNIQUE,2881433000.0,CLOSED_UNIQUE,2792057000.0,,LAF,CLOSED_PF_GE700,2025-03-03,True,DIRECT,
1178253,0000950170-25-038044,20250312,SCYNEXIS INC,4-NON,NAF,CLOSED,CLOSED_OPERATING_NON_SHELL,OPERATING,operating,CLOSED_UNIQUE,74947360000000.0,2024-06-28,a8ab161aca91f917082243bd9bad86f147d024616c488e449a311db248fdc053,CLOSED_UNIQUE,140141000.0,CLOSED_UNIQUE,5091000.0,,LAF,CLOSED_PF_GE700,2025-03-03,False,LATE,
1178670,0001178670-25-000026,20250213,"ALNYLAM PHARMACEUTICALS, INC.",1-LAF,LAF,CLOSED,CLOSED_OPERATING_NON_SHELL,OPERATING,operating,CLOSED_UNIQUE,30990000000.0,2024-06-30,068b00408ae834a7b784c804f6b7efbf8a0b260818ad82951f00f51ecd40e326,CLOSED_UNIQUE,1828292000.0,CLOSED_UNIQUE,1037418000.0,,LAF,CLOSED_PF_GE700,2025-03-03,True,DIRECT,
1178879,0001178879-25-000003,20250219,"AMICUS THERAPEUTICS, INC.",1-LAF,LAF,CLOSED,CLOSED_OPERATING_NON_SHELL,OPERATING,operating,CLOSED_UNIQUE,2940574460.0,2024-06-30,cb214ec0f254500e327b15b18e6cb7e018f1dda88aa69f8acd9d94eeb59f6c3c,NO_WHITELIST_TOPLINE,,NO_WHITELIST_TOPLINE,,,LAF,CLOSED_PF_GE700,2025-03-03,True,DIRECT,
1178970,0001628280-25-008991,20250228,PROVIDENT FINANCIAL SERVICES INC,1-LAF,LAF,CLOSED,CLOSED_OPERATING_NON_SHELL,OPERATING,operating,CLOSED_UNIQUE,1730000000.0,2024-06-30,5bdaf38c790924d35002a03be1086f6b930f0e9899ec0922e22e7e90ad5fbae6,NO_WHITELIST_TOPLINE,,NO_WHITELIST_TOPLINE,,,LAF,CLOSED_PF_GE700,2025-03-03,True,DIRECT,
1179929,0001179929-25-000023,20250211,"MOLINA HEALTHCARE, INC.",1-LAF,LAF,CLOSED,CLOSED_OPERATING_NON_SHELL,OPERATING,operating,CLOSED_UNIQUE,17200000000.0,2024-06-30,738871b267a4073165a48a7030da66ed27e39983b3fa6e4be3c88ae742a7b11f,CLOSED_UNIQUE,34072000000.0,CLOSED_UNIQUE,31974000000.0,,LAF,CLOSED_PF_GE700,2025-03-03,True,DIRECT,
1180262,0000950170-25-023207,20250219,HERBALIFE LTD.,1-LAF,LAF,CLOSED,CLOSED_OPERATING_NON_SHELL,OPERATING,operating,CLOSED_UNIQUE,926000000.0,2024-06-28,620be004be66c139e944e91ac6c0f72abad570da8724b5fa9f2bb991914a781a,CLOSED_UNIQUE,5062400000.0,CLOSED_UNIQUE,5204400000.0,,LAF,CLOSED_PF_GE700,2025-03-03,True,DIRECT,
1185348,0001185348-25-000006,20250227,PRA GROUP INC,1-LAF,LAF,CLOSED,CLOSED_OPERATING_NON_SHELL,OPERATING,operating,CLOSED_UNIQUE,764441903.0,2024-06-30,e7ed63eb2151be098d63f2c82f79aa710047ee3aeb80012a6a7c3bcb82f37f31,CLOSED_UNIQUE,802554000.0,CLOSED_UNIQUE,966524000.0,,LAF,CLOSED_PF_GE700,2025-03-03,True,DIRECT,
1192448,0001558370-25-001402,20250225,GLAUKOS CORP,1-LAF,LAF,CLOSED,CLOSED_OPERATING_NON_SHELL,OPERATING,operating,CLOSED_UNIQUE,6488000000.0,2024-06-30,6519dfe989ecb592ca4109239d51ec9a4cad4168fd411bd3af89c134174dc2f2,CLOSED_UNIQUE,314711000.0,CLOSED_UNIQUE,282862000.0,,LAF,CLOSED_PF_GE700,2025-03-03,True,DIRECT,
1195734,0001195734-25-000029,20250306,POTBELLY CORP,2-ACC,AF,CLOSED,CLOSED_OPERATING_NON_SHELL,OPERATING,operating,CLOSED_UNIQUE,241100000.0,2024-06-30,fafa672b1674fdabec49991b483129c7cf2cf0d2c36baf01152b554f57586274,CLOSED_UNIQUE,491409000.0,CLOSED_UNIQUE,451973000.0,,AF,CLOSED_PRIOR_ACC_REV_GE80_REMAIN_AF,2025-03-17,True,DIRECT,
1196298,0001641172-25-000234,20250324,NEPHROS INC,4-NON,NAF,CLOSED,CLOSED_OPERATING_NON_SHELL,OPERATING,operating,CLOSED_UNIQUE,14091124.0,2024-06-30,8356a371beb54ae3c8d7a885843102f2d35bb17d1ecc892e0dc12f8f4e0561b7,CLOSED_UNIQUE,14238000.0,CLOSED_UNIQUE,9975000.0,,NAF,CLOSED_PF_LT60,2025-03-31,True,DIRECT,
1198415,0001683168-25-001899,20250326,"ALTEGRIS WINTON FUTURES FUND, L.P.",4-NON,NAF,CLOSED,CLOSED_OPERATING_NON_SHELL,OPERATING,operating,CLOSED_UNIQUE,0.0,2024-06-30,d01bc1623f093aa955fb3926d017b5eea2663702413ab8cbae004f661e15f27a,NO_WHITELIST_TOPLINE,,NO_WHITELIST_TOPLINE,,,NAF,CLOSED_PF_LT60,2025-03-31,True,DIRECT,
1200375,0001200375-25-000003,20250227,"CODEXIS, INC.",2-ACC,AF,CLOSED,CLOSED_OPERATING_NON_SHELL,OPERATING,operating,CLOSED_UNIQUE,152400000.0,2024-06-30,6831765b5fee4d4dd7958c486b6bdc958a7e6be87655faa680c41c6539f21e5a,CLOSED_UNIQUE,70143000.0,CLOSED_UNIQUE,138590000.0,,NAF,CLOSED_PRIOR_ACC_REV_LT80_EXIT_NAF,2025-03-31,True,DIRECT,
1201792,0001201792-25-000004,20250306,AMERICAN PUBLIC EDUCATION INC,2-ACC,AF,CLOSED,CLOSED_OPERATING_NON_SHELL,OPERATING,operating,CLOSED_UNIQUE,279000000.0,2024-06-30,c6b9af71333ef64f33fa32758c4aa8b94d4f2f908ef3f90c4f6c087a48de0ada,CLOSED_UNIQUE,600545000.0,CLOSED_UNIQUE,606328000.0,,AF,CLOSED_PRIOR_ACC_REV_GE80_REMAIN_AF,2025-03-17,True,DIRECT,
1205922,0000950170-25-054318,20250415,"VACCINEX, INC.",4-NON,NAF,CLOSED,CLOSED_OPERATING_NON_SHELL,OPERATING,operating,CLOSED_UNIQUE,5577428.0,2024-06-30,8803d7ec9e263440fef7f8c9459895251919c5d85cb933c6129fa3646f9a5fb4,CLOSED_UNIQUE,570000.0,CLOSED_UNIQUE,275000.0,,NAF,CLOSED_PF_LT60,2025-03-31,False,LATE,
1206264,0001206264-25-000058,20250228,SOMNIGROUP INTERNATIONAL INC.,1-LAF,LAF,CLOSED,CLOSED_OPERATING_NON_SHELL,OPERATING,operating,CLOSED_UNIQUE,7901086937.0,2024-06-30,b80f107174ca3066ccd20e99e028597c80692d61cb6a1c0487500dff008eb913,CLOSED_UNIQUE,4925400000.0,CLOSED_UNIQUE,4921200000.0,,LAF,CLOSED_PF_GE700,2025-03-03,True,DIRECT,
1210677,0000950170-25-029067,20250227,FIRST ADVANTAGE CORP,1-LAF,LAF,CLOSED,CLOSED_OPERATING_NON_SHELL,OPERATING,operating,CLOSED_UNIQUE,812574408.0,2024-06-30,67d6dbbc1f1f52d5ce6cd9268f12d6cb3a9e270d4d8abf9dbdd194d37cef70ec,CLOSED_UNIQUE,763761000.0,CLOSED_UNIQUE,810023000.0,,LAF,CLOSED_PF_GE700,2025-03-03,True,DIRECT,
1210708,0001210708-25-000013,20250314,"HUDSON GLOBAL, INC.",4-NON,NAF,CLOSED,CLOSED_OPERATING_NON_SHELL,OPERATING,operating,CLOSED_UNIQUE,25035157.0,2024-06-30,cb38409804bb38683c9de7a0d60e4deb561a704b0f09e9d65b997ebcf49660a8,CLOSED_UNIQUE,161338000.0,CLOSED_UNIQUE,200917000.0,,NAF,CLOSED_PF_LT60,2025-03-31,True,DIRECT,
1211805,0001641172-25-000990,20250327,"MY SIZE, INC.",4-NON,NAF,CLOSED,CLOSED_OPERATING_NON_SHELL,OPERATING,operating,CLOSED_UNIQUE,2640000.0,2024-06-30,c7b24ff1af2889fa0b7b9812c53846dd6679705966e024d310d20d2615588bd2,CLOSED_UNIQUE,6996000.0,NO_WHITELIST_TOPLINE,,,NAF,CLOSED_PF_LT60,2025-03-31,True,DIRECT,
1212545,0001212545-25-000090,20250225,WESTERN ALLIANCE BANCORPORATION,1-LAF,LAF,CLOSED,CLOSED_OPERATING_NON_SHELL,OPERATING,operating,CLOSED_UNIQUE,6730000000.0,2024-06-30,1a354a0d5067281a8c7f6bd3ac1affe70e459b3db4c64bfc845031a2099a7c9e,NO_WHITELIST_TOPLINE,,NO_WHITELIST_TOPLINE,,,LAF,CLOSED_PF_GE700,2025-03-03,True,DIRECT,
1213809,0001437749-25-009350,20250326,DYADIC INTERNATIONAL INC,4-NON,NAF,CLOSED,CLOSED_OPERATING_NON_SHELL,OPERATING,operating,CLOSED_UNIQUE,30477226.0,2024-06-30,b6afd692c3e7929ce11527542d1da0c273cfe08306da46709a642d9b5f7cff0e,CLOSED_UNIQUE,2898806.0,CLOSED_UNIQUE,2930303.0,,NAF,CLOSED_PF_LT60,2025-03-31,True,DIRECT,
1214816,0001214816-25-000056,20250226,AXIS CAPITAL HOLDINGS LTD,1-LAF,LAF,CLOSED,CLOSED_OPERATING_NON_SHELL,OPERATING,operating,CLOSED_UNIQUE,5900000000.0,2024-06-30,9b79eb0f3f45950a2217e15c3fad1d271b8762c5aed726b27ea3d536f4405ee0,CLOSED_UNIQUE,5643388000.0,CLOSED_UNIQUE,5135439000.0,,LAF,CLOSED_PF_GE700,2025-03-03,True,DIRECT,
1217234,0001217234-25-000012,20250228,"CAREDX, INC.",2-ACC,AF,CLOSED,CLOSED_OPERATING_NON_SHELL,OPERATING,operating,CLOSED_UNIQUE,772500000.0,2024-06-28,ac5a884d9d60e212f179897c7179939fdb145b4dbbe829313707c15a178ccecd,CLOSED_UNIQUE,280324000.0,CLOSED_UNIQUE,321793000.0,,LAF,CLOSED_PF_GE700,2025-03-03,True,DIRECT,
1219601,0001219601-25-000009,20250303,"CROWN HOLDINGS, INC.",1-LAF,LAF,CLOSED,CLOSED_OPERATING_NON_SHELL,OPERATING,operating,CLOSED_UNIQUE,8940581920.0,2024-06-30,6c819d390e71a9c7093345df58b134c0de4ab414853221fde0fa316971940a3e,CLOSED_UNIQUE,12010000000.0,CLOSED_UNIQUE,12943000000.0,,LAF,CLOSED_PF_GE700,2025-03-03,True,DIRECT,
12239,0001213900-25-031890,20250415,DOMINARI HOLDINGS INC.,4-NON,NAF,CLOSED,CLOSED_OPERATING_NON_SHELL,OPERATING,operating,CLOSED_UNIQUE,7746180.0,2024-06-28,416635e91feff898e339f07837c5f07a29555eebe4aeb8480ed0b7a3b124af26,CLOSED_UNIQUE,2039000.0,NO_WHITELIST_TOPLINE,,2025-03-27,NAF,CLOSED_PF_LT60,2025-03-31,True,12B25,
1224608,0001224608-25-000006,20250226,"CNO FINANCIAL GROUP, INC.",1-LAF,LAF,CLOSED,CLOSED_OPERATING_NON_SHELL,OPERATING,operating,CLOSED_UNIQUE,2900000000.0,2024-06-30,076d1471293975dcc557a29c7d5d60b6ec5f44860537560335a69065a1871ec3,CLOSED_UNIQUE,4146800000.0,CLOSED_UNIQUE,3576800000.0,,LAF,CLOSED_PF_GE700,2025-03-03,True,DIRECT,
1226616,0000950170-25-023301,20250219,MEDICINOVA INC,4-NON,NAF,CLOSED,CLOSED_OPERATING_NON_SHELL,OPERATING,operating,CLOSED_UNIQUE,68589096.0,2024-06-28,3cfcddf14e28f1cf08df36d8dcac65e894c4ae569be56ea60f009e2dc255eeba,CLOSED_UNIQUE,1000000.0,NO_WHITELIST_TOPLINE,,,NAF,CLOSED_PRIOR_NON_PF_LT75,2025-03-31,True,DIRECT,
1227636,0001558370-25-003833,20250327,"NEURONETICS, INC.",4-NON,NAF,CLOSED,CLOSED_OPERATING_NON_SHELL,OPERATING,operating,CLOSED_UNIQUE,48900000.0,2024-06-30,fba06b4bc2b2671ff04fd1b877200bebdb82261eb8d0b1582568a2b6119a1971,CLOSED_UNIQUE,71348000.0,CLOSED_UNIQUE,65206000.0,,NAF,CLOSED_PF_LT60,2025-03-31,True,DIRECT,
1228627,0001140361-25-011410,20250331,"OPUS GENETICS, INC.",4-NON,NAF,CLOSED,CLOSED_OPERATING_NON_SHELL,OPERATING,operating,CLOSED_UNIQUE,38700000.0,2024-06-28,64009d4bf53ccc7e74d70e04489550700c130532410ce3c232b73cb2ea5fe775,NO_WHITELIST_TOPLINE,,NO_WHITELIST_TOPLINE,,,NAF,CLOSED_PF_LT60,2025-03-31,True,DIRECT,
1230058,0000892626-25-000011,20250324,KAANAPALI LAND LLC,4-NON,NAF,CLOSED,CLOSED_OPERATING_NON_SHELL,OPERATING,operating,CLOSED_UNIQUE,0.0,2024-06-30,df152be8a5a444a6ff1d194290760c9b2a600ca30eb5e213c23f093b318dbb4e,CLOSED_UNIQUE,2990000.0,CLOSED_UNIQUE,9063000.0,,NAF,CLOSED_PF_LT60,2025-03-31,True,DIRECT,
1230245,0001230245-25-000038,20250227,PIPER SANDLER COMPANIES,1-LAF,LAF,CLOSED,CLOSED_OPERATING_NON_SHELL,OPERATING,operating,CLOSED_UNIQUE,3960000000.0,2024-06-30,e7830ea802661c1423eefc40c2c0671b907a6da9309ddbc4fc56241bbd654f21,CONFLICTING_WHITELIST_VALUES,,CONFLICTING_WHITELIST_VALUES,,,LAF,CLOSED_PF_GE700,2025-03-03,True,DIRECT,
1232582,0001232582-25-000055,20250321,ASHFORD HOSPITALITY TRUST INC,2-ACC,AF,CLOSED,CLOSED_OPERATING_NON_SHELL,OPERATING,operating,CLOSED_UNIQUE,45122000.0,2024-06-28,67f4457bec58da974dd563ab2c1ae6347cb0456f0950abb98a40538e29fb6522,CLOSED_UNIQUE,1367533000.0,CLOSED_UNIQUE,1240859000.0,,NAF,CLOSED_PF_LT60,2025-03-31,True,DIRECT,
1234006,0001234006-25-000003,20250218,GLADSTONE COMMERCIAL CORP,1-LAF,LAF,CLOSED,CLOSED_OPERATING_NON_SHELL,OPERATING,operating,CLOSED_UNIQUE,576152118.0,2024-06-30,663080d79a95ea0335bd0d5d8020e45826ca9f79458bd748413fb3b11c027bc5,CLOSED_UNIQUE,147584000.0,CLOSED_UNIQUE,148981000.0,,LAF,CLOSED_PRIOR_LAF_PF_GE560,2025-03-03,True,DIRECT,
1236275,0001628280-25-009626,20250304,"QXO, INC.",4-NON,NAF,CLOSED,CLOSED_OPERATING_NON_SHELL,OPERATING,operating,CLOSED_UNIQUE,47700000.0,2024-06-30,fe4e90e72da5e25fe4f1474d2fdecaed3a04c3531e8be80d47bc535a71e67d1d,CLOSED_UNIQUE,54516941.0,CLOSED_UNIQUE,44985276.0,,NAF,CLOSED_PF_LT60,2025-03-31,True,DIRECT,
1237831,0001562762-25-000026,20250220,GLOBUS MEDICAL INC,1-LAF,LAF,CLOSED,CLOSED_OPERATING_NON_SHELL,OPERATING,operating,CLOSED_UNIQUE,7700000000.0,2024-06-30,28592b27fddd2e505807733ef138773f95fabea9ebdfe7ce4f40e3b9871b7ab9,CLOSED_UNIQUE,1568476000.0,CLOSED_UNIQUE,1022843000.0,,LAF,CLOSED_PF_GE700,2025-03-03,True,DIRECT,
1253689,0001558370-25-000948,20250213,GLYCOMIMETICS INC,4-NON,NAF,CLOSED,CLOSED_OPERATING_NON_SHELL,OPERATING,operating,CLOSED_UNIQUE,17500000.0,2024-06-30,def007db38d2e86df26d170bf018f011355440510cede06809f4a24e5aeaf6d9,NO_WHITELIST_TOPLINE,,NO_WHITELIST_TOPLINE,,,NAF,CLOSED_PF_LT60,2025-03-31,True,DIRECT,
1253986,0001628280-25-007183,20250221,ARBOR REALTY TRUST INC,1-LAF,LAF,CLOSED,CLOSED_OPERATING_NON_SHELL,OPERATING,operating,CLOSED_UNIQUE,2610000000.0,2024-06-30,7c6416521bbfb60a3c4a6ed3bab0794fad8575e16519b0c07517f1634ddd1e9f,NO_WHITELIST_TOPLINE,,NO_WHITELIST_TOPLINE,,,LAF,CLOSED_PF_GE700,2025-03-03,True,DIRECT,
1257640,0001558370-25-002395,20250306,KRONOS WORLDWIDE INC,2-ACC,AF,CLOSED,CLOSED_OPERATING_NON_SHELL,OPERATING,operating,CLOSED_UNIQUE,272200000.0,2024-06-30,8370a29564904f3409531e8a09ec81b0bab58260ee85786758957c21b9e3c6a7,CLOSED_UNIQUE,1666500000.0,CLOSED_UNIQUE,1930200000.0,,AF,CLOSED_PRIOR_ACC_REV_GE80_REMAIN_AF,2025-03-17,True,DIRECT,
1258602,0001258602-25-000014,20250227,NELNET INC,1-LAF,LAF,CLOSED,CLOSED_OPERATING_NON_SHELL,OPERATING,operating,CLOSED_UNIQUE,1643141426.0,2024-06-28,461d55fb10e9f0f308ba526dc81ebd7efc9acf687875f41c54cd7e838f6ad031,NO_WHITELIST_TOPLINE,,NO_WHITELIST_TOPLINE,,,LAF,CLOSED_PF_GE700,2025-03-03,True,DIRECT,
1262039,0001262039-25-000011,20250221,"FORTINET, INC.",1-LAF,LAF,CLOSED,CLOSED_OPERATING_NON_SHELL,OPERATING,operating,CLOSED_UNIQUE,31496083015.0,2024-06-30,73c4d8cca2f65041f0205c8c18f55aaed32c9fb764fae24928e83984cb648e0f,CLOSED_UNIQUE,5304800000.0,CLOSED_UNIQUE,4417400000.0,,LAF,CLOSED_PF_GE700,2025-03-03,True,DIRECT,
1262823,0001262823-25-000011,20250225,WESTLAKE CORP,1-LAF,LAF,CLOSED,CLOSED_OPERATING_NON_SHELL,OPERATING,operating,CLOSED_UNIQUE,4900000000.0,2024-06-30,7107e57df643b6ca71f8bcaf2ff335c68d4147d25ae404a7bd8ef1a5374cfca4,CLOSED_UNIQUE,12548000000.0,CLOSED_UNIQUE,15794000000.0,,LAF,CLOSED_PF_GE700,2025-03-03,True,DIRECT,
1265131,0001558370-25-001023,20250214,HILLTOP HOLDINGS INC.,1-LAF,LAF,CLOSED,CLOSED_OPERATING_NON_SHELL,OPERATING,operating,CLOSED_UNIQUE,1450000000.0,2024-06-28,cb64a771af2877cce60610c8ff0c9ea305b6e63eab6926bc82c85b7796c76f1d,NO_WHITELIST_TOPLINE,,NO_WHITELIST_TOPLINE,,,LAF,CLOSED_PF_GE700,2025-03-03,True,DIRECT,
1265521,0001641172-25-012070,20250522,"POLOMAR HEALTH SERVICES, INC.",4-NON,NAF,CLOSED,CLOSED_OPERATING_NON_SHELL,OPERATING,operating,CLOSED_UNIQUE,1285237.0,2024-06-30,3847c18fa3e4355a33e2048e018d4bca3d10707c23e447cf60e0654c89e182e6,NO_WHITELIST_TOPLINE,,NO_FY2022_10K,,2025-04-01,NAF,CLOSED_PF_LT60,2025-03-31,False,LATE,
1266806,0001753926-25-000527,20250331,"VIVANI MEDICAL, INC.",4-NON,NAF,CLOSED,CLOSED_OPERATING_NON_SHELL,OPERATING,operating,CLOSED_UNIQUE,45100000.0,2024-06-30,f69af99b6b243c5cd5dda4975dc342914b40249f96ca66c1a46e442d8c0cacc2,NO_WHITELIST_TOPLINE,,NO_WHITELIST_TOPLINE,,,NAF,CLOSED_PF_LT60,2025-03-31,True,DIRECT,
1267238,0001267238-25-000008,20250220,"ASSURANT, INC.",1-LAF,LAF,CLOSED,CLOSED_OPERATING_NON_SHELL,OPERATING,operating,CLOSED_UNIQUE,8580000000.0,2024-06-30,57d18f0827c4873dd43e224795fd42afecc1dd5ab3fa0e091e12e042252c0216,CLOSED_UNIQUE,11131600000.0,CLOSED_UNIQUE,10193000000.0,,LAF,CLOSED_PF_GE700,2025-03-03,True,DIRECT,
1267565,0001558370-25-001801,20250227,"COLLEGIUM PHARMACEUTICAL, INC",1-LAF,LAF,CLOSED,CLOSED_OPERATING_NON_SHELL,OPERATING,operating,CLOSED_UNIQUE,1032800000.0,2024-06-28,ddb7e4ad9e2ad7f16af76ee1ec75c3215b996ec99ee905804809d70f615eddba,NO_WHITELIST_TOPLINE,,NO_WHITELIST_TOPLINE,,,LAF,CLOSED_PF_GE700,2025-03-03,True,DIRECT,
1269026,0001493152-25-010870,20250319,"SINTX TECHNOLOGIES, INC.",4-NON,NAF,CLOSED,CLOSED_OPERATING_NON_SHELL,OPERATING,operating,CLOSED_UNIQUE,3592025.0,2024-06-30,f3a4b93b5214be8468a1d09690e0c5413123c6bd6579cca8fd4100386c2fb829,CLOSED_UNIQUE,2627000.0,CLOSED_UNIQUE,1561000.0,,NAF,CLOSED_PF_LT60,2025-03-31,True,DIRECT,
1270436,0001437749-25-007158,20250312,COHEN & CO INC.,4-NON,NAF,CLOSED,CLOSED_OPERATING_NON_SHELL,OPERATING,operating,CLOSED_UNIQUE,11900000.0,2024-06-28,48f231a36688afef8bd8b26ad3d4769d7a9e5ef2c1d53acfa37c9328bac26e44,CLOSED_UNIQUE,82981000.0,CLOSED_UNIQUE,44387000.0,,NAF,CLOSED_PF_LT60,2025-03-31,True,DIRECT,
1272842,0000950170-25-029234,20250227,AIRGAIN INC,4-NON,NAF,CLOSED,CLOSED_OPERATING_NON_SHELL,OPERATING,operating,CLOSED_UNIQUE,67400000.0,2024-06-30,281e3cd9c0b5ed59a54326b6c035db9130ee5d6c5cf60189592c7ca80131915d,CLOSED_UNIQUE,56040000.0,CLOSED_UNIQUE,75895000.0,,NAF,CLOSED_PRIOR_NON_PF_LT75,2025-03-31,True,DIRECT,
1273813,0001273813-25-000011,20250228,ASSURED GUARANTY LTD,1-LAF,LAF,CLOSED,CLOSED_OPERATING_NON_SHELL,OPERATING,operating,CLOSED_UNIQUE,3903669901.0,2024-06-30,8e8bc3fe4aa420fc9f35818dd729ff4da27f77c17098abb0844d49566a7a4664,CLOSED_UNIQUE,1373000000.0,CLOSED_UNIQUE,723000000.0,,LAF,CLOSED_PF_GE700,2025-03-03,True,DIRECT,
1274173,0001437749-25-005488,20250227,JANUS HENDERSON GROUP PLC,1-LAF,LAF,CLOSED,CLOSED_OPERATING_NON_SHELL,OPERATING,operating,CLOSED_UNIQUE,5381586868.43,2024-06-30,dc8acfbd524a622efe6de7aa43f5ed95b72b8918d420b7de442e2fa832ab3c13,CLOSED_UNIQUE,2101800000.0,CLOSED_UNIQUE,2203600000.0,,LAF,CLOSED_PF_GE700,2025-03-03,True,DIRECT,
1274494,0001274494-25-000010,20250225,"FIRST SOLAR, INC.",1-LAF,LAF,CLOSED,CLOSED_OPERATING_NON_SHELL,OPERATING,operating,CLOSED_UNIQUE,24000000000.0,2024-06-30,68c0714b7a86ec6d618882453f3733c06eb46d7adf5070cf37a09f77f19200cb,CLOSED_UNIQUE,3318602000.0,CLOSED_UNIQUE,2619319000.0,,LAF,CLOSED_PF_GE700,2025-03-03,True,DIRECT,
1274737,0001274737-25-000019,20250311,EXAGEN INC.,4-NON,NAF,CLOSED,CLOSED_OPERATING_NON_SHELL,OPERATING,operating,CLOSED_UNIQUE,27000000.0,2024-06-30,440f2faff9f839f88ec28ae83b0c2419bac3cdf4f5f6d297bb3112ed2dd9a5e1,CLOSED_UNIQUE,52548000.0,CLOSED_UNIQUE,45563000.0,,NAF,CLOSED_PF_LT60,2025-03-31,True,DIRECT,
1275014,0001628280-25-007865,20250225,"ULTRA CLEAN HOLDINGS, INC.",1-LAF,LAF,CLOSED,CLOSED_OPERATING_NON_SHELL,OPERATING,operating,CLOSED_UNIQUE,2169400000.0,2024-06-28,d8e217e16916632797a2adecbc842cd10661068d6c8436248a70418e76f9d3a6,CLOSED_UNIQUE,1734500000.0,CLOSED_UNIQUE,2374300000.0,,LAF,CLOSED_PF_GE700,2025-03-03,True,DIRECT,
1275101,0001562762-25-000054,20250326,BANK OF THE JAMES FINANCIAL GROUP INC,4-NON,NAF,CLOSED,CLOSED_OPERATING_NON_SHELL,OPERATING,operating,CLOSED_UNIQUE,43312040.0,2024-06-28,feca87a7aceed40d2947cfd73c5d23f5be5b150fb159fb774efb2444cb1c6ac7,NO_WHITELIST_TOPLINE,,NO_WHITELIST_TOPLINE,,,NAF,CLOSED_PF_LT60,2025-03-31,True,DIRECT,
1276520,0001193125-25-041860,20250228,GENWORTH FINANCIAL INC,1-LAF,LAF,CLOSED,CLOSED_OPERATING_NON_SHELL,OPERATING,operating,CLOSED_UNIQUE,2600000000.0,2024-06-30,c01685356b80d4c413b10038bb2a430dea982ed2bd3a36a8ca564e65f8544ed7,CLOSED_UNIQUE,7488000000.0,CLOSED_UNIQUE,7507000000.0,,LAF,CLOSED_PF_GE700,2025-03-03,True,DIRECT,
1278027,0001558370-25-001513,20250225,"B&G FOODS, INC.",1-LAF,LAF,CLOSED,CLOSED_OPERATING_NON_SHELL,OPERATING,operating,CLOSED_UNIQUE,620899892.0,2024-06-28,6445ea4bc3ec39496756faf43d30b5697d74ed756b4c1c9f62c3a83e1452d095,CLOSED_UNIQUE,2062313000.0,CLOSED_UNIQUE,2163000000.0,,LAF,CLOSED_PRIOR_LAF_PF_GE560,2025-03-03,True,DIRECT,
1278680,0001437749-25-004257,20250219,ISHARES GOLD TRUST,1-LAF,LAF,CLOSED,CLOSED_OPERATING_NON_SHELL,OPERATING,operating,CLOSED_UNIQUE,28194552681.0,2024-06-30,8b2b0b14faf2b6dfd3f8989e9f958b94d4dea7590d57f42b57824ef35496c3e6,NO_WHITELIST_TOPLINE,,NO_WHITELIST_TOPLINE,,,LAF,CLOSED_PF_GE700,2025-03-03,True,DIRECT,
1279695,0001437749-25-005171,20250226,UNIVERSAL BIOSENSORS INC,4-NON,NAF,CLOSED,CLOSED_OPERATING_NON_SHELL,OPERATING,operating,CLOSED_UNIQUE,17351769.0,2024-06-30,45d767ad62ad093e1e5447f75d833d28eb7c2c99b3ebbe92cf4fd4ce497d83ee,NO_WHITELIST_TOPLINE,,NO_WHITELIST_TOPLINE,,,NAF,CLOSED_PF_LT60,2025-03-31,True,DIRECT,
1280452,0001437749-25-005903,20250303,MONOLITHIC POWER SYSTEMS INC,1-LAF,LAF,CLOSED,CLOSED_OPERATING_NON_SHELL,OPERATING,operating,CLOSED_UNIQUE,26600000000.0,2024-06-30,ee3a96c2af1149af01ed1f1c45015b89f49cf4e150471692e33a75aa0f2a6ea0,CLOSED_UNIQUE,1821072000.0,CLOSED_UNIQUE,1794148000.0,,LAF,CLOSED_PF_GE700,2025-03-03,True,DIRECT,
1281761,0001281761-25-000010,20250221,REGIONS FINANCIAL CORP,1-LAF,LAF,CLOSED,CLOSED_OPERATING_NON_SHELL,OPERATING,operating,CLOSED_UNIQUE,17925618184.0,2024-06-30,81578f6092363e64d3b61e5ccc8d3ede35e056cc9ae5c1e8531d68a0ee50716c,NO_WHITELIST_TOPLINE,,NO_WHITELIST_TOPLINE,,,LAF,CLOSED_PF_GE700,2025-03-03,True,DIRECT,
1281895,0000950170-25-029002,20250227,"ROCKET PHARMACEUTICALS, INC.",1-LAF,LAF,CLOSED,CLOSED_OPERATING_NON_SHELL,OPERATING,operating,CLOSED_UNIQUE,1400000000.0,2024-06-30,67a02e915ac0892c0c3f17728497898e16f629f64b0f09c56b46dee91d479e9c,CLOSED_UNIQUE,0.0,CLOSED_UNIQUE,0.0,,LAF,CLOSED_PF_GE700,2025-03-03,True,DIRECT,
1282631,0001558370-25-004010,20250328,NETLIST INC,1-LAF,LAF,CLOSED,CLOSED_OPERATING_NON_SHELL,OPERATING,operating,CLOSED_UNIQUE,338600000.0,2024-06-28,072c1201c70cbd0e29cbbb04e4b33c5325ffc576314bfdc256262f29b272e06f,CLOSED_UNIQUE,69205000.0,CLOSED_UNIQUE,161637000.0,,NAF,CLOSED_PRIOR_LAF_REV_LT80_EXIT_NAF,2025-03-31,True,DIRECT,
1282637,0001282637-25-000004,20250214,NEWMARKET CORP,1-LAF,LAF,CLOSED,CLOSED_OPERATING_NON_SHELL,OPERATING,operating,CLOSED_UNIQUE,3436695271.0,2024-06-28,990460f74ef5c36babae6971926ef7d653a723f0364180e2c4e6f3efa0bac752,CLOSED_UNIQUE,2698419000.0,CLOSED_UNIQUE,2764799000.0,,LAF,CLOSED_PF_GE700,2025-03-03,True,DIRECT,
1282648,0001558370-25-004183,20250331,BATTALION OIL CORP,4-NON,NAF,CLOSED,CLOSED_OPERATING_NON_SHELL,OPERATING,operating,CLOSED_UNIQUE,13000000.0,2024-06-30,c58589b78e8031f13b01384743d9c3335c2020c59822cbdb9fe0b9edb790fe26,CLOSED_UNIQUE,220762000.0,CLOSED_UNIQUE,359064000.0,,NAF,CLOSED_PF_LT60,2025-03-31,True,DIRECT,
1282980,0001213900-25-015289,20250219,"DROR ORTHO-DESIGN, INC.",4-NON,NAF,CLOSED,CLOSED_OPERATING_NON_SHELL,OPERATING,operating,CLOSED_UNIQUE,4310365.0,2024-06-30,f50a51747c465e669fe692bb3a3cf6369dd50187129ca7af40a401c35460f687,NO_WHITELIST_TOPLINE,,NO_WHITELIST_TOPLINE,,,NAF,CLOSED_PF_LT60,2025-03-31,True,DIRECT,
1283699,0001283699-25-000012,20250131,"T-MOBILE US, INC.",1-LAF,LAF,CLOSED,CLOSED_OPERATING_NON_SHELL,OPERATING,operating,CLOSED_UNIQUE,86000000000.0,2024-06-28,a361e5170243452bad01d7cd8c624df81928b3775fe1b2209f455cb8e4170221,CLOSED_UNIQUE,78558000000.0,CLOSED_UNIQUE,79571000000.0,,LAF,CLOSED_PF_GE700,2025-03-03,True,DIRECT,
1284812,0001284812-25-000087,20250221,"COHEN & STEERS, INC.",1-LAF,LAF,CLOSED,CLOSED_OPERATING_NON_SHELL,OPERATING,operating,CLOSED_UNIQUE,2000000000.0,2024-06-30,2608cf55a92f1cd97b3f6aade20d06fcb3031d009d93a23dd809185d287aaa12,CLOSED_UNIQUE,489637000.0,CLOSED_UNIQUE,566906000.0,,LAF,CLOSED_PF_GE700,2025-03-03,True,DIRECT,
1286139,0001286139-25-000044,20250226,"LEGALZOOM.COM, INC.",1-LAF,LAF,CLOSED,CLOSED_OPERATING_NON_SHELL,OPERATING,operating,CLOSED_UNIQUE,1200000000.0,2024-06-30,c29c0180e5b5fb2602216223ecbefc1f859c90307befc811789f325faf9fd9be,CLOSED_UNIQUE,660727000.0,CLOSED_UNIQUE,619979000.0,,LAF,CLOSED_PF_GE700,2025-03-03,True,DIRECT,
1286613,0001140361-25-006937,20250304,LINCOLN EDUCATIONAL SERVICES CORP,2-ACC,AF,CLOSED,CLOSED_OPERATING_NON_SHELL,OPERATING,operating,CLOSED_UNIQUE,307869969.0,2024-06-30,f36ba2f6eb06fdfce326835f894426e7e78af75a88da38acf3b936b08db9a203,CLOSED_UNIQUE,378070000.0,CLOSED_UNIQUE,348287000.0,,AF,CLOSED_PRIOR_ACC_REV_GE80_REMAIN_AF,2025-03-17,True,DIRECT,
1287213,0001437749-25-005050,20250225,"DOUGLAS DYNAMICS, INC",1-LAF,LAF,CLOSED,CLOSED_OPERATING_NON_SHELL,OPERATING,operating,CLOSED_UNIQUE,540000000.0,2024-06-30,705fb4cabc3cb9756a8a7b5b40f7f222afb4e40c3ca15a3f819203c153321740,CLOSED_UNIQUE,568178000.0,CLOSED_UNIQUE,616068000.0,,AF,CLOSED_PRIOR_LAF_REV_GE100_EXIT_AF,2025-03-17,True,DIRECT,
1288403,0001558370-25-002116,20250304,W&T OFFSHORE INC,2-ACC,AF,CLOSED,CLOSED_OPERATING_NON_SHELL,OPERATING,operating,CLOSED_UNIQUE,209332671.0,2024-06-30,b72f5a1a2b54cc491695e8e1b7e001d2a2734b21ec64e3417346308e3d1504d8,CLOSED_UNIQUE,532656000.0,CLOSED_UNIQUE,920997000.0,,AF,CLOSED_PRIOR_ACC_REV_GE80_REMAIN_AF,2025-03-17,True,DIRECT,
1288469,0001288469-25-000008,20250129,"MAXLINEAR, INC",1-LAF,LAF,CLOSED,CLOSED_OPERATING_NON_SHELL,OPERATING,operating,CLOSED_UNIQUE,1500000000.0,2024-06-30,572436f62802dcfb4ac772eb8d587679f0f31e1c5145cf76fd03d89ebafb4bb9,CLOSED_UNIQUE,693263000.0,CLOSED_UNIQUE,1120252000.0,,LAF,CLOSED_PF_GE700,2025-03-03,True,DIRECT,
1288847,0001288847-25-000028,20250221,"FIVE9, INC.",1-LAF,LAF,CLOSED,CLOSED_OPERATING_NON_SHELL,OPERATING,operating,CLOSED_UNIQUE,2159900000.0,2024-06-30,9c50c053ee7f4e07009ae75fd94b60757747df2143547b5e56c5ebf794ba3151,CLOSED_UNIQUE,910488000.0,CLOSED_UNIQUE,778846000.0,,LAF,CLOSED_PF_GE700,2025-03-03,True,DIRECT,
1288855,0001493152-25-008332,20250226,"OPTIMUMBANK HOLDINGS, INC.",4-NON,NAF,CLOSED,CLOSED_OPERATING_NON_SHELL,OPERATING,operating,CLOSED_UNIQUE,34806494.0,2024-06-30,649521b582a782ecef12b8b87836afae184778b8bf849cefe985201fa5b0542b,NO_WHITELIST_TOPLINE,,NO_WHITELIST_TOPLINE,,,NAF,CLOSED_PF_LT60,2025-03-31,True,DIRECT,
1289419,0001289419-25-000041,20250228,"MORNINGSTAR, INC.",1-LAF,LAF,CLOSED,CLOSED_OPERATING_NON_SHELL,OPERATING,operating,CLOSED_UNIQUE,8000000000.0,2024-06-30,dbc4da390be467d420626de73e47342aac6477e9f6b60f520d0d3c79933ff2b6,CLOSED_UNIQUE,2038600000.0,CLOSED_UNIQUE,1870600000.0,,LAF,CLOSED_PF_GE700,2025-03-03,True,DIRECT,
1289460,0001558370-25-001904,20250228,"TEXAS ROADHOUSE, INC.",1-LAF,LAF,CLOSED,CLOSED_OPERATING_NON_SHELL,OPERATING,operating,CLOSED_UNIQUE,11400000000.0,2024-06-25,41fb9dfca4fd29e898fc24cafc0f69fc933d765efe17a0f1eda40f1136eca563,CLOSED_UNIQUE,4631672000.0,CLOSED_UNIQUE,4014919000.0,,LAF,CLOSED_PF_GE700,2025-03-03,True,DIRECT,
1289490,0001628280-25-009060,20250228,EXTRA SPACE STORAGE INC.,1-LAF,LAF,CLOSED,CLOSED_OPERATING_NON_SHELL,OPERATING,operating,CLOSED_UNIQUE,32584898000.0,2024-06-28,9ebd94830df115049453475a59e92d70d4f944a4232c0951a9b3d47471071343,CLOSED_UNIQUE,2560244000.0,CLOSED_UNIQUE,1924170000.0,,LAF,CLOSED_PF_GE700,2025-03-03,True,DIRECT,
1289848,0001289848-25-000032,20250225,HURON CONSULTING GROUP INC.,1-LAF,LAF,CLOSED,CLOSED_OPERATING_NON_SHELL,OPERATING,operating,CLOSED_UNIQUE,1706000000.0,2024-06-30,a7f4bd8415de16c6ba8fe6cc9fb5f48464ae88d0db8533e99a24cbfc9f7a7abe,CLOSED_UNIQUE,1362060000.0,NO_WHITELIST_TOPLINE,,,LAF,CLOSED_PF_GE700,2025-03-03,True,DIRECT,
1289945,0001289945-25-000008,20250227,"SPOK HOLDINGS, INC",2-ACC,AF,CLOSED,CLOSED_OPERATING_NON_SHELL,OPERATING,operating,CLOSED_UNIQUE,293000000.0,2024-06-28,966a93ed1d099a96b74c641bc5f3a125a28f20571ed71d2ad314779bdc29d2c8,CLOSED_UNIQUE,139025000.0,CLOSED_UNIQUE,134534000.0,,AF,CLOSED_PRIOR_ACC_REV_GE80_REMAIN_AF,2025-03-17,True,DIRECT,
1290476,0001558370-25-003706,20250326,VILLAGE BANK & TRUST FINANCIAL CORP.,4-NON,NAF,CLOSED,CLOSED_OPERATING_NON_SHELL,OPERATING,operating,CLOSED_UNIQUE,27436000.0,2024-06-30,f70b687bc39676dfe34648fc90ce8da552c9bff918269fdb516510f7be23e250,NO_WHITELIST_TOPLINE,,NO_WHITELIST_TOPLINE,,,NAF,CLOSED_PF_LT60,2025-03-31,True,DIRECT,
1290677,0001437749-25-006480,20250306,"TURNING POINT BRANDS, INC.",2-ACC,AF,CLOSED,CLOSED_OPERATING_NON_SHELL,OPERATING,operating,CLOSED_UNIQUE,484000000.0,2024-06-30,fa9c7e862c06ba91b2d77ce7abe27ed058473a728dced46b0aabf055995461e9,CLOSED_UNIQUE,405393000.0,CLOSED_UNIQUE,415013000.0,,AF,CLOSED_PRIOR_ACC_REV_GE80_REMAIN_AF,2025-03-17,True,DIRECT,
1290900,0001628280-25-012913,20250317,"COMMERCIAL VEHICLE GROUP, INC.",2-ACC,AF,CLOSED,CLOSED_OPERATING_NON_SHELL,OPERATING,operating,CLOSED_UNIQUE,163875424.0,2024-06-30,9bcf6ef7a4885fdcf330fc48e6797173b95ae5766219061fc7edd3322d0e9721,CLOSED_UNIQUE,994679000.0,CLOSED_UNIQUE,981553000.0,,AF,CLOSED_PRIOR_ACC_REV_GE80_REMAIN_AF,2025-03-17,True,DIRECT,
12927,0000012927-25-000015,20250203,BOEING CO,1-LAF,LAF,CLOSED,CLOSED_OPERATING_NON_SHELL,OPERATING,operating,CLOSED_UNIQUE,112000000000.0,2024-06-30,1395abae90763ddc0522e5c35e4c0b297c442b10d76d10a2e296bbce869cd40f,CLOSED_UNIQUE,77794000000.0,CLOSED_UNIQUE,66608000000.0,,LAF,CLOSED_PF_GE700,2025-03-03,True,DIRECT,
1294133,0000950170-25-029993,20250228,INOGEN INC,2-ACC,AF,CLOSED,CLOSED_OPERATING_NON_SHELL,OPERATING,operating,CLOSED_UNIQUE,192800000.0,2024-06-30,db7a7de662f8f06ca2d52d9f490457b60e072949397d153f6fa4327ed044bb9a,CLOSED_UNIQUE,315660000.0,CLOSED_UNIQUE,377241000.0,,AF,CLOSED_PRIOR_ACC_REV_GE80_REMAIN_AF,2025-03-17,True,DIRECT,
1295810,0001558370-25-001297,20250221,"SUNSTONE HOTEL INVESTORS, INC.",1-LAF,LAF,CLOSED,CLOSED_OPERATING_NON_SHELL,OPERATING,operating,CLOSED_UNIQUE,2100000000.0,2024-06-30,0438b9266e537878643acb020c3b741919e93b93d1ef537307d01d1e68b997f1,CLOSED_UNIQUE,986480000.0,CLOSED_UNIQUE,912053000.0,,LAF,CLOSED_PF_GE700,2025-03-03,True,DIRECT,
1296445,0001628280-25-008531,20250227,"ORMAT TECHNOLOGIES, INC.",1-LAF,LAF,CLOSED,CLOSED_OPERATING_NON_SHELL,OPERATING,operating,CLOSED_UNIQUE,3855815632.0,2024-06-30,869ee70493ea6a36a2fa76745817374dbbcc634f7a0aaeaa56e66d50fb924ffb,CLOSED_UNIQUE,829424000.0,CLOSED_UNIQUE,734159000.0,,LAF,CLOSED_PF_GE700,2025-03-03,True,DIRECT,
1296884,0001185185-25-000249,20250331,"LIGHTSTONE VALUE PLUS REIT I, INC.",4-NON,NAF,CLOSED,CLOSED_OPERATING_NON_SHELL,OPERATING,operating,CLOSED_UNIQUE,0.0,2024-06-30,62f3fcbc64c9667f8e9255041e37bf0a697661d9d46a0f35b8621e13b1ded52a,CLOSED_UNIQUE,60513000.0,CLOSED_UNIQUE,14999000.0,,NAF,CLOSED_PF_LT60,2025-03-31,True,DIRECT,
1297184,0001297184-25-000008,20250303,"AMPHASTAR PHARMACEUTICALS, INC.",1-LAF,LAF,CLOSED,CLOSED_OPERATING_NON_SHELL,OPERATING,operating,CLOSED_UNIQUE,1197767120.0,2024-06-30,800616054a924d56d68b97e93a7e8b4a052f4806b94e4c8e79dcc723cd5e320f,CLOSED_UNIQUE,644395000.0,CLOSED_UNIQUE,498987000.0,,LAF,CLOSED_PF_GE700,2025-03-03,True,DIRECT,
1297989,0001297989-25-000002,20250225,"EXLSERVICE HOLDINGS, INC.",1-LAF,LAF,CLOSED,CLOSED_OPERATING_NON_SHELL,OPERATING,operating,CLOSED_UNIQUE,4926377147.0,2024-06-30,0f381a4e4ea67a2bbcf9614acfcfafbf6b0361b5d809fce4f361af2702d1be5b,NO_WHITELIST_TOPLINE,,NO_WHITELIST_TOPLINE,,,LAF,CLOSED_PF_GE700,2025-03-03,True,DIRECT,
1298946,0001298946-25-000015,20250228,DIAMONDROCK HOSPITALITY CO,1-LAF,LAF,CLOSED,CLOSED_OPERATING_NON_SHELL,OPERATING,operating,CLOSED_UNIQUE,1700000000.0,2024-06-28,00666a2dfecbf6fcb78681e8db9b7bfcaa95bebb60a1be08e0afef6f61582cd3,CLOSED_UNIQUE,1074867000.0,CLOSED_UNIQUE,1001503000.0,,LAF,CLOSED_PF_GE700,2025-03-03,True,DIRECT,
1299130,0001299130-25-000061,20250317,"PACIFIC BIOSCIENCES OF CALIFORNIA, INC.",1-LAF,LAF,CLOSED,CLOSED_OPERATING_NON_SHELL,OPERATING,operating,CLOSED_UNIQUE,371400000.0,2024-06-30,f583763441a889c2c723f12ec14ef2f580584626ecc1660cffc8347ab80b8e92,CLOSED_UNIQUE,200521000.0,CLOSED_UNIQUE,128304000.0,,AF,CLOSED_PRIOR_LAF_REV_GE100_EXIT_AF,2025-03-17,True,DIRECT,
1299969,0001299969-25-000004,20250321,"COMSTOCK HOLDING COMPANIES, INC.",4-NON,NAF,CLOSED,CLOSED_OPERATING_NON_SHELL,OPERATING,operating,CLOSED_UNIQUE,19155431.0,2024-06-30,ace623f3cd35b39bfec741c5c3e36dbfe80a5d2561e322847ed2591e3ff2c8e0,CLOSED_UNIQUE,44721000.0,CLOSED_UNIQUE,39313000.0,,NAF,CLOSED_PF_LT60,2025-03-31,True,DIRECT,
1300514,0001300514-25-000040,20250207,LAS VEGAS SANDS CORP,1-LAF,LAF,CLOSED,CLOSED_OPERATING_NON_SHELL,OPERATING,operating,CLOSED_UNIQUE,15458744890.0,2024-06-28,4db0010491ff83aba22e9db5827725b5e6598f15647b938f04b349ef5c36bd1a,CLOSED_UNIQUE,10372000000.0,CLOSED_UNIQUE,4110000000.0,,LAF,CLOSED_PF_GE700,2025-03-03,True,DIRECT,
1301787,0001301787-25-000012,20250218,BLUELINX HOLDINGS INC.,1-LAF,LAF,CLOSED,CLOSED_OPERATING_NON_SHELL,OPERATING,operating,CLOSED_UNIQUE,785683882.0,2024-06-29,aee3a6dddb839b3a826fa7405ce3691beb97df43560429d24b85b9aebbe99d7d,CLOSED_UNIQUE,3136381000.0,CLOSED_UNIQUE,4450214000.0,,LAF,CLOSED_PF_GE700,2025-03-03,True,DIRECT,
1304409,0001683168-25-002379,20250409,ATHENA GOLD CORP,4-NON,NAF,CLOSED,CLOSED_OPERATING_NON_SHELL,OPERATING,operating,CLOSED_UNIQUE,6948945.0,2024-06-30,8dade0114e5b475d1d620026d25cd18b443b3679084f6d7c87a0c70f9e73fecd,NO_WHITELIST_TOPLINE,,NO_WHITELIST_TOPLINE,,2025-03-31,NAF,CLOSED_PF_LT60,2025-03-31,True,12B25,
1306830,0001306830-25-000027,20250221,CELANESE CORP,1-LAF,LAF,CLOSED,CLOSED_OPERATING_NON_SHELL,OPERATING,operating,CLOSED_UNIQUE,14686088441.0,2024-06-30,f84f9785ccbdfc05fc854c10f25e37037610f4a11bdf9d780479378cef3689e7,CLOSED_UNIQUE,10940000000.0,CLOSED_UNIQUE,9673000000.0,,LAF,CLOSED_PF_GE700,2025-03-03,True,DIRECT,
1307579,0001437749-25-009832,20250328,LIQTECH INTERNATIONAL INC,4-NON,NAF,CLOSED,CLOSED_OPERATING_NON_SHELL,OPERATING,operating,CLOSED_UNIQUE,12282163.0,2024-06-30,e3e345be8b6e051851cd11458e139ce37f194bf493658de785755050a24e9185,CLOSED_UNIQUE,18001652.0,CLOSED_UNIQUE,15982438.0,,NAF,CLOSED_PF_LT60,2025-03-31,True,DIRECT,
1307748,0001307748-25-000028,20250213,INVENTRUST PROPERTIES CORP.,1-LAF,LAF,CLOSED,CLOSED_OPERATING_NON_SHELL,OPERATING,operating,CLOSED_UNIQUE,1700000000.0,2024-06-28,dbe57a2728ab97c22cc5a6f8ba5cbadc3fda4f9e13df5286dbdff8014dd3fc86,NO_WHITELIST_TOPLINE,,NO_WHITELIST_TOPLINE,,,LAF,CLOSED_PF_GE700,2025-03-03,True,DIRECT,
1308208,0000950170-25-040283,20250317,"UNIVERSAL LOGISTICS HOLDINGS, INC.",2-ACC,AF,CLOSED,CLOSED_OPERATING_NON_SHELL,OPERATING,operating,CLOSED_UNIQUE,274000000.0,2024-06-29,9a877aad73967db763899d8ba181e6b32bcbfda3d3e394d59d73c3e8c889a9a9,CLOSED_UNIQUE,1662139000.0,CLOSED_UNIQUE,2015456000.0,,AF,CLOSED_PRIOR_ACC_REV_GE80_REMAIN_AF,2025-03-17,True,DIRECT,
1309082,0001477932-25-003509,20250512,"CAMBER ENERGY, INC.",4-NON,NAF,CLOSED,CLOSED_OPERATING_NON_SHELL,OPERATING,operating,CLOSED_UNIQUE,23976453.0,2024-06-30,8483ed4d77993e1209c3940809d1d0814daba8d55e9895ce047c695ae461e8eb,CLOSED_UNIQUE,32054323.0,NO_WHITELIST_TOPLINE,,2025-03-31,NAF,CLOSED_PF_LT60,2025-03-31,False,LATE,
1309108,0001309108-25-000017,20250220,WEX INC.,1-LAF,LAF,CLOSED,CLOSED_OPERATING_NON_SHELL,OPERATING,operating,CLOSED_UNIQUE,7300000000.0,2024-06-30,dac7f718e121a6c5d724d4b16a9349426d30c15872e63b859f85b812987fadc7,CLOSED_UNIQUE,2548000000.0,CLOSED_UNIQUE,2350511000.0,,LAF,CLOSED_PF_GE700,2025-03-03,True,DIRECT,
1309402,0001309402-25-000008,20250207,GREEN PLAINS INC.,1-LAF,LAF,CLOSED,CLOSED_OPERATING_NON_SHELL,OPERATING,operating,CLOSED_UNIQUE,1000700000.0,2024-06-28,5a28809c81015d932d729a5f57d0e19ba36efd681b4c11416eabb57d10d6c251,CLOSED_UNIQUE,3295743000.0,CLOSED_UNIQUE,3662849000.0,,LAF,CLOSED_PF_GE700,2025-03-03,True,DIRECT,
1310383,0001410578-25-000476,20250326,"SUMMIT HEALTHCARE REIT, INC",4-NON,NAF,CLOSED,CLOSED_OPERATING_NON_SHELL,OPERATING,operating,CLOSED_UNIQUE,0.0,2024-06-30,0b521bf2c58ce3e39fee6d9b3f9187f84f9b82d0d29f228c800ed293870038f7,CLOSED_UNIQUE,25449000.0,CLOSED_UNIQUE,26294000.0,,NAF,CLOSED_PF_LT60,2025-03-31,True,DIRECT,
1310488,0001091818-25-000036,20250408,"BIOFORCE NANOSCIENCES HOLDINGS, INC.",4-NON,NAF,CLOSED,CLOSED_OPERATING_NON_SHELL,OPERATING,operating,CLOSED_UNIQUE,10518759.0,2024-06-30,d82c5d273095bf868d8a7e224c3a6ff315d3a790933ffb0f08c75dcf61d46938,NO_WHITELIST_TOPLINE,,NO_WHITELIST_TOPLINE,,2025-03-28,NAF,CLOSED_PF_LT60,2025-03-31,True,12B25,
1310630,0001641172-25-003945,20250414,CHINA FOODS HOLDINGS LTD.,4-NON,NAF,CLOSED,CLOSED_OPERATING_NON_SHELL,OPERATING,operating,CLOSED_UNIQUE,1002008.0,2024-06-30,e66b83ad42c0d242f5263250ffbdb4d3ab989b09842273aa8fe263bb2f7b1847,NO_WHITELIST_TOPLINE,,NO_WHITELIST_TOPLINE,,2025-04-01,NAF,CLOSED_PF_LT60,2025-03-31,True,12B25,
1311370,0001628280-25-007441,20250224,"LAZARD, INC.",1-LAF,LAF,CLOSED,CLOSED_OPERATING_NON_SHELL,OPERATING,operating,CLOSED_UNIQUE,3327261235.0,2024-06-30,bca4d30a062fb99603914dbd9d9e3940360d76d0b0b2833d7cff770e07f52361,CONFLICTING_WHITELIST_VALUES,,CONFLICTING_WHITELIST_VALUES,,,LAF,CLOSED_PF_GE700,2025-03-03,True,DIRECT,
1314152,0001314152-25-000031,20250314,"JLL INCOME PROPERTY TRUST, INC.",4-NON,NAF,CLOSED,CLOSED_OPERATING_NON_SHELL,OPERATING,operating,CLOSED_UNIQUE,2602585000.0,2024-06-30,bbed757f3fdeb017ad6f21a9b455c840458b8565dba391fa8040eb677d16fc5d,CLOSED_UNIQUE,393919000.0,CLOSED_UNIQUE,337188000.0,,LAF,CLOSED_PF_GE700,2025-03-03,False,LATE,
1315098,0001315098-25-000033,20250218,ROBLOX CORP,1-LAF,LAF,CLOSED,CLOSED_OPERATING_NON_SHELL,OPERATING,operating,CLOSED_UNIQUE,17400000000.0,2024-06-28,27df4261040b2e547ab492e1d1f48e913b22a25d92874962110d73d9251546c0,CLOSED_UNIQUE,2799274000.0,CLOSED_UNIQUE,2225052000.0,,LAF,CLOSED_PF_GE700,2025-03-03,True,DIRECT,
1315257,0000950170-25-028542,20250227,KOPPERS HOLDINGS INC.,2-ACC,AF,CLOSED,CLOSED_OPERATING_NON_SHELL,OPERATING,operating,CLOSED_UNIQUE,730600000.0,2024-06-30,191b84b29567600f11d28e892f153a8fb653e69ab9e6c2571695ee0906665ac4,CLOSED_UNIQUE,2154200000.0,CLOSED_UNIQUE,1980500000.0,,LAF,CLOSED_PF_GE700,2025-03-03,True,DIRECT,
13156,0000950170-25-043370,20250324,"GALAXY GAMING, INC.",4-NON,NAF,CLOSED,CLOSED_OPERATING_NON_SHELL,OPERATING,operating,CLOSED_UNIQUE,36937090.0,2024-06-30,6757918c1bb2ac96211b5d1fe3170e38e72b9277076e4ddcd15fa4c927a1e898,CLOSED_UNIQUE,27789084.0,CLOSED_UNIQUE,23442306.0,,NAF,CLOSED_PF_LT60,2025-03-31,True,DIRECT,
1316835,0000950170-25-023953,20250220,"BUILDERS FIRSTSOURCE, INC.",1-LAF,LAF,CLOSED,CLOSED_OPERATING_NON_SHELL,OPERATING,operating,CLOSED_UNIQUE,15800000000.0,2024-06-30,8d20afc7978a011cc454024c5bb5995c589809db79314827262972a849ec0d50,CLOSED_UNIQUE,17097330000.0,CLOSED_UNIQUE,22726418000.0,,LAF,CLOSED_PF_GE700,2025-03-03,True,DIRECT,
1316944,0001316944-25-000055,20250306,FEDERAL HOME LOAN BANK OF SAN FRANCISCO,4-NON,NAF,CLOSED,CLOSED_OPERATING_NON_SHELL,OPERATING,operating,CLOSED_UNIQUE,0.0,2024-06-30,356d6c21383235b0e19b1f840d66dbc8010ea80bc6f5baf80cb7b66b4f22e7a3,NO_WHITELIST_TOPLINE,,NO_WHITELIST_TOPLINE,,,NAF,CLOSED_PF_LT60,2025-03-31,True,DIRECT,
1317630,0001317630-25-000002,20250214,ITC HOLDINGS CORP.,4-NON,NAF,CLOSED,CLOSED_OPERATING_NON_SHELL,OPERATING,operating,CLOSED_UNIQUE,0.0,2024-06-30,ba3fd3c29b251bce4fa9e9e84a57e43cfa0442ce89366a591260b70152a49341,CLOSED_UNIQUE,1545000000.0,CLOSED_UNIQUE,1466000000.0,,NAF,CLOSED_PF_LT60,2025-03-31,True,DIRECT,
1317945,0001493152-25-009512,20250307,"OMEGA FLEX, INC.",2-ACC,AF,CLOSED,CLOSED_OPERATING_NON_SHELL,OPERATING,operating,CLOSED_UNIQUE,180289727.0,2024-06-28,021858a608c6f1da9d59b6d33d80b912f2a8f3d847f52406f342d5c86dc79d38,CLOSED_UNIQUE,111465000.0,CLOSED_UNIQUE,125487000.0,,AF,CLOSED_PRIOR_ACC_REV_GE80_REMAIN_AF,2025-03-17,True,DIRECT,
1318220,0001558370-25-000893,20250213,"WASTE CONNECTIONS, INC.",1-LAF,LAF,CLOSED,CLOSED_OPERATING_NON_SHELL,OPERATING,operating,CLOSED_UNIQUE,45132941596.0,2024-06-30,65f8107d1b1bd372cbd714e00d1967128997db331978688cad5fbc3306a60d1b,CLOSED_UNIQUE,8021951000.0,CLOSED_UNIQUE,7211859000.0,,LAF,CLOSED_PF_GE700,2025-03-03,True,DIRECT,
1318568,0001318568-25-000004,20250303,EVERI HOLDINGS INC.,1-LAF,LAF,CLOSED,CLOSED_OPERATING_NON_SHELL,OPERATING,operating,CLOSED_UNIQUE,687500000.0,2024-06-28,04eeef16a1f3c2c5cdcacc24d11bad43617c25c4fbdb47503fab4d262320a03b,CLOSED_UNIQUE,807821000.0,CLOSED_UNIQUE,782519000.0,,LAF,CLOSED_PRIOR_LAF_PF_GE560,2025-03-03,True,DIRECT,
1318742,0001558370-25-001748,20250227,NCL CORP LTD.,4-NON,NAF,CLOSED,CLOSED_OPERATING_NON_SHELL,OPERATING,operating,CLOSED_UNIQUE,0.0,2024-06-30,3d4a2e64df9f54b6c94c30c84944ad6d9d3ae97d346a39269e3a6e1770bc347b,CLOSED_UNIQUE,8549924000.0,CLOSED_UNIQUE,4843760000.0,,NAF,CLOSED_PF_LT60,2025-03-31,True,DIRECT,
1319229,0001558370-25-003840,20250327,TRANSMONTAIGNE PARTNERS LLC,4-NON,NAF,CLOSED,CLOSED_OPERATING_NON_SHELL,OPERATING,operating,CLOSED_UNIQUE,0.0,2024-06-30,1de9dae9510e67eabbc29517698b85d59b3b9e7690b3581635da6107c6afe27c,CLOSED_UNIQUE,653120000.0,CLOSED_UNIQUE,666395000.0,,NAF,CLOSED_PF_LT60,2025-03-31,True,DIRECT,
1320414,0001628280-25-006833,20250220,SELECT MEDICAL HOLDINGS CORP,1-LAF,LAF,CLOSED,CLOSED_OPERATING_NON_SHELL,OPERATING,operating,CLOSED_UNIQUE,3622619762.0,2024-06-30,ebde7c3b4b82828cbce2e654d1684919da93bcbdca3413efb1cd53d7ad65115f,NO_WHITELIST_TOPLINE,,NO_WHITELIST_TOPLINE,,,LAF,CLOSED_PF_GE700,2025-03-03,True,DIRECT,
1320461,0001320461-25-000033,20250214,COOPER-STANDARD HOLDINGS INC.,2-ACC,AF,CLOSED,CLOSED_OPERATING_NON_SHELL,OPERATING,operating,CLOSED_UNIQUE,177549539.0,2024-06-30,384d6e406979f2e2d39a1939806ecd33a382a07fb6d240f353deafe94cce81c1,CLOSED_UNIQUE,2815879000.0,CLOSED_UNIQUE,2525391000.0,,AF,CLOSED_PRIOR_ACC_REV_GE80_REMAIN_AF,2025-03-17,True,DIRECT,
1320695,0001320695-25-000007,20250214,"TREEHOUSE FOODS, INC.",1-LAF,LAF,CLOSED,CLOSED_OPERATING_NON_SHELL,OPERATING,operating,CLOSED_UNIQUE,1884600000.0,2024-06-28,4d08d50af9d5948fe81bb77611bfa21d1bef329fe1eabb890d3505c0eecf1c27,CLOSED_UNIQUE,3431600000.0,CLOSED_UNIQUE,3454000000.0,,LAF,CLOSED_PF_GE700,2025-03-03,True,DIRECT,
1320760,0001654954-25-004295,20250415,"TSS, INC.",4-NON,NAF,CLOSED,CLOSED_OPERATING_NON_SHELL,OPERATING,operating,CLOSED_UNIQUE,33572650.0,2024-06-30,b70c4f230f652de207c4697279c1083b082d081217d8e0fc7359b941a0093f04,CLOSED_UNIQUE,54399000.0,CLOSED_UNIQUE,30637000.0,2025-03-31,NAF,CLOSED_PF_LT60,2025-03-31,True,12B25,
1320854,0000950170-25-037977,20250312,"FREIGHTCAR AMERICA, INC.",4-NON,NAF,CLOSED,CLOSED_OPERATING_NON_SHELL,OPERATING,operating,CLOSED_UNIQUE,43300000.0,2024-06-30,eacf9e372d77538c2d2f798e88bd406b51724464420e61d58ef699c34821a4fc,CLOSED_UNIQUE,358093000.0,CLOSED_UNIQUE,364754000.0,,NAF,CLOSED_PF_LT60,2025-03-31,True,DIRECT,
1321655,0001321655-25-000022,20250218,PALANTIR TECHNOLOGIES INC.,1-LAF,LAF,CLOSED,CLOSED_OPERATING_NON_SHELL,OPERATING,operating,CLOSED_UNIQUE,51500000000.0,2024-06-30,635b515f579a88174fa5e5365cd639596722995db7875ddef0517bdc4a69c7ec,CLOSED_UNIQUE,2225012000.0,CLOSED_UNIQUE,1905871000.0,,LAF,CLOSED_PF_GE700,2025-03-03,True,DIRECT,
1321732,0001321732-25-000012,20250218,PENUMBRA INC,1-LAF,LAF,CLOSED,CLOSED_OPERATING_NON_SHELL,OPERATING,operating,CLOSED_UNIQUE,6700000000.0,2024-06-28,2078a2c99b5382147bc4fa4f7b9a3f11fe5c8cb78ae802c13278156cabb05431,CLOSED_UNIQUE,1058522000.0,CLOSED_UNIQUE,847133000.0,,LAF,CLOSED_PF_GE700,2025-03-03,True,DIRECT,
1321834,0001641172-25-003814,20250411,"TNF PHARMACEUTICALS, INC.",4-NON,NAF,CLOSED,CLOSED_OPERATING_NON_SHELL,OPERATING,operating,CLOSED_UNIQUE,3788000.0,2024-06-30,0e5b88996c3dd9d09260907f8b3e05db1cc0d391bae910e80384494ed43fc96d,NO_WHITELIST_TOPLINE,,NO_WHITELIST_TOPLINE,,2025-03-31,NAF,CLOSED_PF_LT60,2025-03-31,True,12B25,
1323468,0001558370-25-001925,20250228,GLOBAL PARTNERS LP,1-LAF,LAF,CLOSED,CLOSED_OPERATING_NON_SHELL,OPERATING,operating,CLOSED_UNIQUE,1249649919.0,2024-06-28,38b1fbc9b2a88077f872c84d62de380faeb43333bb15c660975b01b72e1b04d4,CLOSED_UNIQUE,16492174000.0,CLOSED_UNIQUE,18877886000.0,,LAF,CLOSED_PF_GE700,2025-03-03,True,DIRECT,
1323885,0001323885-25-000009,20250214,"ATRICURE, INC.",1-LAF,LAF,CLOSED,CLOSED_OPERATING_NON_SHELL,OPERATING,operating,CLOSED_UNIQUE,1073100000.0,2024-06-30,422aa501b84abc4a4d959ae58efe67e19838032e5d6bc0ebd0d2ff221e433333,CLOSED_UNIQUE,399245000.0,CLOSED_UNIQUE,330379000.0,,LAF,CLOSED_PF_GE700,2025-03-03,True,DIRECT,
1324404,0001324404-25-000006,20250220,"CF INDUSTRIES HOLDINGS, INC.",1-LAF,LAF,CLOSED,CLOSED_OPERATING_NON_SHELL,OPERATING,operating,CLOSED_UNIQUE,13288724410.0,2024-06-30,7019a3a9923553e5e02e40f23b26d69a48ff704b8abb8c7cec090576bb1b672b,CLOSED_UNIQUE,6631000000.0,CLOSED_UNIQUE,11186000000.0,,LAF,CLOSED_PF_GE700,2025-03-03,True,DIRECT,
1324424,0001324424-25-000008,20250207,"EXPEDIA GROUP, INC.",1-LAF,LAF,CLOSED,CLOSED_OPERATING_NON_SHELL,OPERATING,operating,CLOSED_UNIQUE,15649026000.0,2024-06-30,9ea81a053090bcf35cb3b787366d4b0a80b5f49f950127e82dd0e638adb57a38,CLOSED_UNIQUE,12839000000.0,CLOSED_UNIQUE,11667000000.0,,LAF,CLOSED_PF_GE700,2025-03-03,True,DIRECT,
1325702,0001193125-25-054851,20250314,MAGNACHIP SEMICONDUCTOR CORP,2-ACC,AF,CLOSED,CLOSED_OPERATING_NON_SHELL,OPERATING,operating,CLOSED_UNIQUE,178954261.0,2024-06-30,d6da3571f75c6bc7ca4449e187aecc31396a1750ef5f0a34ba0352fb85a5c573,CLOSED_UNIQUE,230051000.0,CLOSED_UNIQUE,337658000.0,,AF,CLOSED_PRIOR_ACC_REV_GE80_REMAIN_AF,2025-03-17,True,DIRECT,
1325814,0001325814-25-000046,20250307,FEDERAL HOME LOAN BANK OF DES MOINES,4-NON,NAF,CLOSED,CLOSED_OPERATING_NON_SHELL,OPERATING,operating,CLOSED_UNIQUE,0.0,2024-06-30,4e4c100b5dfa1f0cb4183e05d1ed715ace97203f588b7c75d1345d7d72299ecc,NO_WHITELIST_TOPLINE,,NO_WHITELIST_TOPLINE,,,NAF,CLOSED_PF_LT60,2025-03-31,True,DIRECT,
1325878,0001325878-25-000054,20250313,FEDERAL HOME LOAN BANK OF TOPEKA,4-NON,NAF,CLOSED,CLOSED_OPERATING_NON_SHELL,OPERATING,operating,CLOSED_UNIQUE,0.0,2024-06-30,1ac2555775e1378efbff7faec04db8efa9275241bacc868e3928074496efbe10,NO_WHITELIST_TOPLINE,,NO_WHITELIST_TOPLINE,,,NAF,CLOSED_PF_LT60,2025-03-31,True,DIRECT,
1326110,0001326110-25-000033,20250303,"IMMUNITYBIO, INC.",4-NON,NAF,CLOSED,CLOSED_OPERATING_NON_SHELL,OPERATING,operating,CLOSED_UNIQUE,980300000.0,2024-06-28,bd377da5e5c9809f6706b06d023487fb64a03564c74e84c36bf4f8637107dccb,CLOSED_UNIQUE,622000.0,CLOSED_UNIQUE,240000.0,,LAF,CLOSED_PF_GE700,2025-03-03,True,DIRECT,
1326200,0001558370-25-001309,20250221,GENCO SHIPPING & TRADING LTD,1-LAF,LAF,CLOSED,CLOSED_OPERATING_NON_SHELL,OPERATING,operating,CLOSED_UNIQUE,896900000.0,2024-06-30,5d9293e995e6888fa7174c23d900bb2e314badb2eada8e848a43f1a160e0a24b,CLOSED_UNIQUE,383825000.0,CLOSED_UNIQUE,536934000.0,,LAF,CLOSED_PF_GE700,2025-03-03,True,DIRECT,
1326706,0001641172-25-001613,20250331,"NANOVIBRONIX, INC.",4-NON,NAF,CLOSED,CLOSED_OPERATING_NON_SHELL,OPERATING,operating,CLOSED_UNIQUE,1900000.0,2024-06-30,d98a0fde45f2a7d219b6a4d87d53a824d3aab404ddd80cb3fcb6a6d0166a3a2d,CLOSED_UNIQUE,2283000.0,CLOSED_UNIQUE,752000.0,,NAF,CLOSED_PF_LT60,2025-03-31,True,DIRECT,
1326732,0001326732-25-000029,20250227,XENCOR INC,1-LAF,LAF,CLOSED,CLOSED_OPERATING_NON_SHELL,OPERATING,operating,CLOSED_UNIQUE,1160480518.0,2024-06-30,52d40aa6da57ac33dcec1fd53281c5c75ee2c44272eaf3cb631c1d4069752914,NO_WHITELIST_TOPLINE,,NO_WHITELIST_TOPLINE,,,LAF,CLOSED_PF_GE700,2025-03-03,True,DIRECT,
1326771,0001326771-25-000054,20250320,FEDERAL HOME LOAN BANK OF CINCINNATI,4-NON,NAF,CLOSED,CLOSED_OPERATING_NON_SHELL,OPERATING,operating,CLOSED_UNIQUE,0.0,2024-06-30,9d890262e11e7dacc77e73ec8c575d6acc338b8501fbb0bcc83390c531bea5c0,NO_WHITELIST_TOPLINE,,NO_WHITELIST_TOPLINE,,,NAF,CLOSED_PF_LT60,2025-03-31,True,DIRECT,
1326801,0001326801-25-000017,20250130,"META PLATFORMS, INC.",1-LAF,LAF,CLOSED,CLOSED_OPERATING_NON_SHELL,OPERATING,operating,CLOSED_UNIQUE,1103000000000.0,2024-06-30,94d73188565e555901389a9686beaf2f2000e88c4c5e138e81eb6e565ada35ca,CLOSED_UNIQUE,134902000000.0,CLOSED_UNIQUE,116609000000.0,,LAF,CLOSED_PF_GE700,2025-03-03,True,DIRECT,
1327068,0001410578-25-000228,20250228,"UNITED STATES OIL FUND, LP",1-LAF,LAF,CLOSED,CLOSED_OPERATING_NON_SHELL,OPERATING,operating,CLOSED_UNIQUE,1277520503.0,2024-06-30,b5a55f7c4208a3b8225a11bc8f0b330d7c56b7c55746c692eec33bfc97d8a65c,NO_WHITELIST_TOPLINE,,NO_WHITELIST_TOPLINE,,,LAF,CLOSED_PF_GE700,2025-03-03,True,DIRECT,
1327273,0000950170-25-038751,20250313,"LYRA THERAPEUTICS, INC.",4-NON,NAF,CLOSED,CLOSED_OPERATING_NON_SHELL,OPERATING,operating,CLOSED_UNIQUE,13803194000.0,2024-06-28,66badbde25a1192362870869df73c516de4683d1b81a124331c0943efef0baed,NO_WHITELIST_TOPLINE,,NO_WHITELIST_TOPLINE,,,LAF,CLOSED_PF_GE700,2025-03-03,False,LATE,
1327978,0001558370-25-002411,20250306,ARES REAL ESTATE INCOME TRUST INC.,4-NON,NAF,CLOSED,CLOSED_OPERATING_NON_SHELL,OPERATING,operating,CLOSED_UNIQUE,0.0,2024-06-30,7eba2ee26115da65a632145d57c288ea2e3c49a4a8dcd8c4db2b611924a81f3a,CLOSED_UNIQUE,353170000.0,CLOSED_UNIQUE,299223000.0,,NAF,CLOSED_PF_LT60,2025-03-31,True,DIRECT,
1328237,0000950170-25-027261,20250226,INVESCO DB COMMODITY INDEX TRACKING FUND,1-LAF,LAF,CLOSED,CLOSED_OPERATING_NON_SHELL,OPERATING,operating,CLOSED_UNIQUE,1741425000.0,2024-06-30,875fd2aa20aaa2b977da417bdedc751c1c1b80aa2f278519d82c9880b4c1dd5f,NO_WHITELIST_TOPLINE,,NO_WHITELIST_TOPLINE,,,LAF,CLOSED_PF_GE700,2025-03-03,True,DIRECT,
1328581,0001328581-25-000010,20250220,BOISE CASCADE CO,1-LAF,LAF,CLOSED,CLOSED_OPERATING_NON_SHELL,OPERATING,operating,CLOSED_UNIQUE,4600000000.0,2024-06-28,06dd95371f3da93a56988d2c3d67dc2f9eded699d33525415cc392732ba636e3,CLOSED_UNIQUE,6838245000.0,CLOSED_UNIQUE,8387307000.0,,LAF,CLOSED_PF_GE700,2025-03-03,True,DIRECT,
1329842,0001410578-25-000409,20250321,FEDERAL HOME LOAN BANK OF NEW YORK,4-NON,NAF,CLOSED,CLOSED_OPERATING_NON_SHELL,OPERATING,operating,CLOSED_UNIQUE,0.0,2024-06-30,674ff958fbb42b39bbc867b93e41de4693aa25801e611970bcdad0c28c90de72,NO_WHITELIST_TOPLINE,,NO_WHITELIST_TOPLINE,,,NAF,CLOSED_PF_LT60,2025-03-31,True,DIRECT,
1330399,0001330399-25-000010,20250305,FEDERAL HOME LOAN BANK OF PITTSBURGH,4-NON,NAF,CLOSED,CLOSED_OPERATING_NON_SHELL,OPERATING,operating,CLOSED_UNIQUE,3697300000.0,2024-06-30,c35b2cc2af0b2a5b87a23cabcbef553866cf7b4f8271d92b62fc24522ca5c13e,NO_WHITELIST_TOPLINE,,NO_WHITELIST_TOPLINE,,,LAF,CLOSED_PF_GE700,2025-03-03,False,LATE,
1330568,0001437749-25-004259,20250219,ISHARES SILVER TRUST,1-LAF,LAF,CLOSED,CLOSED_OPERATING_NON_SHELL,OPERATING,operating,CLOSED_UNIQUE,12841416000.0,2024-06-30,6bef2c7ed555c2eaeffe67467dc96a22f829f19b4c36766de557cbad0cc2afc9,NO_WHITELIST_TOPLINE,,NO_WHITELIST_TOPLINE,,,LAF,CLOSED_PF_GE700,2025-03-03,True,DIRECT,
1331421,0001641172-25-000860,20250327,"HALLMARK VENTURE GROUP, INC.",4-NON,NAF,CLOSED,CLOSED_OPERATING_NON_SHELL,OPERATING,operating,CLOSED_UNIQUE,1691940.48,2024-06-30,4c9808f52e47a5c26641987878b1986c55cacc74605f672aafe6245e2123c0fd,NO_WHITELIST_TOPLINE,,NO_WHITELIST_TOPLINE,,,NAF,CLOSED_PF_LT60,2025-03-31,True,DIRECT,
1331451,0001331451-25-000050,20250310,FEDERAL HOME LOAN BANK OF CHICAGO,4-NON,NAF,CLOSED,CLOSED_OPERATING_NON_SHELL,OPERATING,operating,CLOSED_UNIQUE,0.0,2024-06-30,2d4f0911f9b57a01fd8da9ba969b155fe68b8a44bbe6086231271e4ce047c7fe,NO_WHITELIST_TOPLINE,,NO_WHITELIST_TOPLINE,,,NAF,CLOSED_PF_LT60,2025-03-31,True,DIRECT,
1331463,0001331463-25-000051,20250314,FEDERAL HOME LOAN BANK OF BOSTON,4-NON,NAF,CLOSED,CLOSED_OPERATING_NON_SHELL,OPERATING,operating,CLOSED_UNIQUE,0.0,2024-06-30,407e092d7317e60dbaa60e810ac7c1d2880913f09ca33fc923b5e60f9bc98827,NO_WHITELIST_TOPLINE,,NO_WHITELIST_TOPLINE,,,NAF,CLOSED_PF_LT60,2025-03-31,True,DIRECT,
1331465,0001331465-25-000051,20250307,FEDERAL HOME LOAN BANK OF ATLANTA,4-NON,NAF,CLOSED,CLOSED_OPERATING_NON_SHELL,OPERATING,operating,CLOSED_UNIQUE,0.0,2024-06-30,7c3c6f041d681f6da32a66e271d34b40909458c36a40ebd4aa9eda505ed696cc,NO_WHITELIST_TOPLINE,,NO_WHITELIST_TOPLINE,,,NAF,CLOSED_PF_LT60,2025-03-31,True,DIRECT,
1331520,0001331520-25-000076,20250227,HOME BANCSHARES INC,1-LAF,LAF,CLOSED,CLOSED_OPERATING_NON_SHELL,OPERATING,operating,CLOSED_UNIQUE,4490000000.0,2024-06-30,ad0cf2174cd21815b59893ff3ebe3a973f281c9f1e0211c82936a45abee0fd6a,NO_WHITELIST_TOPLINE,,NO_WHITELIST_TOPLINE,,,LAF,CLOSED_PF_GE700,2025-03-03,True,DIRECT,
1331754,0001331754-25-000063,20250313,FEDERAL HOME LOAN BANK OF INDIANAPOLIS,4-NON,NAF,CLOSED,CLOSED_OPERATING_NON_SHELL,OPERATING,operating,CLOSED_UNIQUE,2700000000.0,2024-06-30,a4a040763abe927aa5652d93be6cf10b3515babf2c0f024ec00d134c19b2743e,NO_WHITELIST_TOPLINE,,NO_WHITELIST_TOPLINE,,,LAF,CLOSED_PF_GE700,2025-03-03,False,LATE,
1331757,0001331757-25-000052,20250321,FEDERAL HOME LOAN BANK OF DALLAS,4-NON,NAF,CLOSED,CLOSED_OPERATING_NON_SHELL,OPERATING,operating,CLOSED_UNIQUE,0.0,2024-06-30,801799f92dba17bfb83b9a64302c7713c37305e24ee71a019690cfcb828e2540,NO_WHITELIST_TOPLINE,,NO_WHITELIST_TOPLINE,,,NAF,CLOSED_PF_LT60,2025-03-31,True,DIRECT,
1331875,0001331875-25-000013,20250228,"FIDELITY NATIONAL FINANCIAL, INC.",1-LAF,LAF,CLOSED,CLOSED_OPERATING_NON_SHELL,OPERATING,operating,CLOSED_UNIQUE,12817158134.0,2024-06-28,9c22bcfdb871134ec9e47457d846fae590bdbeca08bc160e55f16813cc216891,CLOSED_UNIQUE,11752000000.0,CLOSED_UNIQUE,11556000000.0,,LAF,CLOSED_PF_GE700,2025-03-03,True,DIRECT,
1332174,0001437749-25-004260,20250219,ISHARES S&P GSCI COMMODITY-INDEXED TRUST,1-LAF,LAF,CLOSED,CLOSED_OPERATING_NON_SHELL,OPERATING,operating,CLOSED_UNIQUE,830546448.0,2024-06-30,ce425a1a235db23c213144116c6bcd71ec482f179c794f8285c569bcffe47f1a,NO_WHITELIST_TOPLINE,,NO_WHITELIST_TOPLINE,,,LAF,CLOSED_PF_GE700,2025-03-03,True,DIRECT,
1332551,0000950170-25-039661,20250317,ACRES COMMERCIAL REALTY CORP.,2-ACC,AF,CLOSED,CLOSED_OPERATING_NON_SHELL,OPERATING,operating,CLOSED_UNIQUE,84819944.0,2024-06-30,5a814802c1465cd0cba29bf2280871cebbdeaac4d6e2dd91936948f73b6d71df,CLOSED_UNIQUE,91131000.0,CLOSED_UNIQUE,75170000.0,,AF,CLOSED_PRIOR_ACC_REV_GE80_REMAIN_AF,2025-03-17,True,DIRECT,
1333274,0000950170-25-024217,20250220,MERCER INTERNATIONAL INC.,2-ACC,AF,CLOSED,CLOSED_OPERATING_NON_SHELL,OPERATING,operating,CLOSED_UNIQUE,564200000.0,2024-06-30,95c920079fc45bbac3445b55fc81875ecf62cf3fcc2e0c2b2650ebb9cce023a2,CLOSED_UNIQUE,1993844000.0,CLOSED_UNIQUE,2280937000.0,,AF,CLOSED_PRIOR_ACC_REV_GE80_REMAIN_AF,2025-03-17,True,DIRECT,
1333493,0001333493-25-000027,20250227,"EHEALTH, INC.",2-ACC,AF,CLOSED,CLOSED_OPERATING_NON_SHELL,OPERATING,operating,CLOSED_UNIQUE,127700000.0,2024-06-30,015767895c36cc167a2a654d9e1f32132e046d87bc8ed3e4e04e8bdff7fe8275,CLOSED_UNIQUE,452871000.0,CLOSED_UNIQUE,405356000.0,,AF,CLOSED_PRIOR_ACC_REV_GE80_REMAIN_AF,2025-03-17,True,DIRECT,
1333986,0001333986-25-000011,20250224,"EQUITABLE HOLDINGS, INC.",1-LAF,LAF,CLOSED,CLOSED_OPERATING_NON_SHELL,OPERATING,operating,CLOSED_UNIQUE,13100000000.0,2024-06-30,0c9e097e9baad4e9fd82381f94c1a24efc335da05a5c9d26b07cd867d8a90c1e,CLOSED_UNIQUE,10528000000.0,CLOSED_UNIQUE,14017000000.0,,LAF,CLOSED_PF_GE700,2025-03-03,True,DIRECT,
1334036,0001334036-25-000009,20250213,"CROCS, INC.",1-LAF,LAF,CLOSED,CLOSED_OPERATING_NON_SHELL,OPERATING,operating,CLOSED_UNIQUE,7300000000.0,2024-06-28,38a6fb9482a7a7b6d3f67716d31ab8b4e62cd5e2d031d4a9553cd25215c0305a,CLOSED_UNIQUE,3962347000.0,CLOSED_UNIQUE,3554985000.0,,LAF,CLOSED_PF_GE700,2025-03-03,True,DIRECT,
1334978,0001334978-25-000008,20250224,"CLEAR CHANNEL OUTDOOR HOLDINGS, INC.",2-ACC,AF,CLOSED,CLOSED_OPERATING_NON_SHELL,OPERATING,operating,CLOSED_UNIQUE,493500000.0,2024-06-28,d3db05bd5041bd25249e0fdd60adf6d9671f47666b795f7cd5efb39a15b13061,CLOSED_UNIQUE,2127140000.0,CLOSED_UNIQUE,2481134000.0,,AF,CLOSED_PRIOR_ACC_REV_GE80_REMAIN_AF,2025-03-17,True,DIRECT,
1335105,0001641172-25-000208,20250324,"LIXTE BIOTECHNOLOGY HOLDINGS, INC.",4-NON,NAF,CLOSED,CLOSED_OPERATING_NON_SHELL,OPERATING,operating,CLOSED_UNIQUE,5195000.0,2024-06-30,49f2f6dbe05cf991bd4f0c3f83eeb9a5dceeb761429be2b952bac6f90f84e105,NO_WHITELIST_TOPLINE,,NO_WHITELIST_TOPLINE,,,NAF,CLOSED_PF_LT60,2025-03-31,True,DIRECT,
1335258,0001335258-25-000028,20250221,"LIVE NATION ENTERTAINMENT, INC.",1-LAF,LAF,CLOSED,CLOSED_OPERATING_NON_SHELL,OPERATING,operating,CLOSED_UNIQUE,14800000000.0,2024-06-30,97cc6f97cbbd9d9ffb967790e8ca57ca3e966296cfce9ee3e908adcbacbe8704,CLOSED_UNIQUE,22749073000.0,CLOSED_UNIQUE,16681254000.0,,LAF,CLOSED_PF_GE700,2025-03-03,True,DIRECT,
1336047,0001336047-25-000006,20250211,"BOARDWALK PIPELINE PARTNERS, LP",4-NON,NAF,CLOSED,CLOSED_OPERATING_NON_SHELL,OPERATING,operating,CLOSED_UNIQUE,0.0,2024-06-30,2bb8454875b58761e2f5c72d9cd13badd3c95cc005d2484114e05c9e327cc20d,CLOSED_UNIQUE,1617700000.0,CLOSED_UNIQUE,1432000000.0,,NAF,CLOSED_PF_LT60,2025-03-31,True,DIRECT,
1336920,0001336920-25-000006,20250211,"LEIDOS HOLDINGS, INC.",1-LAF,LAF,CLOSED,CLOSED_OPERATING_NON_SHELL,OPERATING,operating,CLOSED_UNIQUE,19549744128.0,2024-06-28,15ceb7433b29b9a9d332d7cc0335a90b35728f0e0c2221cc6424b6eab5ae665d,CLOSED_UNIQUE,15438000000.0,CLOSED_UNIQUE,14396000000.0,,LAF,CLOSED_PF_GE700,2025-03-03,True,DIRECT,
1337013,0001628280-25-012095,20250311,"INFUSYSTEM HOLDINGS, INC",2-ACC,AF,CLOSED,CLOSED_OPERATING_NON_SHELL,OPERATING,operating,CLOSED_UNIQUE,137023440.0,2024-06-28,76abf16a3a94e1c8d3d9673359e59b9afc2ad8b10e35973e4280c6ac7755d2be,CLOSED_UNIQUE,125785000.0,CLOSED_UNIQUE,109914000.0,,AF,CLOSED_PRIOR_ACC_REV_GE80_REMAIN_AF,2025-03-17,True,DIRECT,
1337298,0001437749-25-010192,20250331,FUTUREFUEL CORP.,2-ACC,AF,CLOSED,CLOSED_OPERATING_NON_SHELL,OPERATING,operating,CLOSED_UNIQUE,134883824.0,2024-06-30,51855ade7f4d3d6d26cdcb1d0b81949f88bb20e5b9bea01693181a1f8d165665,CLOSED_UNIQUE,368250000.0,CLOSED_UNIQUE,396014000.0,2025-03-18,AF,CLOSED_PRIOR_ACC_REV_GE80_REMAIN_AF,2025-03-17,True,12B25,
1338749,0000950170-25-019711,20250213,POTLATCHDELTIC CORP,1-LAF,LAF,CLOSED,CLOSED_OPERATING_NON_SHELL,OPERATING,operating,CLOSED_UNIQUE,3076200000.0,2024-06-30,133807b78d3128b3b780a28708294f96b534bb8f40e989e58e35188a4ffb826d,CLOSED_UNIQUE,1024075000.0,CLOSED_UNIQUE,1330780000.0,,LAF,CLOSED_PF_GE700,2025-03-03,True,DIRECT,
1338929,0001477932-25-002774,20250416,"AUTHENTIC HOLDINGS, INC.",4-NON,NAF,CLOSED,CLOSED_OPERATING_NON_SHELL,OPERATING,operating,CLOSED_UNIQUE,896029.0,2024-06-30,f5e072dd116aa6a0eb8f0d3e8bab29a94ec02aa04e5dd493de8882e2354b6e67,CLOSED_UNIQUE,0.0,CLOSED_UNIQUE,0.0,2025-04-01,NAF,CLOSED_PF_LT60,2025-03-31,False,LATE,
1339005,0001140361-25-010598,20250327,FEMASYS INC,4-NON,NAF,CLOSED,CLOSED_OPERATING_NON_SHELL,OPERATING,operating,CLOSED_UNIQUE,23420484.0,2024-06-30,94830a35bd60acc8157b6bbb0b7f0ee5732aa2474f4721851026e9b0055d105f,CLOSED_UNIQUE,1071970.0,CLOSED_UNIQUE,1206218.0,,NAF,CLOSED_PF_LT60,2025-03-31,True,DIRECT,
1339605,0000950170-25-024867,20250221,"H&E EQUIPMENT SERVICES, INC.",1-LAF,LAF,CLOSED,CLOSED_OPERATING_NON_SHELL,OPERATING,operating,CLOSED_UNIQUE,1613235044.0,2024-06-30,1ba92ab4ee8dd4d9dc27612d5c8418f497f448da7a90463cc0ed95d30703b51f,CLOSED_UNIQUE,1469216000.0,CLOSED_UNIQUE,1244518000.0,,LAF,CLOSED_PF_GE700,2025-03-03,True,DIRECT,
1341318,0000950170-25-039548,20250314,"LAKE SHORE BANCORP, INC.",4-NON,NAF,CLOSED,CLOSED_OPERATING_NON_SHELL,OPERATING,operating,CLOSED_UNIQUE,22027733.0,2024-06-30,358f42315f595b9d629223d02de39d24ebe728eefa6a4a72f9179ae3b75169be,NO_WHITELIST_TOPLINE,,NO_WHITELIST_TOPLINE,,,NAF,CLOSED_PF_LT60,2025-03-31,True,DIRECT,
1341766,0001341766-25-000024,20250303,"CELSIUS HOLDINGS, INC.",1-LAF,LAF,CLOSED,CLOSED_OPERATING_NON_SHELL,OPERATING,operating,CLOSED_UNIQUE,9800000000.0,2024-06-30,80d4a795d279a7e094b6691385f6acab611feeba7fbf8ff5c813b25d06b50bdf,CLOSED_UNIQUE,1318014000.0,CLOSED_UNIQUE,653604000.0,,LAF,CLOSED_PF_GE700,2025-03-03,True,DIRECT,
1342958,0001641172-25-008420,20250502,"DIGITAL ALLY, INC.",4-NON,NAF,CLOSED,CLOSED_OPERATING_NON_SHELL,OPERATING,operating,CLOSED_UNIQUE,7709155.0,2024-06-30,869aabf3f45e4c9cb6ba0b20fc2327cd56533abac6135f756a3b3b119fa91642,CLOSED_UNIQUE,28248344.0,CLOSED_UNIQUE,37009895.0,2025-03-31,NAF,CLOSED_PF_LT60,2025-03-31,False,LATE,
1345016,0001345016-25-000007,20250227,YELP INC,1-LAF,LAF,CLOSED,CLOSED_OPERATING_NON_SHELL,OPERATING,operating,CLOSED_UNIQUE,1584421099.0,2024-06-28,699b0e34854f203600dd749d29649eee3e39487a05dfcd9851300d7b98eab5c9,CLOSED_UNIQUE,1337062000.0,CLOSED_UNIQUE,1193506000.0,,LAF,CLOSED_PF_GE700,2025-03-03,True,DIRECT,
1346830,0001558370-25-002705,20250311,"CARA THERAPEUTICS, INC.",4-NON,NAF,CLOSED,CLOSED_OPERATING_NON_SHELL,OPERATING,operating,CLOSED_UNIQUE,12141593.0,2024-06-30,e3d61dfe1d3f3d142e3105a024341505750eaa444c9d0349626bcef8829690c0,CLOSED_UNIQUE,20968000.0,CLOSED_UNIQUE,41867000.0,,NAF,CLOSED_PF_LT60,2025-03-31,True,DIRECT,
1347178,0001628280-25-005761,20250214,VANDA PHARMACEUTICALS INC.,2-ACC,AF,CLOSED,CLOSED_OPERATING_NON_SHELL,OPERATING,operating,CLOSED_UNIQUE,319500000.0,2024-06-30,3735e415c61d8ef5fbd1a33029a9433a30472b1d4cf4d94ed7851632b25cc7e1,CLOSED_UNIQUE,192640000.0,CLOSED_UNIQUE,254382000.0,,AF,CLOSED_PRIOR_ACC_REV_GE80_REMAIN_AF,2025-03-17,True,DIRECT,
1347242,0001753926-25-000507,20250328,LIPELLA PHARMACEUTICALS INC.,4-NON,NAF,CLOSED,CLOSED_OPERATING_NON_SHELL,OPERATING,operating,CLOSED_UNIQUE,2623125.6,2024-06-30,d9abe4c7aa2a9c5e9948f7ad56c3decca4123d5e6d475f30931da026d20a313e,CLOSED_UNIQUE,449617.0,CLOSED_UNIQUE,184156.0,,NAF,CLOSED_PF_LT60,2025-03-31,True,DIRECT,
1349436,0001628280-25-012086,20250311,SANDRIDGE ENERGY INC,2-ACC,AF,CLOSED,CLOSED_OPERATING_NON_SHELL,OPERATING,operating,CLOSED_UNIQUE,411900000.0,2024-06-30,c8ca6ced7fc76584594e03930efe55a53425bddd66bfa6defaef7d5b141f121f,CLOSED_UNIQUE,148641000.0,CLOSED_UNIQUE,254258000.0,,AF,CLOSED_PRIOR_ACC_REV_GE80_REMAIN_AF,2025-03-17,True,DIRECT,
1349706,0001214659-25-006296,20250423,"TURNONGREEN, INC.",4-NON,NAF,CLOSED,CLOSED_OPERATING_NON_SHELL,OPERATING,operating,CLOSED_UNIQUE,1793073.0,2024-06-30,9b5280705a627472a45da79158c299567eedfb4322e07efbf545c8e47a992816,CLOSED_UNIQUE,4201000.0,CLOSED_UNIQUE,5522000.0,2025-04-01,NAF,CLOSED_PF_LT60,2025-03-31,False,LATE,
1350102,0000950170-25-047692,20250331,"ASCENT SOLAR TECHNOLOGIES, INC.",4-NON,NAF,CLOSED,CLOSED_OPERATING_NON_SHELL,OPERATING,operating,CLOSED_UNIQUE,9506400.0,2024-06-30,d63534598cc35f43e6c6de1ce9aaf3f8538468d82660a0ab91a84a0b34a0b345,CLOSED_UNIQUE,458260.0,CLOSED_UNIQUE,1222786.0,,NAF,CLOSED_PF_LT60,2025-03-31,True,DIRECT,
1350653,0000950170-25-027916,20250226,"ALPHATEC HOLDINGS, INC.",1-LAF,LAF,CLOSED,CLOSED_OPERATING_NON_SHELL,OPERATING,operating,CLOSED_UNIQUE,1000000000.0,2024-06-28,a39e2cf605876b604e192c04dbb64415fba9e76d520945d799a00ba1097e8e34,CLOSED_UNIQUE,482262000.0,CLOSED_UNIQUE,350867000.0,,LAF,CLOSED_PF_GE700,2025-03-03,True,DIRECT,
1352010,0001352010-25-000007,20250228,"EPAM SYSTEMS, INC.",1-LAF,LAF,CLOSED,CLOSED_OPERATING_NON_SHELL,OPERATING,operating,CLOSED_UNIQUE,10346000000.0,2024-06-30,bea0814a6356df0970c8c5a3029010dba8f50c6262bf8a7e60811d2a0789acf1,CLOSED_UNIQUE,4690540000.0,CLOSED_UNIQUE,4824698000.0,,LAF,CLOSED_PF_GE700,2025-03-03,True,DIRECT,
1352952,0001096906-25-000507,20250415,CFN ENTERPRISES INC.,4-NON,NAF,CLOSED,CLOSED_OPERATING_NON_SHELL,OPERATING,operating,CLOSED_UNIQUE,7381770.0,2024-06-30,49a221f5502b759c88bf54ec2861fcff612b9e2a0db58698a265872202d175b1,CLOSED_UNIQUE,3537632.0,CLOSED_UNIQUE,4317490.0,2025-04-01,NAF,CLOSED_PF_LT60,2025-03-31,True,12B25,
1353611,0000950170-25-027271,20250226,INVESCO CURRENCYSHARES BRITISH POUND STERLING TRUST,4-NON,NAF,CLOSED,CLOSED_OPERATING_NON_SHELL,OPERATING,operating,CLOSED_UNIQUE,54774000.0,2024-06-30,c4f3ad7e0cc2d0083cb037f7a6247612dcc4116bff205f82f2e526d6deda4152,NO_WHITELIST_TOPLINE,,NO_WHITELIST_TOPLINE,,,NAF,CLOSED_PF_LT60,2025-03-31,True,DIRECT,
1353612,0000950170-25-027265,20250226,INVESCO CURRENCYSHARES CANADIAN DOLLAR TRUST,4-NON,NAF,CLOSED,CLOSED_OPERATING_NON_SHELL,OPERATING,operating,CLOSED_UNIQUE,57240000.0,2024-06-30,ab5683d1ae73b55c7a2a41b906e9214568476a010d4962b49218ce599a0ee645,NO_WHITELIST_TOPLINE,,NO_WHITELIST_TOPLINE,,,NAF,CLOSED_PF_LT60,2025-03-31,True,DIRECT,
1353614,0000950170-25-027258,20250226,INVESCO CURRENCYSHARES AUSTRALIAN DOLLAR TRUST,4-NON,NAF,CLOSED,CLOSED_OPERATING_NON_SHELL,OPERATING,operating,CLOSED_UNIQUE,69405000.0,2024-06-30,6f00a593991790f89d4889369d1ca2fb9db6e68e89c8e6c161d0f21277329400,NO_WHITELIST_TOPLINE,,NO_WHITELIST_TOPLINE,,,NAF,CLOSED_PRIOR_NON_PF_LT75,2025-03-31,True,DIRECT,
1355096,0001558370-25-001837,20250227,"QVC GROUP, INC.",2-ACC,AF,CLOSED,CLOSED_OPERATING_NON_SHELL,OPERATING,operating,CLOSED_UNIQUE,228000000.0,2024-06-30,e77da372e512b25faf9f9984f7e2aa7083ecfb23841d78c2b2513a727c94b2ce,CLOSED_UNIQUE,10915000000.0,NO_WHITELIST_TOPLINE,,,AF,CLOSED_PRIOR_ACC_REV_GE80_REMAIN_AF,2025-03-17,True,DIRECT,
1355790,0000950170-25-046745,20250328,INTERNATIONAL STEM CELL CORP,4-NON,NAF,CLOSED,CLOSED_OPERATING_NON_SHELL,OPERATING,operating,CLOSED_UNIQUE,222031.0,2024-06-28,fd7c67ab84849011fd0ceb17df35925c429913c4afecc13981a0e1242c411809,NO_WHITELIST_TOPLINE,,NO_WHITELIST_TOPLINE,,,NAF,CLOSED_PF_LT60,2025-03-31,True,DIRECT,
1355839,0001013762-25-001600,20250324,INTELLIGENT PROTECTION MANAGEMENT CORP.,4-NON,NAF,CLOSED,CLOSED_OPERATING_NON_SHELL,OPERATING,operating,CLOSED_UNIQUE,31564517.0,2024-06-30,f533805dfbd2c57a5e22321ca887c519992d2de0c8386828bfdffcaac51e5b90,CLOSED_UNIQUE,10979844.0,CLOSED_UNIQUE,10989545.0,,NAF,CLOSED_PF_LT60,2025-03-31,True,DIRECT,
1355848,0001683168-25-002049,20250331,"KARTOON STUDIOS, INC.",4-NON,NAF,CLOSED,CLOSED_OPERATING_NON_SHELL,OPERATING,operating,CLOSED_UNIQUE,38373500.0,2024-06-30,42f83ad695b70836465c5b9e7b818433c74a97d628ea1a6f0e15cf62dcc972a1,CLOSED_UNIQUE,44085000.0,CLOSED_UNIQUE,62299000.0,,NAF,CLOSED_PF_LT60,2025-03-31,True,DIRECT,
1356093,0001437749-25-007738,20250314,"CREATIVE REALITIES, INC.",4-NON,NAF,CLOSED,CLOSED_OPERATING_NON_SHELL,OPERATING,operating,CLOSED_UNIQUE,39850105.0,2024-06-30,cf84afa0b41517820788a696508b1844dfc4b977696115a631d0425ff0bbfb05,CLOSED_UNIQUE,45166000.0,CLOSED_UNIQUE,43350000.0,,NAF,CLOSED_PF_LT60,2025-03-31,True,DIRECT,
1356576,0001356576-25-000017,20250225,"SUPERNUS PHARMACEUTICALS, INC.",1-LAF,LAF,CLOSED,CLOSED_OPERATING_NON_SHELL,OPERATING,operating,CLOSED_UNIQUE,1413025683.0,2024-06-30,e7a164323debcf71ac7bab90abc928db199aa54fa8d64a1bb72813953836efcf,CLOSED_UNIQUE,607521000.0,CLOSED_UNIQUE,667238000.0,,LAF,CLOSED_PF_GE700,2025-03-03,True,DIRECT,
1357459,0000950170-25-043859,20250324,"PALISADE BIO, INC.",4-NON,NAF,CLOSED,CLOSED_OPERATING_NON_SHELL,OPERATING,operating,CLOSED_UNIQUE,4300000.0,2024-06-30,a784bf0978047c49ddb86b9841c4242d3caae63bcac3e4ae5edfece81f6f770b,NO_WHITELIST_TOPLINE,,NO_WHITELIST_TOPLINE,,,NAF,CLOSED_PF_LT60,2025-03-31,True,DIRECT,
1357615,0001357615-25-000018,20250225,"KBR, INC.",1-LAF,LAF,CLOSED,CLOSED_OPERATING_NON_SHELL,OPERATING,operating,CLOSED_UNIQUE,8500000000.0,2024-06-28,48b09eecee39a40e7f22820c58f3cbe5f47713ea420788d5ff4eb93846f1cbf5,CLOSED_UNIQUE,6956000000.0,CLOSED_UNIQUE,6564000000.0,,LAF,CLOSED_PF_GE700,2025-03-03,True,DIRECT,
1357874,0000950170-25-044775,20250326,PRECISION BIOSCIENCES INC,4-NON,NAF,CLOSED,CLOSED_OPERATING_NON_SHELL,OPERATING,operating,CLOSED_UNIQUE,66800000.0,2024-06-28,5bf6e5d7bb6d6d99c32f22b398c37ea5a0dd9d9124fa58e0b9a585ecb5336939,CLOSED_UNIQUE,48727000.0,CLOSED_UNIQUE,25098000.0,,NAF,CLOSED_PRIOR_NON_PF_LT75,2025-03-31,True,DIRECT,
1358190,0001213900-25-031072,20250411,"IT TECH PACKAGING, INC.",4-NON,NAF,CLOSED,CLOSED_OPERATING_NON_SHELL,OPERATING,operating,CLOSED_UNIQUE,2190567.0,2024-06-28,3857d275d894371c1c920bc7512a79b7ef570f0887d8ff5cb75709a44e3d0e40,CLOSED_UNIQUE,86546950.0,CLOSED_UNIQUE,100352434.0,2025-03-31,NAF,CLOSED_PF_LT60,2025-03-31,True,12B25,
1358633,0001731122-25-000581,20250416,SENTIENT BRANDS HOLDINGS INC.,4-NON,NAF,CLOSED,CLOSED_OPERATING_NON_SHELL,OPERATING,operating,CLOSED_UNIQUE,4312825.0,2024-06-30,05d04ebdb5ce7894870a8666211ee6bb73d0748980aa1676f268d0a458a2c568,CLOSED_UNIQUE,150.0,CLOSED_UNIQUE,566.0,2025-03-31,NAF,CLOSED_PF_LT60,2025-03-31,False,LATE,
1359841,0001359841-25-000008,20250214,HANESBRANDS INC.,1-LAF,LAF,CLOSED,CLOSED_OPERATING_NON_SHELL,OPERATING,operating,CLOSED_UNIQUE,1725686462.0,2024-06-28,4525ce3eb85c77801ff40198903fc51b95a6840e307a75174a710b46cfe0d131,CLOSED_UNIQUE,5636523000.0,CLOSED_UNIQUE,6233650000.0,,LAF,CLOSED_PF_GE700,2025-03-03,True,DIRECT,
1359931,0001213900-25-020368,20250305,"PROTARA THERAPEUTICS, INC.",4-NON,NAF,CLOSED,CLOSED_OPERATING_NON_SHELL,OPERATING,operating,CLOSED_UNIQUE,35000000.0,2024-06-28,38373c8a8080faa7aecfff854d841504849009607cb95e9f80ead8341eee774d,NO_WHITELIST_TOPLINE,,NO_WHITELIST_TOPLINE,,,NAF,CLOSED_PF_LT60,2025-03-31,True,DIRECT,
1360214,0001641172-25-000925,20250327,"HARROW, INC.",4-NON,NAF,CLOSED,CLOSED_OPERATING_NON_SHELL,OPERATING,operating,CLOSED_UNIQUE,678000000.0,2024-06-28,dc3cab8bdcf9f878c0d48772934b56f1bdf67e39cf4af89201ed6f64d88323ae,CLOSED_UNIQUE,130193000.0,CLOSED_UNIQUE,88595000.0,2025-03-17,AF,CLOSED_PRIOR_NON_REV_GE100_ENTER_AF,2025-03-17,True,12B25,
1360442,0001096906-25-000535,20250416,"DOGECOIN CASH, INC.",4-NON,NAF,CLOSED,CLOSED_OPERATING_NON_SHELL,OPERATING,operating,CLOSED_UNIQUE,1023201.0,2024-06-28,eae6bcb8c900bef85fddfb8c72c3b4b5da1e4743df69054a79015aa23d99277e,CLOSED_UNIQUE,1173830.0,NO_FY2022_10K,,2025-03-28,NAF,CLOSED_PF_LT60,2025-03-31,False,LATE,
1360604,0001360604-25-000032,20250219,HEALTHCARE REALTY TRUST INC,1-LAF,LAF,CLOSED,CLOSED_OPERATING_NON_SHELL,OPERATING,operating,CLOSED_UNIQUE,5955657463.0,2024-06-30,5f93dd3dc3fb20c823a0a70a5a8b59bfd2d573deacecf06abea038a43549883d,CLOSED_UNIQUE,1343769000.0,CLOSED_UNIQUE,932637000.0,,LAF,CLOSED_PF_GE700,2025-03-03,True,DIRECT,
1360901,0001360901-25-000005,20250221,EVERCORE INC.,1-LAF,LAF,CLOSED,CLOSED_OPERATING_NON_SHELL,OPERATING,operating,CLOSED_UNIQUE,8000000000.0,2024-06-30,3eeb5c42209ad482bf3081ae62857453fc43e5546b76e265315e64b0860676dd,CONFLICTING_WHITELIST_VALUES,,CONFLICTING_WHITELIST_VALUES,,,LAF,CLOSED_PF_GE700,2025-03-03,True,DIRECT,
1361113,0001628280-25-004187,20250206,VARONIS SYSTEMS INC,1-LAF,LAF,CLOSED,CLOSED_OPERATING_NON_SHELL,OPERATING,operating,CLOSED_UNIQUE,5250000000.0,2024-06-30,fbb87a049ee4af3576c39b39bf7d730fc28567d780bab6b1ade538911a681fb7,CLOSED_UNIQUE,499160000.0,CLOSED_UNIQUE,473634000.0,,LAF,CLOSED_PF_GE700,2025-03-03,True,DIRECT,
1361538,0001558370-25-001397,20250225,PRIMORIS SERVICES CORP,1-LAF,LAF,CLOSED,CLOSED_OPERATING_NON_SHELL,OPERATING,operating,CLOSED_UNIQUE,2648800000.0,2024-06-30,84f5618bacdd284f7702223ccec173893333b5e6cd37f9b19be1dd771ab032ce,CLOSED_UNIQUE,5715309000.0,CLOSED_UNIQUE,4420599000.0,,LAF,CLOSED_PF_GE700,2025-03-03,True,DIRECT,
1361658,0001361658-25-000012,20250219,TRAVEL & LEISURE CO.,1-LAF,LAF,CLOSED,CLOSED_OPERATING_NON_SHELL,OPERATING,operating,CLOSED_UNIQUE,3079902533.0,2024-06-30,2f2ac44f11f77214e816741483272325212789c924c25a6e68781193b53de1e9,CLOSED_UNIQUE,3750000000.0,CLOSED_UNIQUE,3567000000.0,,LAF,CLOSED_PF_GE700,2025-03-03,True,DIRECT,
1362004,0000950170-25-029917,20250228,"ICF INTERNATIONAL, INC.",1-LAF,LAF,CLOSED,CLOSED_OPERATING_NON_SHELL,OPERATING,operating,CLOSED_UNIQUE,2746000000.0,2024-06-30,dc40cf1039fa102a3597714e364c659acb4afdc419c4e75b9713af1d4ae3bb94,CLOSED_UNIQUE,1963238000.0,CLOSED_UNIQUE,1779964000.0,,LAF,CLOSED_PF_GE700,2025-03-03,True,DIRECT,
1362468,0001362468-25-000008,20250303,ALLEGIANT TRAVEL CO,1-LAF,LAF,CLOSED,CLOSED_OPERATING_NON_SHELL,OPERATING,operating,CLOSED_UNIQUE,776900000.0,2024-06-30,11f13bfc5767bdce811bf174d8f7a54e2e1c67f8b4b37a33c5f7a43ec18d37f3,CLOSED_UNIQUE,2509857000.0,CLOSED_UNIQUE,2301829000.0,,LAF,CLOSED_PF_GE700,2025-03-03,True,DIRECT,
1364250,0001364250-25-000014,20250214,DOUGLAS EMMETT INC,1-LAF,LAF,CLOSED,CLOSED_OPERATING_NON_SHELL,OPERATING,operating,CLOSED_UNIQUE,2120000000.0,2024-06-28,97103fa2c089b0603671ebec27b5bd867ca7ae661722e2ca17cec8e5772784be,CLOSED_UNIQUE,1020488000.0,CLOSED_UNIQUE,993652000.0,,LAF,CLOSED_PF_GE700,2025-03-03,True,DIRECT,
1364479,0001364479-25-000007,20250213,HERC HOLDINGS INC,1-LAF,LAF,CLOSED,CLOSED_OPERATING_NON_SHELL,OPERATING,operating,CLOSED_UNIQUE,3350000000.0,2024-06-28,b24e1d47dfc47addc06f61542bd631df08f24cf90d0c7542ece2de81095605db,CLOSED_UNIQUE,3282000000.0,CLOSED_UNIQUE,2738800000.0,,LAF,CLOSED_PF_GE700,2025-03-03,True,DIRECT,
1364885,0001628280-25-009088,20250228,"SPIRIT AEROSYSTEMS HOLDINGS, INC.",1-LAF,LAF,CLOSED,CLOSED_OPERATING_NON_SHELL,OPERATING,operating,CLOSED_UNIQUE,3800000000.0,2024-06-27,c47cfee1057230759caa90e84a00f67a38e1206abac5c57ed96971fd781eb20f,CLOSED_UNIQUE,6047900000.0,CLOSED_UNIQUE,5029600000.0,,LAF,CLOSED_PF_GE700,2025-03-03,True,DIRECT,
1364954,0001364954-25-000013,20250224,"CHEGG, INC",1-LAF,LAF,CLOSED,CLOSED_OPERATING_NON_SHELL,OPERATING,operating,CLOSED_UNIQUE,319717961.0,2024-06-30,bf976c881a024d7c518e74c699723bcbecea08a91d1c668d33926492e09c9f7b,CLOSED_UNIQUE,716295000.0,CLOSED_UNIQUE,766897000.0,,AF,CLOSED_PRIOR_LAF_REV_GE100_EXIT_AF,2025-03-17,True,DIRECT,
1365135,0000950170-25-024137,20250220,WESTERN UNION CO,1-LAF,LAF,CLOSED,CLOSED_OPERATING_NON_SHELL,OPERATING,operating,CLOSED_UNIQUE,4100000000.0,2024-06-28,a14bd3d6c03faecbc5f17dce2fde42ac23457ad8a35d0783c03dec9d86aa9ab1,CLOSED_UNIQUE,4357000000.0,CLOSED_UNIQUE,4475500000.0,,LAF,CLOSED_PF_GE700,2025-03-03,True,DIRECT,
1366868,0001366868-25-000033,20250228,"GLOBALSTAR, INC.",1-LAF,LAF,CLOSED,CLOSED_OPERATING_NON_SHELL,OPERATING,operating,CLOSED_UNIQUE,800000000.0,2024-06-28,640373b0442ae49001bb65581ecd9e0918817ba62665a03809796f7ba327e21d,CLOSED_UNIQUE,223808000.0,CLOSED_UNIQUE,148504000.0,,LAF,CLOSED_PF_GE700,2025-03-03,True,DIRECT,
1367644,0001367644-25-000021,20250304,EMERGENT BIOSOLUTIONS INC.,2-ACC,AF,CLOSED,CLOSED_OPERATING_NON_SHELL,OPERATING,operating,CLOSED_UNIQUE,360700000.0,2024-06-30,c30fbe8f65b0dae826725bd932b5b165ccfe4d01edfb40e5b06ce84d4869509e,CLOSED_UNIQUE,1049300000.0,CLOSED_UNIQUE,1120900000.0,,AF,CLOSED_PRIOR_ACC_REV_GE80_REMAIN_AF,2025-03-17,True,DIRECT,
1368265,0001558370-25-001390,20250224,CLEAN ENERGY FUELS CORP.,1-LAF,LAF,CLOSED,CLOSED_OPERATING_NON_SHELL,OPERATING,operating,CLOSED_UNIQUE,460704631.0,2024-06-30,9d49b75672b3b0ef2ff2fccfef07286daeaebe63ec6575339b5c00c5c58a7994,CLOSED_UNIQUE,425159000.0,CLOSED_UNIQUE,420164000.0,,AF,CLOSED_PRIOR_LAF_REV_GE100_EXIT_AF,2025-03-17,True,DIRECT,
1368514,0001140361-25-009257,20250318,"ADMA BIOLOGICS, INC.",1-LAF,LAF,CLOSED,CLOSED_OPERATING_NON_SHELL,OPERATING,operating,CLOSED_UNIQUE,2535856298.0,2024-06-30,5e8a7794474a725bc4840982de4e7adf95b3027d4f6dc3939d51d404253c49c0,CLOSED_UNIQUE,258215000.0,CLOSED_UNIQUE,154079692.0,2025-03-03,LAF,CLOSED_PF_GE700,2025-03-03,True,12B25,
1368757,0000950170-25-042607,20250320,"GTJ REIT, INC.",4-NON,NAF,CLOSED,CLOSED_OPERATING_NON_SHELL,OPERATING,operating,CLOSED_UNIQUE,0.0,2024-06-30,c59e4de025d9d32429af5d0dc43afc47b1fec5da5e75a44218d4a31b796ad0c3,CLOSED_UNIQUE,75273000.0,CLOSED_UNIQUE,65534000.0,,NAF,CLOSED_PF_LT60,2025-03-31,True,DIRECT,
1369290,0000950170-25-036349,20250310,"MYOMO, INC.",4-NON,NAF,CLOSED,CLOSED_OPERATING_NON_SHELL,OPERATING,operating,CLOSED_UNIQUE,67219172.0,2024-06-28,f547554bc163c4165df3f1a0b062955f36a3dbbbd0178aff1981e88869ebc5e3,CLOSED_UNIQUE,19241158.0,CLOSED_UNIQUE,15555229.0,,NAF,CLOSED_PRIOR_NON_PF_LT75,2025-03-31,True,DIRECT,
1369568,0000950170-25-027714,20250226,"CATALYST PHARMACEUTICALS, INC.",1-LAF,LAF,CLOSED,CLOSED_OPERATING_NON_SHELL,OPERATING,operating,CLOSED_UNIQUE,1720853867.0,2024-06-30,03ab81de0344f45d2c9599158b4083539e0e1143cff8516c2bf64463f58ad09f,CLOSED_UNIQUE,398204000.0,CLOSED_UNIQUE,214203000.0,,LAF,CLOSED_PF_GE700,2025-03-03,True,DIRECT,
1370637,0001370637-25-000017,20250219,ETSY INC,1-LAF,LAF,CLOSED,CLOSED_OPERATING_NON_SHELL,OPERATING,operating,CLOSED_UNIQUE,6700000000.0,2024-06-30,f4ebe56de5c64d5392bcadb838df017f92b8d38c09d35e444362648c53ac06ce,CLOSED_UNIQUE,2748377000.0,CLOSED_UNIQUE,2566111000.0,,LAF,CLOSED_PF_GE700,2025-03-03,True,DIRECT,
1370946,0001370946-25-000077,20250224,OWENS CORNING,1-LAF,LAF,CLOSED,CLOSED_OPERATING_NON_SHELL,OPERATING,operating,CLOSED_UNIQUE,15103269437.0,2024-06-30,f5ed1cf5955a316d2eba513dffacf9cb1522abce7be2fcab956b0204d3b819b0,CLOSED_UNIQUE,9677000000.0,CLOSED_UNIQUE,9761000000.0,,LAF,CLOSED_PF_GE700,2025-03-03,True,DIRECT,
1371128,0001641172-25-000633,20250325,"NEWHYDROGEN, INC.",4-NON,NAF,CLOSED,CLOSED_OPERATING_NON_SHELL,OPERATING,operating,CLOSED_UNIQUE,3499151.0,2024-06-30,c5beb5e58bc70b7820edf411e8f7f122ef4e9ea04640fb3f33982bb80e2f0330,NO_WHITELIST_TOPLINE,,NO_WHITELIST_TOPLINE,,,NAF,CLOSED_PF_LT60,2025-03-31,True,DIRECT,
1371285,0001371285-25-000052,20250227,"TRUPANION, INC.",1-LAF,LAF,CLOSED,CLOSED_OPERATING_NON_SHELL,OPERATING,operating,CLOSED_UNIQUE,978851803.0,2024-06-30,dbb551fb5622f5fbc5c41645ceab04cd13f9aac42271bee93182afa5d22e3f2a,CLOSED_UNIQUE,1108605000.0,CLOSED_UNIQUE,905179000.0,,LAF,CLOSED_PF_GE700,2025-03-03,True,DIRECT,
1371489,0001558370-25-002897,20250313,INFORMATION SERVICES GROUP INC.,2-ACC,AF,CLOSED,CLOSED_OPERATING_NON_SHELL,OPERATING,operating,CLOSED_UNIQUE,122376988.0,2024-06-28,3588556bd54f6ca61dc1d7037bd038deaf61e549965981a1102092d6c223e142,CLOSED_UNIQUE,291054000.0,CLOSED_UNIQUE,286267000.0,,AF,CLOSED_PRIOR_ACC_REV_GE80_REMAIN_AF,2025-03-17,True,DIRECT,
1372514,0001372514-25-000012,20250325,KIORA PHARMACEUTICALS INC,4-NON,NAF,CLOSED,CLOSED_OPERATING_NON_SHELL,OPERATING,operating,CLOSED_UNIQUE,12242441.0,2024-06-30,9a33fc7a8633133e731de583067e133ac87ce45458eec4d8ed908ce7794a5a8d,NO_WHITELIST_TOPLINE,,NO_WHITELIST_TOPLINE,,,NAF,CLOSED_PF_LT60,2025-03-31,True,DIRECT,
1373670,0001373670-25-000007,20250226,"GREEN BRICK PARTNERS, INC.",2-ACC,AF,CLOSED,CLOSED_OPERATING_NON_SHELL,OPERATING,operating,CLOSED_UNIQUE,1752737797.0,2024-06-30,2de2f60d7c9376d352b76b4912eebe32e48928f3b4749a62fdaff6b99fdb5412,CLOSED_UNIQUE,1777710000.0,CLOSED_UNIQUE,1757793000.0,,LAF,CLOSED_PF_GE700,2025-03-03,True,DIRECT,
1373715,0001373715-25-000010,20250130,"SERVICENOW, INC.",1-LAF,LAF,CLOSED,CLOSED_OPERATING_NON_SHELL,OPERATING,operating,CLOSED_UNIQUE,135000000000.0,2024-06-30,9b424b2d5830430dc2186f3d9302da63932b1e1abb172ed7d013f831f3f52e3a,CLOSED_UNIQUE,8971000000.0,CLOSED_UNIQUE,7245000000.0,,LAF,CLOSED_PF_GE700,2025-03-03,True,DIRECT,
1374310,0001628280-25-006984,20250221,"CBOE GLOBAL MARKETS, INC.",1-LAF,LAF,CLOSED,CLOSED_OPERATING_NON_SHELL,OPERATING,operating,CLOSED_UNIQUE,17800000000.0,2024-06-30,6a79d89b9c7a1990d4cb5ac437f7f2b27fbbaff7e659cb1178219205d308c440,CLOSED_UNIQUE,3773500000.0,CLOSED_UNIQUE,3958500000.0,,LAF,CLOSED_PF_GE700,2025-03-03,True,DIRECT,
1374339,0001558370-25-004068,20250331,PROMIS NEUROSCIENCES INC.,4-NON,NAF,CLOSED,CLOSED_OPERATING_NON_SHELL,OPERATING,operating,CLOSED_UNIQUE,29700000.0,2024-06-30,87e6d44b2c56c822ff9ce8cc9c9ebee55102fa240778bf3021d84ad688e596cb,NO_WHITELIST_TOPLINE,,NO_WHITELIST_TOPLINE,,,NAF,CLOSED_PF_LT60,2025-03-31,True,DIRECT,
1375793,0001641172-25-004952,20250416,"METALERT, INC.",4-NON,NAF,CLOSED,CLOSED_OPERATING_NON_SHELL,OPERATING,operating,CLOSED_UNIQUE,1265838.0,2024-06-30,60b6a9211843e548e7948873048f9c38a4b7b39becd0d705adb5e91b22ec16f0,CLOSED_UNIQUE,248331.0,CLOSED_UNIQUE,334606.0,2025-03-31,NAF,CLOSED_PF_LT60,2025-03-31,False,LATE,
1376139,0001376139-25-000008,20250219,CVR ENERGY INC,1-LAF,LAF,CLOSED,CLOSED_OPERATING_NON_SHELL,OPERATING,operating,CLOSED_UNIQUE,906000000.0,2024-06-30,e2a4c0764a2927306199b623af7178e2f804fa6b9c825b71f174dfc9c69aee71,CLOSED_UNIQUE,9247000000.0,CLOSED_UNIQUE,10896000000.0,,LAF,CLOSED_PF_GE700,2025-03-03,True,DIRECT,
1376227,0001410578-25-000230,20250228,"UNITED STATES NATURAL GAS FUND, LP",1-LAF,LAF,CLOSED,CLOSED_OPERATING_NON_SHELL,OPERATING,operating,CLOSED_UNIQUE,715429442.0,2024-06-30,db5cd82b7cf16934d0fdc9d355f9871bea9fb9dfd1dc012f12b1e64f151bb0b0,NO_WHITELIST_TOPLINE,,NO_WHITELIST_TOPLINE,,,LAF,CLOSED_PF_GE700,2025-03-03,True,DIRECT,
1376231,0001213900-25-032573,20250416,"VPR BRANDS, LP.",4-NON,NAF,CLOSED,CLOSED_OPERATING_NON_SHELL,OPERATING,operating,CLOSED_UNIQUE,5613677.0,2024-06-28,ee52ea483a2ee75a1545a3699bc04c6b00b9aa537ee8f754c25dfd7aabfc20d1,CLOSED_UNIQUE,9853825.0,CLOSED_UNIQUE,4927616.0,2025-03-31,NAF,CLOSED_PF_LT60,2025-03-31,False,LATE,
1376321,0001171843-25-002214,20250415,ZW DATA ACTION TECHNOLOGIES INC.,4-NON,NAF,CLOSED,CLOSED_OPERATING_NON_SHELL,OPERATING,operating,CLOSED_UNIQUE,4927959.0,2024-06-30,2a9a217af01736c21b8c1378568d59212a3a91c07f043f44d9023c142557db9c,CLOSED_UNIQUE,30585000.0,CLOSED_UNIQUE,26235000.0,2025-03-31,NAF,CLOSED_PF_LT60,2025-03-31,True,12B25,
1376339,0001376339-25-000009,20250226,"MIMEDX GROUP, INC.",1-LAF,LAF,CLOSED,CLOSED_OPERATING_NON_SHELL,OPERATING,operating,CLOSED_UNIQUE,803700000.0,2024-06-28,4550c69bb08aeaba7d60fef3ee3e0c732d00dc74c7b6a7473a81f28f54505fdd,CLOSED_UNIQUE,321477000.0,CLOSED_UNIQUE,267841000.0,,LAF,CLOSED_PF_GE700,2025-03-03,True,DIRECT,
1377121,0001558370-25-001317,20250221,"PROTAGONIST THERAPEUTICS, INC",1-LAF,LAF,CLOSED,CLOSED_OPERATING_NON_SHELL,OPERATING,operating,CLOSED_UNIQUE,2000000000.0,2024-06-28,49f326b31c2367c9484dd1c04b7f25cba46ddb8b7cacd7f86be4bd18f06ff25e,NO_WHITELIST_TOPLINE,,NO_WHITELIST_TOPLINE,,,LAF,CLOSED_PF_GE700,2025-03-03,True,DIRECT,
1377630,0000950170-25-034706,20250306,"NATIONAL CINEMEDIA, INC.",4-NON,NAF,CLOSED,CLOSED_OPERATING_NON_SHELL,OPERATING,operating,CLOSED_UNIQUE,290335227.0,2024-06-27,93f14b45d7de55db0fd45151731b0d0b81608005dbab1b2cb4dc5b9115408e9f,CLOSED_UNIQUE,165200000.0,CLOSED_UNIQUE,249200000.0,,AF,CLOSED_PRIOR_NON_REV_GE100_ENTER_AF,2025-03-17,True,DIRECT,
1378950,0001378950-25-000036,20250326,"CARPARTS.COM, INC.",2-ACC,AF,CLOSED,CLOSED_OPERATING_NON_SHELL,OPERATING,operating,CLOSED_UNIQUE,54200000.0,2024-06-28,6d352f54f480d17c215f55059b38f697efae4218456f5342fffaff065d6f5ca8,CLOSED_UNIQUE,675729000.0,CLOSED_UNIQUE,661604000.0,,NAF,CLOSED_PF_LT60,2025-03-31,True,DIRECT,
1379041,0001379041-25-000049,20250228,"EMPLOYERS HOLDINGS, INC.",1-LAF,LAF,CLOSED,CLOSED_OPERATING_NON_SHELL,OPERATING,operating,CLOSED_UNIQUE,756037167.0,2024-06-30,454d151edd278374988b7cd533f3dfa9d693c47ea6e08fe123a3b2e46f5dbb31,CLOSED_UNIQUE,850900000.0,CLOSED_UNIQUE,713500000.0,,LAF,CLOSED_PF_GE700,2025-03-03,True,DIRECT,
1380106,0001380106-25-000058,20250228,"RAPID MICRO BIOSYSTEMS, INC.",4-NON,NAF,CLOSED,CLOSED_OPERATING_NON_SHELL,OPERATING,operating,CLOSED_UNIQUE,28178899.0,2024-06-30,0ebad8be9ab8693369c6d5e7d1580c4d99833debf3f6d08ed964de122fb79f6f,CLOSED_UNIQUE,22519000.0,CLOSED_UNIQUE,17133000.0,,NAF,CLOSED_PF_LT60,2025-03-31,True,DIRECT,
1381531,0000950170-25-028984,20250227,DOMTAR CORP,4-NON,NAF,CLOSED,CLOSED_OPERATING_NON_SHELL,OPERATING,operating,CLOSED_UNIQUE,0.0,2024-06-30,314d80cb45c0f0e9cb50575dbaca427127b24288e771c665368ef8f4926cba6d,CLOSED_UNIQUE,6936000000.0,CLOSED_UNIQUE,4577000000.0,,NAF,CLOSED_PF_LT60,2025-03-31,True,DIRECT,
1382101,0000950170-25-038884,20250313,"SUTRO BIOPHARMA, INC.",4-NON,NAF,CLOSED,CLOSED_OPERATING_NON_SHELL,OPERATING,operating,CLOSED_UNIQUE,237800000.0,2024-06-30,681b198d5b8082f9d0bd77396d1e0b87b5772cc5fad8b10f925004b0a568d5e2,CLOSED_UNIQUE,153731000.0,CLOSED_UNIQUE,67772000.0,,AF,CLOSED_PRIOR_NON_REV_GE100_ENTER_AF,2025-03-17,True,DIRECT,
1382574,0001641172-25-000657,20250326,"SCIENTURE HOLDINGS, INC.",4-NON,NAF,CLOSED,CLOSED_OPERATING_NON_SHELL,OPERATING,operating,CLOSED_UNIQUE,10203000.0,2024-06-30,ef22edff1ba069bbe294f30a4b07cc0dbb21d3a1a8b9d87110e7982fade08b2b,CLOSED_UNIQUE,8272214.0,CLOSED_UNIQUE,11448265.0,,NAF,CLOSED_PF_LT60,2025-03-31,True,DIRECT,
1383650,0001383650-25-000007,20250220,"CHENIERE ENERGY PARTNERS, L.P.",1-LAF,LAF,CLOSED,CLOSED_OPERATING_NON_SHELL,OPERATING,operating,CLOSED_UNIQUE,1900000000.0,2024-06-30,2e5b03a9b4b631640dcbcfa738cc6f98688d8b986528109d56a7492e4154a6be,CLOSED_UNIQUE,9664000000.0,CLOSED_UNIQUE,17206000000.0,,LAF,CLOSED_PF_GE700,2025-03-03,True,DIRECT,
1384101,0001384101-25-000014,20250228,"VERACYTE, INC.",1-LAF,LAF,CLOSED,CLOSED_OPERATING_NON_SHELL,OPERATING,operating,CLOSED_UNIQUE,1500000000.0,2024-06-30,fe9460d862ace9a1c5c5cc2fe56277667474ee088fbd37c9a0abdb020dff75e0,CLOSED_UNIQUE,361051000.0,CLOSED_UNIQUE,296536000.0,,LAF,CLOSED_PF_GE700,2025-03-03,True,DIRECT,
1385613,0001385613-25-000007,20250310,"GREENLIGHT CAPITAL RE, LTD.",2-ACC,AF,CLOSED,CLOSED_OPERATING_NON_SHELL,OPERATING,operating,CLOSED_UNIQUE,357700000.0,2024-06-30,0aa52d8a1e1aa176b8dc190850ed15fe017beb9b650c184b84e21951fd29f968,CLOSED_UNIQUE,667082000.0,CLOSED_UNIQUE,526683000.0,,AF,CLOSED_PRIOR_ACC_REV_GE80_REMAIN_AF,2025-03-17,True,DIRECT,
1385849,0001385849-25-000004,20250226,ENERGY FUELS INC,1-LAF,LAF,CLOSED,CLOSED_OPERATING_NON_SHELL,OPERATING,operating,CLOSED_UNIQUE,971300000.0,2024-06-30,228424e1a7b4d8081eee7998b4fc0820a666e1797df0f621eb499b2afc76497b,CLOSED_UNIQUE,37928000.0,CLOSED_UNIQUE,12515000.0,,LAF,CLOSED_PF_GE700,2025-03-03,True,DIRECT,
1387061,0001185185-25-000229,20250327,"LIGHTSTONE VALUE PLUS REIT V, INC.",4-NON,NAF,CLOSED,CLOSED_OPERATING_NON_SHELL,OPERATING,operating,CLOSED_UNIQUE,0.0,2024-06-30,d47419e30e7da068605438770bcd71cbc3cbd6266580857c95e18d634db8e2ba,NO_WHITELIST_TOPLINE,,NO_WHITELIST_TOPLINE,,,NAF,CLOSED_PF_LT60,2025-03-31,True,DIRECT,
1388295,0001493152-25-009285,20250306,ONEMETA INC.,4-NON,NAF,CLOSED,CLOSED_OPERATING_NON_SHELL,OPERATING,operating,CLOSED_UNIQUE,9300000.0,2024-06-30,f1c0b962acf12f42005346d9a4f0e5b844e9653e468d2aa36e315dd53affc82c,CLOSED_UNIQUE,70903.0,NO_FY2022_10K,,,NAF,CLOSED_PF_LT60,2025-03-31,True,DIRECT,
1388658,0001388658-25-000028,20250220,"IRHYTHM TECHNOLOGIES, INC.",1-LAF,LAF,CLOSED,CLOSED_OPERATING_NON_SHELL,OPERATING,operating,CLOSED_UNIQUE,3300000000.0,2024-06-30,6e21983cb4c9836e2a9a2895dd0e0471c2a99daac473f613f7c80d2554c9340a,NO_WHITELIST_TOPLINE,,NO_WHITELIST_TOPLINE,,,LAF,CLOSED_PF_GE700,2025-03-03,True,DIRECT,
1389050,0001389050-25-000009,20250225,"ARCHROCK, INC.",1-LAF,LAF,CLOSED,CLOSED_OPERATING_NON_SHELL,OPERATING,operating,CLOSED_UNIQUE,3066717416.0,2024-06-30,ace7c7cf7a87e662b74197a5b2a2f5a85fcee8f66317f2304c1a89b8edd6d17c,CLOSED_UNIQUE,990337000.0,CLOSED_UNIQUE,845568000.0,,LAF,CLOSED_PF_GE700,2025-03-03,True,DIRECT,
1389170,0000950170-25-023983,20250220,TARGA RESOURCES CORP.,1-LAF,LAF,CLOSED,CLOSED_OPERATING_NON_SHELL,OPERATING,operating,CLOSED_UNIQUE,27824100000.0,2024-06-30,c9c93bd29d2f2ee8e18b43b70863634dcceb9e65a5deab8d59cb408125d235e6,CLOSED_UNIQUE,16060300000.0,CLOSED_UNIQUE,20929800000.0,,LAF,CLOSED_PF_GE700,2025-03-03,True,DIRECT,
1389545,0001437749-25-010730,20250402,"NOVABAY PHARMACEUTICALS, INC.",4-NON,NAF,CLOSED,CLOSED_OPERATING_NON_SHELL,OPERATING,operating,CLOSED_UNIQUE,2979107.0,2024-06-28,259ad14a5548c7ec73bbe83ffe35a71c0d499263403eea476e19a495a6763dd7,NO_WHITELIST_TOPLINE,,NO_WHITELIST_TOPLINE,,2025-04-01,NAF,CLOSED_PF_LT60,2025-03-31,True,12B25,
1390478,0001390478-25-000003,20250320,"SELLAS LIFE SCIENCES GROUP, INC.",4-NON,NAF,CLOSED,CLOSED_OPERATING_NON_SHELL,OPERATING,operating,CLOSED_UNIQUE,68573913.0,2024-06-30,15ff3e7878bcab5265fbfcee122eb3df8fa8f183eb69ea3931e107aa71ef961b,NO_WHITELIST_TOPLINE,,NO_WHITELIST_TOPLINE,,,NAF,CLOSED_PRIOR_NON_PF_LT75,2025-03-31,True,DIRECT,
1390777,0001390777-25-000046,20250227,BANK OF NEW YORK MELLON CORP,1-LAF,LAF,CLOSED,CLOSED_OPERATING_NON_SHELL,OPERATING,operating,CLOSED_UNIQUE,44178538132.0,2024-06-30,28e7e67d09d924531763af8ef89c0b698bb2dc4711acf9d6c1cf57ea30dfc1ef,CLOSED_UNIQUE,17502000000.0,CLOSED_UNIQUE,16377000000.0,,LAF,CLOSED_PF_GE700,2025-03-03,True,DIRECT,
1391135,0001096906-25-000346,20250331,LFTD PARTNERS INC.,4-NON,NAF,CLOSED,CLOSED_OPERATING_NON_SHELL,OPERATING,operating,CLOSED_UNIQUE,3625414.0,2024-06-30,89208a21b9a355548c87d985ec3065ff9dbe42173483c4bf8b8f0d7c99c891a1,CLOSED_UNIQUE,51610562.0,CLOSED_UNIQUE,57416535.0,,NAF,CLOSED_PF_LT60,2025-03-31,True,DIRECT,
1391426,0001903596-25-000196,20250415,CLEAN VISION CORP,4-NON,NAF,CLOSED,CLOSED_OPERATING_NON_SHELL,OPERATING,operating,CLOSED_UNIQUE,11842000.0,2024-06-28,8c0bb245fe5972ddcbf13db29872a1083889dd22c416aa8e7f25320731840b85,CLOSED_UNIQUE,257414.0,NO_FY2022_10K,,2025-03-31,NAF,CLOSED_PF_LT60,2025-03-31,True,12B25,
1392694,0001641172-25-000608,20250325,"SURGEPAYS, INC.",4-NON,NAF,CLOSED,CLOSED_OPERATING_NON_SHELL,OPERATING,operating,CLOSED_UNIQUE,43673936.0,2024-06-28,bc275837dc9281cf864c6e987587c4c2f4f248eb5a6d1845f87bbca695b8a2f5,CLOSED_UNIQUE,137141832.0,CLOSED_UNIQUE,121544190.0,,NAF,CLOSED_PF_LT60,2025-03-31,True,DIRECT,
1392972,0001392972-25-000019,20250212,"PROS HOLDINGS, INC.",1-LAF,LAF,CLOSED,CLOSED_OPERATING_NON_SHELL,OPERATING,operating,CLOSED_UNIQUE,1296516929.0,2024-06-30,bc4a6ed1148b964553e554c34e51b6742d3b7615f1e703aecaae341b21f06453,NO_WHITELIST_TOPLINE,,NO_WHITELIST_TOPLINE,,,LAF,CLOSED_PF_GE700,2025-03-03,True,DIRECT,
1393311,0001393311-25-000036,20250224,PUBLIC STORAGE,1-LAF,LAF,CLOSED,CLOSED_OPERATING_NON_SHELL,OPERATING,operating,CLOSED_UNIQUE,43242396000.0,2024-06-28,f3ffbc278de3fd424eb576af7998ac3f0c21ea9c6b704b241a9f82790e1ff38a,CLOSED_UNIQUE,4517690000.0,CLOSED_UNIQUE,4182163000.0,,LAF,CLOSED_PF_GE700,2025-03-03,True,DIRECT,
1393434,0001558370-25-002000,20250303,"OCULAR THERAPEUTIX, INC",4-NON,NAF,CLOSED,CLOSED_OPERATING_NON_SHELL,OPERATING,operating,CLOSED_UNIQUE,1063600000.0,2024-06-30,71161754b1ee8f343e1d8875c3fe5d6e06e79d259fd19ee90202b2d0e06fa616,NO_WHITELIST_TOPLINE,,NO_WHITELIST_TOPLINE,,,LAF,CLOSED_PF_GE700,2025-03-03,True,DIRECT,
1393726,0001393726-25-000028,20250303,TIPTREE INC.,2-ACC,AF,CLOSED,CLOSED_OPERATING_NON_SHELL,OPERATING,operating,CLOSED_UNIQUE,405201906.0,2024-06-28,3f886022a71dac67630bebf3ba12140d9b5704d83448d8722a66008828707c9a,CLOSED_UNIQUE,1649031000.0,CLOSED_UNIQUE,1397752000.0,,AF,CLOSED_PRIOR_ACC_REV_GE80_REMAIN_AF,2025-03-17,True,DIRECT,
1393772,0001096906-25-000350,20250331,"WEED, INC.",4-NON,NAF,CLOSED,CLOSED_OPERATING_NON_SHELL,OPERATING,operating,CLOSED_UNIQUE,3078136.0,2024-06-30,7449d39be0a5aeecc68b2bd5344e2dbd95812c9b354dd6003c49ef103bf56294,CLOSED_UNIQUE,0.0,NO_WHITELIST_TOPLINE,,,NAF,CLOSED_PF_LT60,2025-03-31,True,DIRECT,
1393781,0001641172-25-006369,20250428,QUALITY INDUSTRIAL CORP.,4-NON,NAF,CLOSED,CLOSED_OPERATING_NON_SHELL,OPERATING,operating,CLOSED_UNIQUE,2479207.0,2024-06-30,44a553ae6c75c532c0670b48734077334e2591a4061e71619b0f8d6980661fb1,NO_WHITELIST_TOPLINE,,NO_WHITELIST_TOPLINE,,2025-04-01,NAF,CLOSED_PF_LT60,2025-03-31,False,LATE,
1393818,0001193125-25-042469,20250228,BLACKSTONE INC.,1-LAF,LAF,CLOSED,CLOSED_OPERATING_NON_SHELL,OPERATING,operating,CLOSED_UNIQUE,88200000000.0,2024-06-30,71818ca0fe18ef7574498b05185ca89a810bfa8cc16ef7ef143d54f1ada5fbab,CLOSED_UNIQUE,8022841000.0,CLOSED_UNIQUE,8517673000.0,,LAF,CLOSED_PF_GE700,2025-03-03,True,DIRECT,
1393883,0001393883-25-000041,20250212,"DHI GROUP, INC.",2-ACC,AF,CLOSED,CLOSED_OPERATING_NON_SHELL,OPERATING,operating,CLOSED_UNIQUE,87000000.0,2024-06-30,b757683bdc522d7ce1bcedb2047ab85973b17456633dae92c6dfa7c5408cb76a,CLOSED_UNIQUE,151878000.0,CLOSED_UNIQUE,149680000.0,,AF,CLOSED_PRIOR_ACC_REV_GE80_REMAIN_AF,2025-03-17,True,DIRECT,
1394056,0000950170-25-041974,20250319,"ONE STOP SYSTEMS, INC.",4-NON,NAF,CLOSED,CLOSED_OPERATING_NON_SHELL,OPERATING,operating,CLOSED_UNIQUE,41444338.0,2024-06-30,b6c0407c5ca34626511974a11ca8715d867ceab8c25301ca599718d1cefd5dab,CLOSED_UNIQUE,60896797.0,CLOSED_UNIQUE,72421345.0,,NAF,CLOSED_PF_LT60,2025-03-31,True,DIRECT,
1395937,0000950170-25-030394,20250303,SYNDAX PHARMACEUTICALS INC,1-LAF,LAF,CLOSED,CLOSED_OPERATING_NON_SHELL,OPERATING,operating,CLOSED_UNIQUE,1700000000.0,2024-06-30,3bd7c5fa6863852504caacb7da0bb922d9bc402e44f691023c41d00ed8a9bb10,CLOSED_UNIQUE,0.0,NO_WHITELIST_TOPLINE,,,LAF,CLOSED_PF_GE700,2025-03-03,True,DIRECT,
1395942,0001395942-25-000007,20250220,"OPENLANE, INC.",1-LAF,LAF,CLOSED,CLOSED_OPERATING_NON_SHELL,OPERATING,operating,CLOSED_UNIQUE,1792527286.0,2024-06-30,17896b6987af7ae8e3dd0e3b420446b707a7b615f6eaa10cc121c1989692f3c3,CLOSED_UNIQUE,1645100000.0,CLOSED_UNIQUE,1519400000.0,,LAF,CLOSED_PF_GE700,2025-03-03,True,DIRECT,
1396009,0001396009-25-000005,20250220,VULCAN MATERIALS CO,1-LAF,LAF,CLOSED,CLOSED_OPERATING_NON_SHELL,OPERATING,operating,CLOSED_UNIQUE,32788771088.0,2024-06-30,460d65fdd2e922576dd286c053866f8f999ae7665d8e4bbc00a698f84dbf3e8c,CLOSED_UNIQUE,7781900000.0,CLOSED_UNIQUE,7315200000.0,,LAF,CLOSED_PF_GE700,2025-03-03,True,DIRECT,
1396536,0001079973-25-000555,20250331,"DUOS TECHNOLOGIES GROUP, INC.",4-NON,NAF,CLOSED,CLOSED_OPERATING_NON_SHELL,OPERATING,operating,CLOSED_UNIQUE,13499680.0,2024-06-30,575391020cbe88be56fd57c82df36ea11ec6a8383fb9666b97ae19343f58cba3,CLOSED_UNIQUE,7471198.0,CLOSED_UNIQUE,15012366.0,,NAF,CLOSED_PF_LT60,2025-03-31,True,DIRECT,
1396814,0001396814-25-000041,20250227,"PACIRA BIOSCIENCES, INC.",1-LAF,LAF,CLOSED,CLOSED_OPERATING_NON_SHELL,OPERATING,operating,CLOSED_UNIQUE,930100000.0,2024-06-28,cb9a67b56cb544f36e27ae173224d0eabf88f45f8b019d07b465f5e7138520dc,CLOSED_UNIQUE,674978000.0,CLOSED_UNIQUE,666823000.0,,LAF,CLOSED_PF_GE700,2025-03-03,True,DIRECT,
1397911,0001397911-25-000018,20250220,LPL FINANCIAL HOLDINGS INC.,1-LAF,LAF,CLOSED,CLOSED_OPERATING_NON_SHELL,OPERATING,operating,CLOSED_UNIQUE,21300000000.0,2024-06-30,21e9a8d170bf88d80a407e645f54aa08c882477635d523ecd5d1eea3df4f2a02,CLOSED_UNIQUE,10052848000.0,CLOSED_UNIQUE,8600825000.0,,LAF,CLOSED_PF_GE700,2025-03-03,True,DIRECT,
1398659,0001398659-25-000035,20250303,GENPACT LTD,1-LAF,LAF,CLOSED,CLOSED_OPERATING_NON_SHELL,OPERATING,operating,CLOSED_UNIQUE,5700068586.0,2024-06-28,76a034087c6aaff55f8651615dc652b80db47008e6d1f853c49d6e753a9f2313,CLOSED_UNIQUE,4476888000.0,CLOSED_UNIQUE,4371172000.0,,LAF,CLOSED_PF_GE700,2025-03-03,True,DIRECT,
1398805,0001683168-25-002475,20250411,BEAM GLOBAL,4-NON,NAF,CLOSED,CLOSED_OPERATING_NON_SHELL,OPERATING,operating,CLOSED_UNIQUE,65075516.0,2024-06-28,a1045dcfb51d200c57325bd3d09dced81a307d899d5bcb27f357b4e1d1e9de60,CLOSED_UNIQUE,67353000.0,CLOSED_UNIQUE,21995000.0,2025-03-31,NAF,CLOSED_PRIOR_NON_PF_LT75,2025-03-31,True,12B25,
1399520,0001558370-25-002590,20250310,"ONE GROUP HOSPITALITY, INC.",2-ACC,AF,CLOSED,CLOSED_OPERATING_NON_SHELL,OPERATING,operating,CLOSED_UNIQUE,88708791.0,2024-06-30,93f83509e4ece6b7bd8776cf28773318d9dae697df1f391ea823af19780108c2,CLOSED_UNIQUE,332769000.0,CLOSED_UNIQUE,316638000.0,,AF,CLOSED_PRIOR_ACC_REV_GE80_REMAIN_AF,2025-03-17,True,DIRECT,
1400810,0000950170-25-029999,20250228,"HCI GROUP, INC.",2-ACC,AF,CLOSED,CLOSED_OPERATING_NON_SHELL,OPERATING,operating,CLOSED_UNIQUE,794917110.0,2024-06-30,e19aaf6e65850044f811ab4f7d9b8a6e110b2897c7c6b80d18e42d4ea1860f75,CLOSED_UNIQUE,550670000.0,CLOSED_UNIQUE,499563000.0,,LAF,CLOSED_PF_GE700,2025-03-03,True,DIRECT,
1400891,0001400891-25-000009,20250227,"IHEARTMEDIA, INC.",2-ACC,AF,CLOSED,CLOSED_OPERATING_NON_SHELL,OPERATING,operating,CLOSED_UNIQUE,89700000.0,2024-06-30,588d8070fe67696f55b2f25415b59a5565dd63a6e39d799f0ad7749ffe426c0c,CLOSED_UNIQUE,3751025000.0,CLOSED_UNIQUE,3912283000.0,,AF,CLOSED_PRIOR_ACC_REV_GE80_REMAIN_AF,2025-03-17,True,DIRECT,
1401040,0001437749-25-008018,20250317,DIAMEDICA THERAPEUTICS INC.,4-NON,NAF,CLOSED,CLOSED_OPERATING_NON_SHELL,OPERATING,operating,CLOSED_UNIQUE,71000000.0,2024-06-24,bafb689b7f70e25b099b6f0534b2243a44edac284cd77ef07b69ec263615a9b9,NO_WHITELIST_TOPLINE,,NO_WHITELIST_TOPLINE,,,NAF,CLOSED_PRIOR_NON_PF_LT75,2025-03-31,True,DIRECT,
1401257,0001401257-25-000012,20250303,"FORUM ENERGY TECHNOLOGIES, INC.",2-ACC,AF,CLOSED,CLOSED_OPERATING_NON_SHELL,OPERATING,operating,CLOSED_UNIQUE,195700000.0,2024-06-30,16fdbd3f28395228d4716f9e2390305aadc6561770152d75a93cdf40f1c0a2fe,CLOSED_UNIQUE,738864000.0,CLOSED_UNIQUE,699913000.0,,AF,CLOSED_PRIOR_ACC_REV_GE80_REMAIN_AF,2025-03-17,True,DIRECT,
1401667,0001437749-25-005496,20250227,"PUMA BIOTECHNOLOGY, INC.",2-ACC,AF,CLOSED,CLOSED_OPERATING_NON_SHELL,OPERATING,operating,CLOSED_UNIQUE,134400000.0,2024-06-30,d6a10b3afc931f63b43013681ee265bc9e97f6292df6161d4fcfa1fe449b518d,CLOSED_UNIQUE,235637000.0,CLOSED_UNIQUE,228031000.0,,AF,CLOSED_PRIOR_ACC_REV_GE80_REMAIN_AF,2025-03-17,True,DIRECT,
1401914,0001401914-25-000012,20250331,"DARE BIOSCIENCE, INC.",4-NON,NAF,CLOSED,CLOSED_OPERATING_NON_SHELL,OPERATING,operating,CLOSED_UNIQUE,33967214.0,2024-06-30,c6e9c7c5734d655b6ff7a4eadf6f6f7233442941d2f0b04b3026005a8c7a55ba,CLOSED_UNIQUE,2807885.0,CLOSED_UNIQUE,10000000.0,,NAF,CLOSED_PF_LT60,2025-03-31,True,DIRECT,
1402057,0001402057-25-000018,20250221,CDW CORP,1-LAF,LAF,CLOSED,CLOSED_OPERATING_NON_SHELL,OPERATING,operating,CLOSED_UNIQUE,29833000000.0,2024-06-28,af2250ea8a23dcc58c8613c71a50e5a5d6e9f3cb6bf0600a198ade12f62a69c1,CLOSED_UNIQUE,21376000000.0,CLOSED_UNIQUE,23748700000.0,,LAF,CLOSED_PF_GE700,2025-03-03,True,DIRECT,
1402328,0001683168-25-002184,20250401,SUNSHINE BIOPHARMA INC.,4-NON,NAF,CLOSED,CLOSED_OPERATING_NON_SHELL,OPERATING,operating,CLOSED_UNIQUE,22618055.0,2024-06-28,63f51f9e6c33e7e73ae882fe60999c06a37ca56fdc45fd1b33cbb763673a8836,CLOSED_UNIQUE,24092787.0,CLOSED_UNIQUE,4345603.0,2025-03-31,NAF,CLOSED_PF_LT60,2025-03-31,True,12B25,
1403528,0001403528-25-000013,20250320,"BROOKFIELD OAKTREE HOLDINGS, LLC",4-NON,NAF,CLOSED,CLOSED_OPERATING_NON_SHELL,OPERATING,operating,CLOSED_UNIQUE,0.0,2024-06-30,42d35031d73c78bd8e8081cd08877d0b7600b9f9a04a67879f71e3bdee29135e,CLOSED_UNIQUE,267325000.0,CLOSED_UNIQUE,492593000.0,,NAF,CLOSED_PF_LT60,2025-03-31,True,DIRECT,
1403708,0000950170-25-038712,20250313,EVOKE PHARMA INC,4-NON,NAF,CLOSED,CLOSED_OPERATING_NON_SHELL,OPERATING,operating,CLOSED_UNIQUE,4600000.0,2024-06-30,84e87e61bd215934405ea3de500f1890caf0996e0b33178f6a7c5e657e25d546,NO_WHITELIST_TOPLINE,,NO_WHITELIST_TOPLINE,,,NAF,CLOSED_PF_LT60,2025-03-31,True,DIRECT,
1404281,0000950170-25-042754,20250320,"ELEDON PHARMACEUTICALS, INC.",4-NON,NAF,CLOSED,CLOSED_OPERATING_NON_SHELL,OPERATING,operating,CLOSED_UNIQUE,64885717.0,2024-06-30,24e72cc350083628c298a35b2fce3abfbeb3a250e7ed74e527d84db9a839ab3d,NO_WHITELIST_TOPLINE,,NO_WHITELIST_TOPLINE,,,NAF,CLOSED_PRIOR_NON_PF_LT75,2025-03-31,True,DIRECT,
1404655,0000950170-25-018873,20250212,HUBSPOT INC,1-LAF,LAF,CLOSED,CLOSED_OPERATING_NON_SHELL,OPERATING,operating,CLOSED_UNIQUE,29007475839000.0,2024-06-30,97d435b63cd38c42b8e3b9fdc1c520b9ef8fa6813e917df0220abd20ee7528c9,CLOSED_UNIQUE,2170230000.0,CLOSED_UNIQUE,1730969000.0,,LAF,CLOSED_PF_GE700,2025-03-03,True,DIRECT,
1404912,0001404912-25-000015,20250228,KKR & CO. INC.,1-LAF,LAF,CLOSED,CLOSED_OPERATING_NON_SHELL,OPERATING,operating,CLOSED_UNIQUE,71400000000.0,2024-06-30,b4299d9b00ea2d6b0c91798eb1bb9766daef44f8dab8e0fd212ec3f3061bda67,CLOSED_UNIQUE,14499312000.0,CLOSED_UNIQUE,5721195000.0,,LAF,CLOSED_PF_GE700,2025-03-03,True,DIRECT,
1405495,0001405495-25-000011,20250206,"INTERDIGITAL, INC.",1-LAF,LAF,CLOSED,CLOSED_OPERATING_NON_SHELL,OPERATING,operating,CLOSED_UNIQUE,2892976073.0,2024-06-30,18293bcc112db062412e27d8663211ad15a55b8a1047cdd20fe11b75d9c5f63d,CLOSED_UNIQUE,549588000.0,CLOSED_UNIQUE,457794000.0,,LAF,CLOSED_PF_GE700,2025-03-03,True,DIRECT,
1405513,0001410578-25-000266,20250304,"UNITED STATES 12 MONTH NATURAL GAS FUND, LP",4-NON,NAF,CLOSED,CLOSED_OPERATING_NON_SHELL,OPERATING,operating,CLOSED_UNIQUE,18774989.0,2024-06-30,14fc38d8d1090926da4e93352004ceaeb466ca6f3656a27804e717b5bda7f7bb,NO_WHITELIST_TOPLINE,,NO_WHITELIST_TOPLINE,,,NAF,CLOSED_PF_LT60,2025-03-31,True,DIRECT,
1406666,0001406666-25-000008,20250221,"CALIX, INC",1-LAF,LAF,CLOSED,CLOSED_OPERATING_NON_SHELL,OPERATING,operating,CLOSED_UNIQUE,1510000000.0,2024-06-28,f487f5346c00f30902b04bb21847e4c0d9183e4fb3569b5e1e400e6ee077ece6,CLOSED_UNIQUE,1039593000.0,CLOSED_UNIQUE,867827000.0,,LAF,CLOSED_PF_GE700,2025-03-03,True,DIRECT,
1407583,0001641172-25-001245,20250328,BUNKER HILL MINING CORP.,4-NON,NAF,CLOSED,CLOSED_OPERATING_NON_SHELL,OPERATING,operating,CLOSED_UNIQUE,39640443.0,2024-06-30,47a1c5b0880d72c68deeaddfa32660430df78dddd811c97878698c77dfc23900,NO_WHITELIST_TOPLINE,,NO_WHITELIST_TOPLINE,,,NAF,CLOSED_PF_LT60,2025-03-31,True,DIRECT,
1407973,0000950170-25-045214,20250326,"SONENDO, INC.",4-NON,NAF,CLOSED,CLOSED_OPERATING_NON_SHELL,OPERATING,operating,CLOSED_UNIQUE,4300000.0,2024-06-30,ee52b398d54c33487cec0a56466813442e1e915052ec3c97060e0a4fc98060c0,CLOSED_UNIQUE,43865000.0,CLOSED_UNIQUE,41656000.0,,NAF,CLOSED_PF_LT60,2025-03-31,True,DIRECT,
1408075,0001408075-25-000007,20250212,GRAPHIC PACKAGING HOLDING CO,1-LAF,LAF,CLOSED,CLOSED_OPERATING_NON_SHELL,OPERATING,operating,CLOSED_UNIQUE,7800000000.0,2024-06-30,d5f56b9e08ce73c0f1b531adf2fa4d59682467ea5c67b3710f98da4d92d8037f,CLOSED_UNIQUE,9428000000.0,CLOSED_UNIQUE,9440000000.0,,LAF,CLOSED_PF_GE700,2025-03-03,True,DIRECT,
1408198,0001408198-25-000053,20250207,MSCI INC.,1-LAF,LAF,CLOSED,CLOSED_OPERATING_NON_SHELL,OPERATING,operating,CLOSED_UNIQUE,36725364815.0,2024-06-30,e1d12169a86d876af34a90b250be33c382aabda46867dff7e4d3fbd8538112d6,CLOSED_UNIQUE,2528920000.0,CLOSED_UNIQUE,2248598000.0,,LAF,CLOSED_PF_GE700,2025-03-03,True,DIRECT,
1408443,0001558370-25-002849,20250313,MILESTONE PHARMACEUTICALS INC.,4-NON,NAF,CLOSED,CLOSED_OPERATING_NON_SHELL,OPERATING,operating,CLOSED_UNIQUE,69800000.0,2024-06-30,d4a589a2c032a571328ad6f8a2fcfb9193ea65b658d8294c8ecb5bee19418bb2,CLOSED_UNIQUE,1000000.0,CLOSED_UNIQUE,5000000.0,,NAF,CLOSED_PRIOR_NON_PF_LT75,2025-03-31,True,DIRECT,
1408534,0001408534-25-000015,20250317,"FIRST GUARANTY BANCSHARES, INC.",2-ACC,AF,CLOSED,CLOSED_OPERATING_NON_SHELL,OPERATING,operating,CLOSED_UNIQUE,50673000.0,2024-06-28,04aca4b8a19fa36279e1ef5fcc09981b4411412a25c657978dc69e71d461bed4,NO_WHITELIST_TOPLINE,,NO_WHITELIST_TOPLINE,,,NAF,CLOSED_PF_LT60,2025-03-31,True,DIRECT,
1409197,0001213900-25-033608,20250421,"BESPOKE EXTRACTS, INC.",4-NON,NAF,CLOSED,CLOSED_OPERATING_NON_SHELL,OPERATING,operating,CLOSED_UNIQUE,760000.0,2024-06-30,b7ff278cdb8fa8e7b3d9aa8a251d16688f5d0c260478be078c7503b79c62af81,CLOSED_UNIQUE,785453.0,CLOSED_UNIQUE,3407.0,2025-03-31,NAF,CLOSED_PF_LT60,2025-03-31,False,LATE,
1409269,0001437749-25-009968,20250331,VENUS CONCEPT INC.,4-NON,NAF,CLOSED,CLOSED_OPERATING_NON_SHELL,OPERATING,operating,CLOSED_UNIQUE,3411271.0,2024-06-30,560d501a8ef07d1b3e5adeebe6bd3a6358c2e53202d75391e9b4a901878b0e7f,CLOSED_UNIQUE,76354000.0,CLOSED_UNIQUE,99497000.0,,NAF,CLOSED_PF_LT60,2025-03-31,True,DIRECT,
1409493,0001628280-25-006426,20250219,CHIMERA INVESTMENT CORP,1-LAF,LAF,CLOSED,CLOSED_OPERATING_NON_SHELL,OPERATING,operating,CLOSED_UNIQUE,1019981760.0,2024-06-30,c6b0205575ed29de379508b7a63ecb5e1afe1aea46bd79cf6246fa8e7f54dea8,NO_WHITELIST_TOPLINE,,NO_WHITELIST_TOPLINE,,,LAF,CLOSED_PF_GE700,2025-03-03,True,DIRECT,
1409970,0001409970-25-000009,20250213,LENDINGCLUB CORP,1-LAF,LAF,CLOSED,CLOSED_OPERATING_NON_SHELL,OPERATING,operating,CLOSED_UNIQUE,824231718.0,2024-06-30,3764f20e309f4077b68668617c4b5c0151ed38a4596c58022e5ffc3ec52ed866,CLOSED_UNIQUE,864619000.0,CLOSED_UNIQUE,1187216000.0,,LAF,CLOSED_PF_GE700,2025-03-03,True,DIRECT,
1410384,0001410384-25-000010,20250212,"Q2 HOLDINGS, INC.",1-LAF,LAF,CLOSED,CLOSED_OPERATING_NON_SHELL,OPERATING,operating,CLOSED_UNIQUE,3622032451.0,2024-06-30,4b7d43b222b6474ac38e7744b1064ab6091a8cd43d8a95268f9658921140a24e,CLOSED_UNIQUE,624624000.0,CLOSED_UNIQUE,565673000.0,,LAF,CLOSED_PF_GE700,2025-03-03,True,DIRECT,
1410636,0001410636-25-000022,20250219,"AMERICAN WATER WORKS COMPANY, INC.",1-LAF,LAF,CLOSED,CLOSED_OPERATING_NON_SHELL,OPERATING,operating,CLOSED_UNIQUE,22045400000.0,2024-06-28,667a83c3d2ada9ff2bc22b0dd8461048041259114c100fac72012afe6b3b9eeb,CLOSED_UNIQUE,4234000000.0,CLOSED_UNIQUE,3792000000.0,,LAF,CLOSED_PF_GE700,2025-03-03,True,DIRECT,
1411207,0000950170-25-019379,20250213,ALLISON TRANSMISSION HOLDINGS INC,1-LAF,LAF,CLOSED,CLOSED_OPERATING_NON_SHELL,OPERATING,operating,CLOSED_UNIQUE,6588000000.0,2024-06-28,4c15d3ef289a67dcc57ab2bc2e67f06674965740195a926b24cac518f9379803,CLOSED_UNIQUE,3035000000.0,CLOSED_UNIQUE,2769000000.0,,LAF,CLOSED_PF_GE700,2025-03-03,True,DIRECT,
1411342,0001411342-25-000015,20250303,ELLINGTON FINANCIAL INC.,1-LAF,LAF,CLOSED,CLOSED_OPERATING_NON_SHELL,OPERATING,operating,CLOSED_UNIQUE,988312987.0,2024-06-30,67c138f03a71d023a0cb57b34b1c6185d1076904c80dd50502cd9ee1d9d542cf,NO_WHITELIST_TOPLINE,,NO_WHITELIST_TOPLINE,,,LAF,CLOSED_PF_GE700,2025-03-03,True,DIRECT,
1411690,0001411690-25-000037,20250331,"BIONANO GENOMICS, INC.",4-NON,NAF,CLOSED,CLOSED_OPERATING_NON_SHELL,OPERATING,operating,CLOSED_UNIQUE,41594000.0,2024-06-28,13f92789da1fa03217f11c3af96f2d6c3d6ae60732619b1fff4dd0c636e65029,CLOSED_UNIQUE,36116000.0,CLOSED_UNIQUE,27802000.0,,NAF,CLOSED_PF_LT60,2025-03-31,True,DIRECT,
1412126,0001213900-25-031599,20250414,REMSLEEP HOLDINGS INC.,4-NON,NAF,CLOSED,CLOSED_OPERATING_NON_SHELL,OPERATING,operating,CLOSED_UNIQUE,22497600.0,2024-06-30,c9a75f855623cc29ff4955654398468c3fbcc6f42e008c76d7d216c6ab6efeeb,CLOSED_UNIQUE,203718.0,CLOSED_UNIQUE,320719.0,2025-03-31,NAF,CLOSED_PF_LT60,2025-03-31,True,12B25,
1412486,0001641172-25-001496,20250331,"COCRYSTAL PHARMA, INC.",4-NON,NAF,CLOSED,CLOSED_OPERATING_NON_SHELL,OPERATING,operating,CLOSED_UNIQUE,18000000.0,2024-06-30,82ae24564d53711b19be53ef70ff77118fee467415b116ca880f3c54c5218cd8,NO_WHITELIST_TOPLINE,,NO_WHITELIST_TOPLINE,,,NAF,CLOSED_PF_LT60,2025-03-31,True,DIRECT,
1412502,0001558370-25-003293,20250319,STERLING REAL ESTATE TRUST,4-NON,NAF,CLOSED,CLOSED_OPERATING_NON_SHELL,OPERATING,operating,CLOSED_UNIQUE,0.0,2024-06-30,69d42944d4f7d16de9691da24caa06b9fdc25a93d0de9b6c01b7dddaf3c4fb72,NO_WHITELIST_TOPLINE,,NO_WHITELIST_TOPLINE,,,NAF,CLOSED_PF_LT60,2025-03-31,True,DIRECT,
1413329,0001413329-25-000013,20250206,PHILIP MORRIS INTERNATIONAL INC.,1-LAF,LAF,CLOSED,CLOSED_OPERATING_NON_SHELL,OPERATING,operating,CLOSED_UNIQUE,158000000000.0,2024-06-30,1ec26da30d20648e29fcd26af72fa05c3c89b1ef036d58e96a73087f6da83731,NO_WHITELIST_TOPLINE,,NO_WHITELIST_TOPLINE,,,LAF,CLOSED_PF_GE700,2025-03-03,True,DIRECT,
1413891,0001213900-25-026353,20250331,"HIGH WIRE NETWORKS, INC.",4-NON,NAF,CLOSED,CLOSED_OPERATING_NON_SHELL,OPERATING,operating,CLOSED_UNIQUE,3130791.0,2024-06-30,1ee82d78e207ef0fc8b12add8a0af49dbb9d74ad8e7c1e55512eddf6224e5d05,CLOSED_UNIQUE,26992550.0,CLOSED_UNIQUE,55049441.0,,NAF,CLOSED_PF_LT60,2025-03-31,True,DIRECT,
1413898,0001413898-25-000019,20250318,DALLASNEWS CORP,4-NON,NAF,CLOSED,CLOSED_OPERATING_NON_SHELL,OPERATING,operating,CLOSED_UNIQUE,16626180.0,2024-06-30,ba1542a4537af2d12c606a6c76399efa01ca75c14e2b11b5c4919f4cb25d5db0,NO_WHITELIST_TOPLINE,,NO_WHITELIST_TOPLINE,,,NAF,CLOSED_PF_LT60,2025-03-31,True,DIRECT,
1414953,0001477932-25-001952,20250325,EQUATOR BEVERAGE CO,4-NON,NAF,CLOSED,CLOSED_OPERATING_NON_SHELL,OPERATING,operating,CLOSED_UNIQUE,3796129.0,2024-06-28,65146e18861b4ad571bd5a50288472fb0b031f219fa81253f86275c7a53603fa,CLOSED_UNIQUE,2288272.0,CLOSED_UNIQUE,1821492.0,,NAF,CLOSED_PF_LT60,2025-03-31,True,DIRECT,
1415332,0001640334-25-000577,20250402,LITHIUM CORP,4-NON,NAF,CLOSED,CLOSED_OPERATING_NON_SHELL,OPERATING,operating,CLOSED_UNIQUE,22061446.0,2024-06-30,35b09cc89fd7d48ccac58f6b4b0569ec2fb5a4ba56d242a0b128d1ba747d07ed,CLOSED_UNIQUE,0.0,CLOSED_UNIQUE,0.0,2025-03-31,NAF,CLOSED_PF_LT60,2025-03-31,True,12B25,
1415397,0001213900-25-026214,20250331,RAPHAEL PHARMACEUTICAL INC.,4-NON,NAF,CLOSED,CLOSED_OPERATING_NON_SHELL,OPERATING,operating,CLOSED_UNIQUE,17188303.0,2024-06-28,d81e0975ac530df7ba92dcde569ff92a796a3bdf1b29ae0fe56bb4181d42bb90,NO_WHITELIST_TOPLINE,,NO_WHITELIST_TOPLINE,,,NAF,CLOSED_PF_LT60,2025-03-31,True,DIRECT,
1415404,0001558370-25-001663,20250227,ECHOSTAR CORP,1-LAF,LAF,CLOSED,CLOSED_OPERATING_NON_SHELL,OPERATING,operating,CLOSED_UNIQUE,2153000000.0,2024-06-30,538c7eb878b3be3b75bae3f66f76fadaf3261d2891d107cd222bdd8b3e604087,CLOSED_UNIQUE,17015598000.0,CLOSED_UNIQUE,1998093000.0,,LAF,CLOSED_PF_GE700,2025-03-03,True,DIRECT,
1416090,0001096906-25-000357,20250401,BLUSKY AI INC.,4-NON,NAF,CLOSED,CLOSED_OPERATING_NON_SHELL,OPERATING,operating,CLOSED_UNIQUE,808587.0,2024-06-30,343e4c1a3bfa3b48bc3d83790c8cdad0f8a0ab64d4f9ce045dda3266349a9dd5,NO_WHITELIST_TOPLINE,,NO_WHITELIST_TOPLINE,,,NAF,CLOSED_PF_LT60,2025-03-31,False,LATE,
1416697,0001641172-25-001434,20250331,"BLUE LINE PROTECTION GROUP, INC.",4-NON,NAF,CLOSED,CLOSED_OPERATING_NON_SHELL,OPERATING,operating,CLOSED_UNIQUE,981000.0,2024-06-30,b4784aab540a900025e5fdff1c6d0cb473e65f2f8e29cb8c855cf1c7919e49d8,CLOSED_UNIQUE,4408311.0,CLOSED_UNIQUE,3876227.0,,NAF,CLOSED_PF_LT60,2025-03-31,True,DIRECT,
1416876,0001641172-25-004752,20250415,"FIRST CHOICE HEALTHCARE SOLUTIONS, INC.",4-NON,NAF,CLOSED,CLOSED_OPERATING_NON_SHELL,OPERATING,operating,CLOSED_UNIQUE,115045.0,2024-06-30,3014b0fbbf0a8fa25700833c1d945dd56139daa5e194e22e31fdc2b486171241,NO_WHITELIST_TOPLINE,,NO_FY2022_10K,,2025-03-31,NAF,CLOSED_PF_LT60,2025-03-31,True,12B25,
1417663,0001628280-25-014141,20250320,"SANUWAVE HEALTH, INC.",4-NON,NAF,CLOSED,CLOSED_OPERATING_NON_SHELL,OPERATING,operating,CLOSED_UNIQUE,13600000.0,2024-06-28,dfc5ad0768838db55d4d93bbdef7c050ccddee0f636a49b7481a9c21d649295a,CLOSED_UNIQUE,20398000.0,CLOSED_UNIQUE,16742000.0,,NAF,CLOSED_PF_LT60,2025-03-31,True,DIRECT,
1418121,0000950170-25-025638,20250224,"APPLE HOSPITALITY REIT, INC.",1-LAF,LAF,CLOSED,CLOSED_OPERATING_NON_SHELL,OPERATING,operating,CLOSED_UNIQUE,3268935196.0,2024-06-30,1c54aa7a555a4d989e212a80bcbc235e54b9e93499f803b57064d64c308977dc,CLOSED_UNIQUE,1343800000.0,CLOSED_UNIQUE,1238417000.0,,LAF,CLOSED_PF_GE700,2025-03-03,True,DIRECT,
1418135,0001418135-25-000013,20250225,KEURIG DR PEPPER INC.,1-LAF,LAF,CLOSED,CLOSED_OPERATING_NON_SHELL,OPERATING,operating,CLOSED_UNIQUE,35500000000.0,2024-06-30,a7adce58bbdddf93d226ca9a13fa1ea187843059ac67f9e534156ab8edc801b2,CLOSED_UNIQUE,14814000000.0,CLOSED_UNIQUE,14057000000.0,,LAF,CLOSED_PF_GE700,2025-03-03,True,DIRECT,
1418819,0001628280-25-005302,20250213,IRIDIUM COMMUNICATIONS INC.,1-LAF,LAF,CLOSED,CLOSED_OPERATING_NON_SHELL,OPERATING,operating,CLOSED_UNIQUE,2409200000.0,2024-06-30,5d540767f80d792a455b8453bf7b656d8314451780e159774e01dea5f154f00a,CLOSED_UNIQUE,790723000.0,CLOSED_UNIQUE,721034000.0,,LAF,CLOSED_PF_GE700,2025-03-03,True,DIRECT,
1419041,0000950170-25-046749,20250328,"FORTE BIOSCIENCES, INC.",4-NON,NAF,CLOSED,CLOSED_OPERATING_NON_SHELL,OPERATING,operating,CLOSED_UNIQUE,18300000.0,2024-06-30,b3bb27f66eca5c07efc05d6fd0b613b66b20e60f7f5dc70212d90168fd20ef22,NO_WHITELIST_TOPLINE,,NO_WHITELIST_TOPLINE,,,NAF,CLOSED_PF_LT60,2025-03-31,True,DIRECT,
1419275,0001185185-25-000244,20250328,RYVYL INC.,4-NON,NAF,CLOSED,CLOSED_OPERATING_NON_SHELL,OPERATING,operating,CLOSED_UNIQUE,8474510.0,2024-06-30,337ab7ab665f5b1be49ca9ae48a22f0698519e493f01c2715a333eef58f4ccaa,CLOSED_UNIQUE,65869000.0,CLOSED_UNIQUE,32909112.0,,NAF,CLOSED_PF_LT60,2025-03-31,True,DIRECT,
1419554,0001493152-25-008383,20250226,BONE BIOLOGICS CORP,4-NON,NAF,CLOSED,CLOSED_OPERATING_NON_SHELL,OPERATING,operating,CLOSED_UNIQUE,1565909.0,2024-06-30,21aee2d3503d493e20a1b567ba99ab809e14a750bedd2c75c55bec54dc7597f7,NO_WHITELIST_TOPLINE,,NO_WHITELIST_TOPLINE,,,NAF,CLOSED_PF_LT60,2025-03-31,True,DIRECT,
1419793,0001213900-25-026104,20250331,"ORIGINCLEAR, INC.",4-NON,NAF,CLOSED,CLOSED_OPERATING_NON_SHELL,OPERATING,operating,CLOSED_UNIQUE,10500516.0,2024-06-30,0f5db6176cab87aa1536b572116b3cbab1cb4435fa94a13dba815fa926c610ad,CLOSED_UNIQUE,26292.0,CLOSED_UNIQUE,10376573.0,,NAF,CLOSED_PF_LT60,2025-03-31,True,DIRECT,
1419806,0001419806-25-000004,20250321,RARE ELEMENT RESOURCES LTD,4-NON,NAF,CLOSED,CLOSED_OPERATING_NON_SHELL,OPERATING,operating,CLOSED_UNIQUE,34000000.0,2024-06-30,e08899ad6c6bd7b575f72d6fe50beeb15787f04fd0186f7c9a81e96d1730fd6c,NO_WHITELIST_TOPLINE,,NO_WHITELIST_TOPLINE,,,NAF,CLOSED_PF_LT60,2025-03-31,True,DIRECT,
1420800,0001420800-25-000009,20250226,ENOVIS CORP,1-LAF,LAF,CLOSED,CLOSED_OPERATING_NON_SHELL,OPERATING,operating,CLOSED_UNIQUE,2460000000.0,2024-06-28,3696bd5e52c76848c3efdd4f771696f4208fe3e193ef14215b9c1dd5289ce9cb,CLOSED_UNIQUE,1707197000.0,CLOSED_UNIQUE,1563101000.0,,LAF,CLOSED_PF_GE700,2025-03-03,True,DIRECT,
1421517,0001421517-25-000048,20250226,"ENERGY RECOVERY, INC.",1-LAF,LAF,CLOSED,CLOSED_OPERATING_NON_SHELL,OPERATING,operating,CLOSED_UNIQUE,748000000.0,2024-06-30,ce367f607918f4c43076a5558b0f8a8f2febfa589627b9c90e99d73f8fc5dc0c,CLOSED_UNIQUE,128349000.0,CLOSED_UNIQUE,125591000.0,,LAF,CLOSED_PF_GE700,2025-03-03,True,DIRECT,
1422142,0001628280-25-015269,20250328,"WHITEHAWK THERAPEUTICS, INC.",4-NON,NAF,CLOSED,CLOSED_OPERATING_NON_SHELL,OPERATING,operating,CLOSED_UNIQUE,24400000.0,2024-06-30,3d4036ac1d3ab5f37fb1a81426fc817b201773fb3d148e7edb2cdcbe52f90d0f,CLOSED_UNIQUE,24354000.0,CLOSED_UNIQUE,15216000.0,,NAF,CLOSED_PF_LT60,2025-03-31,True,DIRECT,
1422143,0000950170-25-029975,20250228,"KURA ONCOLOGY, INC.",1-LAF,LAF,CLOSED,CLOSED_OPERATING_NON_SHELL,OPERATING,operating,CLOSED_UNIQUE,1600000000.0,2024-06-28,cd20b750dafee83923acb45082c596747885ef62209dd223ce02f172492907f1,NO_WHITELIST_TOPLINE,,NO_WHITELIST_TOPLINE,,,LAF,CLOSED_PF_GE700,2025-03-03,True,DIRECT,
1422930,0001422930-25-000012,20250227,"PUBMATIC, INC.",1-LAF,LAF,CLOSED,CLOSED_OPERATING_NON_SHELL,OPERATING,operating,CLOSED_UNIQUE,830900000.0,2024-06-28,ea6f5510dacb382a1af8bd6ec8b19e106cc2dfe6f6500ce2b9042435b238c3a7,CLOSED_UNIQUE,267014000.0,CLOSED_UNIQUE,256380000.0,,LAF,CLOSED_PF_GE700,2025-03-03,True,DIRECT,
1424182,0000950170-25-024123,20250220,"BROADSTONE NET LEASE, INC.",1-LAF,LAF,CLOSED,CLOSED_OPERATING_NON_SHELL,OPERATING,operating,CLOSED_UNIQUE,3000000000.0,2024-06-30,a9969ccf74584f28a72f8648a8a611c0e805fdf6365387d7167ccc061842c8dc,NO_WHITELIST_TOPLINE,,NO_WHITELIST_TOPLINE,,,LAF,CLOSED_PF_GE700,2025-03-03,True,DIRECT,
1424768,0001641172-25-004744,20250415,VYCOR MEDICAL INC,4-NON,NAF,CLOSED,CLOSED_OPERATING_NON_SHELL,OPERATING,operating,CLOSED_UNIQUE,1101551.0,2024-06-28,22edb789bcf095269d6fe107d1154b09197af277db2f113d1681bf97f8804acd,CLOSED_UNIQUE,1460604.0,CLOSED_UNIQUE,1222989.0,2025-03-31,NAF,CLOSED_PF_LT60,2025-03-31,True,12B25,
1424929,0001424929-25-000007,20250228,FOX FACTORY HOLDING CORP,1-LAF,LAF,CLOSED,CLOSED_OPERATING_NON_SHELL,OPERATING,operating,CLOSED_UNIQUE,1338778148.0,2024-06-28,2837c6b29eba62151b941db12571e84dda973c6b8c9366793a8a4195a05cff10,CLOSED_UNIQUE,1464178000.0,CLOSED_UNIQUE,1602491000.0,,LAF,CLOSED_PF_GE700,2025-03-03,True,DIRECT,
1425205,0001558370-25-001834,20250227,"IOVANCE BIOTHERAPEUTICS, INC.",1-LAF,LAF,CLOSED,CLOSED_OPERATING_NON_SHELL,OPERATING,operating,CLOSED_UNIQUE,2100000000.0,2024-06-30,0ebb74e8528aab762d0abc297db2c350b063093cca70227a0c4ee908105751d7,CLOSED_UNIQUE,1189000.0,NO_WHITELIST_TOPLINE,,,LAF,CLOSED_PF_GE700,2025-03-03,True,DIRECT,
1425292,0001425292-25-000004,20250219,"CVR PARTNERS, LP",2-ACC,AF,CLOSED,CLOSED_OPERATING_NON_SHELL,OPERATING,operating,CLOSED_UNIQUE,502400000.0,2024-06-30,15810d9bae8060c635db2f1301ea94565c39fbcf7a7e9702bcd70c8163fbb0f4,CLOSED_UNIQUE,681477000.0,CLOSED_UNIQUE,835584000.0,,AF,CLOSED_PRIOR_ACC_REV_GE80_REMAIN_AF,2025-03-17,True,DIRECT,
1425450,0001425450-25-000015,20250305,ORTHOPEDIATRICS CORP,2-ACC,AF,CLOSED,CLOSED_OPERATING_NON_SHELL,OPERATING,operating,CLOSED_UNIQUE,263400000.0,2024-06-30,060e183c992e8bce118c2523f019ea8aa866b687bf7ac1a304233e1e450e9d0d,CLOSED_UNIQUE,148732000.0,CLOSED_UNIQUE,122289000.0,,AF,CLOSED_PRIOR_ACC_REV_GE80_REMAIN_AF,2025-03-17,True,DIRECT,
1426800,0000950170-25-042673,20250320,"ASSEMBLY BIOSCIENCES, INC.",4-NON,NAF,CLOSED,CLOSED_OPERATING_NON_SHELL,OPERATING,operating,CLOSED_UNIQUE,69000000.0,2024-06-30,2221a6d4c8d95e0fb89f6596b9fb0edcaab4fbfd1582c22deb8cd96ee4fa02d7,NO_WHITELIST_TOPLINE,,NO_WHITELIST_TOPLINE,,,NAF,CLOSED_PRIOR_NON_PF_LT75,2025-03-31,True,DIRECT,
14272,0000014272-25-000039,20250212,BRISTOL MYERS SQUIBB CO,1-LAF,LAF,CLOSED,CLOSED_OPERATING_NON_SHELL,OPERATING,operating,CLOSED_UNIQUE,84156423913.0,2024-06-30,430cc0f1774e1dc9e914cdcf965cad00e34bde879a7cf8691bf25adaddde473a,CLOSED_UNIQUE,45006000000.0,CLOSED_UNIQUE,46159000000.0,,LAF,CLOSED_PF_GE700,2025-03-03,True,DIRECT,
1427570,0001558370-25-004477,20250404,RESHAPE LIFESCIENCES INC.,4-NON,NAF,CLOSED,CLOSED_OPERATING_NON_SHELL,OPERATING,operating,CLOSED_UNIQUE,5638012.0,2024-06-30,5bba570e9cc8cb02cbce606a9cbae791f78bfbe25d2ef456dae30ce5110638b0,CLOSED_UNIQUE,8678000.0,CLOSED_UNIQUE,11240000.0,2025-04-01,NAF,CLOSED_PF_LT60,2025-03-31,True,12B25,
1428205,0001428205-25-000027,20250212,"ARMOUR RESIDENTIAL REIT, INC.",1-LAF,LAF,CLOSED,CLOSED_OPERATING_NON_SHELL,OPERATING,operating,CLOSED_UNIQUE,941721941.0,2024-06-28,839e57c093df434907f3de2ed2ec62d57ecf03c97dc16a88130d448ede3aa4dd,NO_WHITELIST_TOPLINE,,NO_WHITELIST_TOPLINE,,,LAF,CLOSED_PF_GE700,2025-03-03,True,DIRECT,
1428439,0001428439-25-000013,20250214,"ROKU, INC",1-LAF,LAF,CLOSED,CLOSED_OPERATING_NON_SHELL,OPERATING,operating,CLOSED_UNIQUE,6800000000.0,2024-06-30,93e2da8d1396ac87a0d5a71181a17de3904c8edc123ba14057e2b952952ee85f,CLOSED_UNIQUE,3484619000.0,CLOSED_UNIQUE,3126534000.0,,LAF,CLOSED_PF_GE700,2025-03-03,True,DIRECT,
1429260,0001558370-25-004160,20250331,"FORTRESS BIOTECH, INC.",4-NON,NAF,CLOSED,CLOSED_OPERATING_NON_SHELL,OPERATING,operating,CLOSED_UNIQUE,30782670.0,2024-06-30,13f965fb0793a975a5f42ebc717a4550b439272a9151bd55bd7bbde404e0bc58,CLOSED_UNIQUE,84513000.0,CLOSED_UNIQUE,75743000.0,,NAF,CLOSED_PF_LT60,2025-03-31,True,DIRECT,
1430306,0001999371-25-002786,20250318,TONIX PHARMACEUTICALS HOLDING CORP.,4-NON,NAF,CLOSED,CLOSED_OPERATING_NON_SHELL,OPERATING,operating,CLOSED_UNIQUE,6857126.0,2024-06-30,d1b4e283e4e4bc6bb4e6c66bc22e7483d8988a569d55893a3171f2a6d4e8890f,NO_WHITELIST_TOPLINE,,NO_WHITELIST_TOPLINE,,,NAF,CLOSED_PF_LT60,2025-03-31,True,DIRECT,
1430723,0001171843-25-001208,20250303,"SERVISFIRST BANCSHARES, INC.",1-LAF,LAF,CLOSED,CLOSED_OPERATING_NON_SHELL,OPERATING,operating,CLOSED_UNIQUE,3159137000.0,2024-06-30,396779942068c1786e009fb8ffcfd0e4c6f0aa14c1203bd830534449c6521748,NO_WHITELIST_TOPLINE,,NO_WHITELIST_TOPLINE,,,LAF,CLOSED_PF_GE700,2025-03-03,True,DIRECT,
1431695,0001431695-25-000010,20250225,OLO INC.,1-LAF,LAF,CLOSED,CLOSED_OPERATING_NON_SHELL,OPERATING,operating,CLOSED_UNIQUE,470300000.0,2024-06-30,87a2b51e7d775653cdf7a8dbafc3d9c70fa0f3cb4c935ecd5fe96ff3da390faa,CLOSED_UNIQUE,228289000.0,CLOSED_UNIQUE,185404000.0,,AF,CLOSED_PRIOR_LAF_REV_GE100_EXIT_AF,2025-03-17,True,DIRECT,
1432133,0001432133-25-000025,20250220,KALTURA INC,2-ACC,AF,CLOSED,CLOSED_OPERATING_NON_SHELL,OPERATING,operating,CLOSED_UNIQUE,155400000.0,2024-06-30,c131a0bd2b78d7547c77ae9bc1c3ef056af21dcd59f7eba3533401cc0c76a865,CLOSED_UNIQUE,175172000.0,CLOSED_UNIQUE,168811000.0,,AF,CLOSED_PRIOR_ACC_REV_GE80_REMAIN_AF,2025-03-17,True,DIRECT,
1433195,0001433195-25-000013,20250206,APPFOLIO INC,1-LAF,LAF,CLOSED,CLOSED_OPERATING_NON_SHELL,OPERATING,operating,CLOSED_UNIQUE,6634000000.0,2024-06-30,ea08b4e9bc52e855902b02dc6b599129bcbe45095941ce73b1cc743b7dd0eb5c,CLOSED_UNIQUE,620445000.0,CLOSED_UNIQUE,471883000.0,,LAF,CLOSED_PF_GE700,2025-03-03,True,DIRECT,
1433270,0001558370-25-000864,20250212,ANTERO RESOURCES CORP,1-LAF,LAF,CLOSED,CLOSED_OPERATING_NON_SHELL,OPERATING,operating,CLOSED_UNIQUE,8000000000.0,2024-06-30,f5a18d6d85e474f06cbb5b4789c6201a5d1b5578a3df323c19ed00593a143872,CLOSED_UNIQUE,4681972000.0,CONFLICTING_WHITELIST_VALUES,,,LAF,CLOSED_PF_GE700,2025-03-03,True,DIRECT,
1433607,0001493152-25-009909,20250312,"INSPIREMD, INC.",4-NON,NAF,CLOSED,CLOSED_OPERATING_NON_SHELL,OPERATING,operating,CLOSED_UNIQUE,52421148.0,2024-06-30,d535f07a4112e2af12623a431c6bc700a476a7fae9a5dc20ff8c81a7eac6935a,CLOSED_UNIQUE,6205000.0,CLOSED_UNIQUE,5171000.0,,NAF,CLOSED_PF_LT60,2025-03-31,True,DIRECT,
1433660,0001433660-25-000009,20250228,JBT MAREL CORP,1-LAF,LAF,CLOSED,CLOSED_OPERATING_NON_SHELL,OPERATING,operating,CLOSED_UNIQUE,2988864690.0,2024-06-30,41b0779433d8ec392f1e1800c716e2b5f21740f3bb3891619bbeb9042ec5bd0a,CLOSED_UNIQUE,1664400000.0,CLOSED_UNIQUE,2166000000.0,,LAF,CLOSED_PF_GE700,2025-03-03,True,DIRECT,
1434588,0001558370-25-001150,20250219,"GRAND CANYON EDUCATION, INC.",1-LAF,LAF,CLOSED,CLOSED_OPERATING_NON_SHELL,OPERATING,operating,CLOSED_UNIQUE,4100000000.0,2024-06-28,e59f903aa6dd0a6340b2f7240b028317d634440a23a7120b0bb51b4ed527a14a,NO_WHITELIST_TOPLINE,,NO_WHITELIST_TOPLINE,,,LAF,CLOSED_PF_GE700,2025-03-03,True,DIRECT,
1434621,0001434621-25-000006,20250307,"LENDINGTREE, INC.",2-ACC,AF,CLOSED,CLOSED_OPERATING_NON_SHELL,OPERATING,operating,CLOSED_UNIQUE,457000000.0,2024-06-30,02695dfe19729a1b063ac857a089a5835ecf401d095aff0a8dcc0424da03bc7a,CLOSED_UNIQUE,672502000.0,CLOSED_UNIQUE,984992000.0,,AF,CLOSED_PRIOR_ACC_REV_GE80_REMAIN_AF,2025-03-17,True,DIRECT,
1434868,0001628280-25-011154,20250307,"ESPERION THERAPEUTICS, INC.",4-NON,NAF,CLOSED,CLOSED_OPERATING_NON_SHELL,OPERATING,operating,CLOSED_UNIQUE,435100000.0,2024-06-28,3cefd286eb9738219729011311b4edd86b777a0dfc4b9fb6cf6e24e4f5f6cd3d,CLOSED_UNIQUE,116334000.0,CLOSED_UNIQUE,75475000.0,,AF,CLOSED_PRIOR_NON_REV_GE100_ENTER_AF,2025-03-17,True,DIRECT,
1436126,0001436126-25-000026,20250311,"MISTRAS GROUP, INC.",2-ACC,AF,CLOSED,CLOSED_OPERATING_NON_SHELL,OPERATING,operating,CLOSED_UNIQUE,166700000.0,2024-06-28,96d49f5cc6b9062574db07068851d869e3de92190c60680a024ae476c2dffbb3,CLOSED_UNIQUE,705473000.0,CLOSED_UNIQUE,687373000.0,,AF,CLOSED_PRIOR_ACC_REV_GE80_REMAIN_AF,2025-03-17,True,DIRECT,
1436208,0001558370-25-002822,20250312,LEGACY HOUSING CORP,2-ACC,AF,CLOSED,CLOSED_OPERATING_NON_SHELL,OPERATING,operating,CLOSED_UNIQUE,249717499.0,2024-06-30,ac91c328cff6ef5c1367265cb3ca4f4a13ff677e541317ab9c719cf6a6bf7baf,CLOSED_UNIQUE,189144000.0,CLOSED_UNIQUE,257015000.0,,AF,CLOSED_PRIOR_ACC_REV_GE80_REMAIN_AF,2025-03-17,True,DIRECT,
1436229,0001493152-25-010973,20250320,BTCS INC.,4-NON,NAF,CLOSED,CLOSED_OPERATING_NON_SHELL,OPERATING,operating,CLOSED_UNIQUE,14739000.0,2024-06-28,aae51c834a307184fa78b69a17ac37f81ebf616f55f46ae76c1badb9d7762dcd,CLOSED_UNIQUE,1339628.0,CLOSED_UNIQUE,1692454.0,,NAF,CLOSED_PF_LT60,2025-03-31,True,DIRECT,
1436975,0001185185-25-000224,20250326,"LIGHTSTONE VALUE PLUS REIT II, INC.",4-NON,NAF,CLOSED,CLOSED_OPERATING_NON_SHELL,OPERATING,operating,CLOSED_UNIQUE,0.0,2024-06-30,ada9ffc8c215d2f686c85e50018c9f3c34c39e487d2ae8c1ce33976d4a9be859,CLOSED_UNIQUE,53632000.0,CLOSED_UNIQUE,55261000.0,,NAF,CLOSED_PF_LT60,2025-03-31,True,DIRECT,
1437107,0001437107-25-000031,20250227,"WARNER BROS. DISCOVERY, INC.",1-LAF,LAF,CLOSED,CLOSED_OPERATING_NON_SHELL,OPERATING,operating,CLOSED_UNIQUE,18000000000.0,2024-06-30,e1433315574c5f4c8c32a7c2558980d3eaa601a31513a9e29c189643ca36d06f,CLOSED_UNIQUE,41321000000.0,CLOSED_UNIQUE,33817000000.0,,LAF,CLOSED_PF_GE700,2025-03-03,True,DIRECT,
1437226,0001193125-25-054447,20250314,"MASTECH DIGITAL, INC.",4-NON,NAF,CLOSED,CLOSED_OPERATING_NON_SHELL,OPERATING,operating,CLOSED_UNIQUE,24874000000.0,2024-06-30,5d1093b8a8959700ab77a8bd8ea21d90c79e76e188e92d9723145a2f8990530d,CLOSED_UNIQUE,201098000.0,CLOSED_UNIQUE,242238000.0,,LAF,CLOSED_PF_GE700,2025-03-03,False,LATE,
1437283,0001214659-25-005083,20250331,"REGO PAYMENT ARCHITECTURES, INC.",4-NON,NAF,CLOSED,CLOSED_OPERATING_NON_SHELL,OPERATING,operating,CLOSED_UNIQUE,73227402.0,2024-06-30,fbc25f2dd1d6277e634d7305f84eda9ff963ffbd9963278f6377668ba5c1b323,NO_WHITELIST_TOPLINE,,CLOSED_UNIQUE,2073.0,,NAF,CLOSED_PRIOR_NON_PF_LT75,2025-03-31,True,DIRECT,
1437402,0001628280-25-006653,20250220,"ARDELYX, INC.",1-LAF,LAF,CLOSED,CLOSED_OPERATING_NON_SHELL,OPERATING,operating,CLOSED_UNIQUE,1744324359.0,2024-06-28,c294833dc09aef5a820e0df786c9bc81a7acd749bc78d60819245cad8d5983a0,CLOSED_UNIQUE,124456000.0,CLOSED_UNIQUE,52158000.0,,LAF,CLOSED_PF_GE700,2025-03-03,True,DIRECT,
1437479,0001174947-25-000372,20250321,ENB FINANCIAL CORP,4-NON,NAF,CLOSED,CLOSED_OPERATING_NON_SHELL,OPERATING,operating,CLOSED_UNIQUE,45309124.0,2024-06-30,af44af3637e2b78fd2441984a15a12d544b0051d074ff57c729690bc745b2ec6,NO_WHITELIST_TOPLINE,,NO_WHITELIST_TOPLINE,,,NAF,CLOSED_PF_LT60,2025-03-31,True,DIRECT,
1437517,0001641172-25-001165,20250328,"CYBERLOQ TECHNOLOGIES, INC.",4-NON,NAF,CLOSED,CLOSED_OPERATING_NON_SHELL,OPERATING,operating,CLOSED_UNIQUE,7095846.0,2024-06-28,33da211e456a1aca6c228a8b1fdffce14948e94d6ed32ef585339624d6acc4df,CLOSED_UNIQUE,15993.0,CLOSED_UNIQUE,2671.0,,NAF,CLOSED_PF_LT60,2025-03-31,True,DIRECT,
1437578,0001437578-25-000007,20250227,BRIGHT HORIZONS FAMILY SOLUTIONS INC.,1-LAF,LAF,CLOSED,CLOSED_OPERATING_NON_SHELL,OPERATING,operating,CLOSED_UNIQUE,6400000000.0,2024-06-30,2b3d85704021ee89df2bd51b46372dada661a0aa7836127e2e8ca949cb938ac0,CLOSED_UNIQUE,2418257000.0,CLOSED_UNIQUE,2020487000.0,,LAF,CLOSED_PF_GE700,2025-03-03,True,DIRECT,
1438133,0001438133-25-000036,20250226,TANDEM DIABETES CARE INC,1-LAF,LAF,CLOSED,CLOSED_OPERATING_NON_SHELL,OPERATING,operating,CLOSED_UNIQUE,2600000000.0,2024-06-30,15d24124ac40a3e3e59f25f949ebe79feb45505b1bf47c133e6ebf32fa1d591c,CLOSED_UNIQUE,747718000.0,CLOSED_UNIQUE,801217000.0,,LAF,CLOSED_PF_GE700,2025-03-03,True,DIRECT,
1438533,0001438533-25-000010,20250221,"TRAVERE THERAPEUTICS, INC.",1-LAF,LAF,CLOSED,CLOSED_OPERATING_NON_SHELL,OPERATING,operating,CLOSED_UNIQUE,624140482.0,2024-06-30,e10da4b1397d2268de178af22944aae488652b6d8b29a43ccc2f7c932eb2e7b7,CLOSED_UNIQUE,145238000.0,CLOSED_UNIQUE,212018000.0,,LAF,CLOSED_PRIOR_LAF_PF_GE560,2025-03-03,True,DIRECT,
1438943,0001641172-25-001343,20250331,"RANGE IMPACT, INC.",4-NON,NAF,CLOSED,CLOSED_OPERATING_NON_SHELL,OPERATING,operating,CLOSED_UNIQUE,19824116.0,2024-06-28,bd4025f602ae17535b2af20ab98fca6ceb42a181b26676c26da061d9031cf3e8,CLOSED_UNIQUE,19346306.0,CLOSED_UNIQUE,4832278.0,,NAF,CLOSED_PF_LT60,2025-03-31,True,DIRECT,
1439095,0001437749-25-007707,20250314,MRC GLOBAL INC.,1-LAF,LAF,CLOSED,CLOSED_OPERATING_NON_SHELL,OPERATING,operating,CLOSED_UNIQUE,1100000000.0,2024-06-30,5476946bc73621199597b122297d693d00b433f23335efb8838109a043a90262,CLOSED_UNIQUE,3412000000.0,CLOSED_UNIQUE,3363000000.0,2025-03-03,LAF,CLOSED_PF_GE700,2025-03-03,True,12B25,
1439222,0001439222-25-000009,20250213,"AGIOS PHARMACEUTICALS, INC.",1-LAF,LAF,CLOSED,CLOSED_OPERATING_NON_SHELL,OPERATING,operating,CLOSED_UNIQUE,2416161200.0,2024-06-30,eb158e072182776a417f51a99d76484c100fe30a6a12b05ba58e8aeb0eb8ca33,CLOSED_UNIQUE,26823000.0,CLOSED_UNIQUE,14240000.0,,LAF,CLOSED_PF_GE700,2025-03-03,True,DIRECT,
1439264,0001683168-25-002807,20250425,MARVION INC.,4-NON,NAF,CLOSED,CLOSED_OPERATING_NON_SHELL,OPERATING,operating,CLOSED_UNIQUE,20076968.0,2024-06-30,f7114c70ed71af58d421c321baa6e784cf70e9e5fb42236b4257f4c3794d6b56,NO_WHITELIST_TOPLINE,,NO_WHITELIST_TOPLINE,,2025-03-31,NAF,CLOSED_PF_LT60,2025-03-31,False,LATE,
1439288,0001439288-25-000019,20250210,ZURN ELKAY WATER SOLUTIONS CORP,1-LAF,LAF,CLOSED,CLOSED_OPERATING_NON_SHELL,OPERATING,operating,CLOSED_UNIQUE,4900000000.0,2024-06-28,8e0336e312a07ca5e8a14c121dc31877670539d7ccf402b6b8e63cf9a0f6a221,CLOSED_UNIQUE,1530500000.0,CLOSED_UNIQUE,1281800000.0,,LAF,CLOSED_PF_GE700,2025-03-03,True,DIRECT,
1439725,0000950170-25-030835,20250303,BIODESIX INC,4-NON,NAF,CLOSED,CLOSED_OPERATING_NON_SHELL,OPERATING,operating,CLOSED_UNIQUE,74000000.0,2024-06-28,1897a8a88c069fe81fc81546b62f0c98a8144fdf7578388613ae7f7cf2d31ecd,CLOSED_UNIQUE,49087000.0,CLOSED_UNIQUE,38212000.0,,NAF,CLOSED_PRIOR_NON_PF_LT75,2025-03-31,True,DIRECT,
1442145,0001437749-25-005160,20250226,"VERISK ANALYTICS, INC.",1-LAF,LAF,CLOSED,CLOSED_OPERATING_NON_SHELL,OPERATING,operating,CLOSED_UNIQUE,37477230712.0,2024-06-30,f6837d712b9f54c207d9338ce6dcc4ebf125dacd803c79bb9b24821c1cae1c01,CLOSED_UNIQUE,2681400000.0,CLOSED_UNIQUE,2497000000.0,,LAF,CLOSED_PF_GE700,2025-03-03,True,DIRECT,
1442236,0000950170-25-037891,20250312,QUEST RESOURCE HOLDING CORP,2-ACC,AF,CLOSED,CLOSED_OPERATING_NON_SHELL,OPERATING,operating,CLOSED_UNIQUE,107164587.0,2024-06-30,7b2d30a2d5bcd8b1238e21ccafedcb3acab58061c040ca397c8c066caa5f1284,CLOSED_UNIQUE,288377652.0,CLOSED_UNIQUE,284037823.0,,AF,CLOSED_PRIOR_ACC_REV_GE80_REMAIN_AF,2025-03-17,True,DIRECT,
1443669,0001628280-25-007052,20250221,PROTO LABS INC,1-LAF,LAF,CLOSED,CLOSED_OPERATING_NON_SHELL,OPERATING,operating,CLOSED_UNIQUE,800000000.0,2024-06-28,f53fda0245d4cf1a13b67b39170ebec420985b08b5ec53fd97c1405673caab1f,CLOSED_UNIQUE,503877000.0,CLOSED_UNIQUE,488398000.0,,LAF,CLOSED_PF_GE700,2025-03-03,True,DIRECT,
1443863,0001477932-25-002219,20250331,BIOCORRX INC.,4-NON,NAF,CLOSED,CLOSED_OPERATING_NON_SHELL,OPERATING,operating,CLOSED_UNIQUE,2716686.0,2024-06-30,c3e67543dff4a25cd6f1e4cc78286bf8e76f501bd77fabc8030a78f6af55a2ad,NO_WHITELIST_TOPLINE,,NO_WHITELIST_TOPLINE,,,NAF,CLOSED_PF_LT60,2025-03-31,True,DIRECT,
1444380,0001444380-25-000024,20250304,NEVRO CORP,1-LAF,LAF,CLOSED,CLOSED_OPERATING_NON_SHELL,OPERATING,operating,CLOSED_UNIQUE,305000000.0,2024-06-30,2d6bccddedbcab3560e461e30b666742bbf2ac4a012ed0d90f0b185bafa20d49,CLOSED_UNIQUE,425174000.0,CLOSED_UNIQUE,406365000.0,,AF,CLOSED_PRIOR_LAF_REV_GE100_EXIT_AF,2025-03-17,True,DIRECT,
1444839,0001091818-25-000042,20250415,BRAVO MULTINATIONAL INC.,4-NON,NAF,CLOSED,CLOSED_OPERATING_NON_SHELL,OPERATING,operating,CLOSED_UNIQUE,2271363.0,2024-06-30,ba45f8a4763843b3034695180708f1452160af23e65f7c46f381390f54adab74,NO_WHITELIST_TOPLINE,,NO_WHITELIST_TOPLINE,,2025-03-28,NAF,CLOSED_PF_LT60,2025-03-31,True,12B25,
1445305,0001445305-25-000034,20250225,WORKIVA INC,1-LAF,LAF,CLOSED,CLOSED_OPERATING_NON_SHELL,OPERATING,operating,CLOSED_UNIQUE,3600000000.0,2024-06-30,6af2c71ca9e677963f758da61826338423dcb6fce63a00564ce6182d82c86140,CLOSED_UNIQUE,630039000.0,CLOSED_UNIQUE,537875000.0,,LAF,CLOSED_PF_GE700,2025-03-03,True,DIRECT,
1445815,0001641172-25-002614,20250403,"BIOXYTRAN, INC",4-NON,NAF,CLOSED,CLOSED_OPERATING_NON_SHELL,OPERATING,operating,CLOSED_UNIQUE,8002442.0,2024-06-30,8b0b0911a9b8c4d8b65be51038c35871d815a57e0a76af8b35f92d22a9af6f1c,NO_WHITELIST_TOPLINE,,NO_WHITELIST_TOPLINE,,2025-03-31,NAF,CLOSED_PF_LT60,2025-03-31,True,12B25,
1446159,0001171843-25-001863,20250331,PREDICTIVE ONCOLOGY INC.,4-NON,NAF,CLOSED,CLOSED_OPERATING_NON_SHELL,OPERATING,operating,CLOSED_UNIQUE,5819537.0,2024-06-28,d1b2637a9ecdee014eb1fd653018864abfd7c1e15191f0843637f2364efa62e2,CLOSED_UNIQUE,1780093.0,CLOSED_UNIQUE,1505459.0,,NAF,CLOSED_PF_LT60,2025-03-31,True,DIRECT,
1446847,0001558370-25-004072,20250331,IRONWOOD PHARMACEUTICALS INC,1-LAF,LAF,CLOSED,CLOSED_OPERATING_NON_SHELL,OPERATING,operating,CLOSED_UNIQUE,916974495.0,2024-06-28,2da4039786cbedb8e071005e26466796256477f412dd7c4bbd58333195675f32,CLOSED_UNIQUE,442735000.0,CLOSED_UNIQUE,410596000.0,2025-03-03,LAF,CLOSED_PF_GE700,2025-03-03,False,LATE,
1447051,0001558370-25-004141,20250331,TERRITORIAL BANCORP INC.,4-NON,NAF,CLOSED,CLOSED_OPERATING_NON_SHELL,OPERATING,operating,CLOSED_UNIQUE,66100000.0,2024-06-28,f215085437bdf2e29f022e7abb7119c7d3ce0e06f90050c98205bb58a5609082,NO_WHITELIST_TOPLINE,,NO_WHITELIST_TOPLINE,,,NAF,CLOSED_PRIOR_NON_PF_LT75,2025-03-31,True,DIRECT,
1447362,0001447362-25-000031,20250227,CASTLE BIOSCIENCES INC,2-ACC,AF,CLOSED,CLOSED_OPERATING_NON_SHELL,OPERATING,operating,CLOSED_UNIQUE,587000000.0,2024-06-30,57be9bca501a7ac557a1faf39ad34df5537c798fb5775b54f5524a6edd3da29b,CLOSED_UNIQUE,219788000.0,CLOSED_UNIQUE,137039000.0,,AF,CLOSED_PRIOR_ACC_REV_GE80_REMAIN_AF,2025-03-17,True,DIRECT,
1447380,0001641172-25-002942,20250407,MOBIVITY HOLDINGS CORP.,4-NON,NAF,CLOSED,CLOSED_OPERATING_NON_SHELL,OPERATING,operating,CLOSED_UNIQUE,23850348.0,2024-06-28,c2a1e37ac886f398ccdce973dbd1bfe6e0f4211fc074514d69354468fdbccb72,CLOSED_UNIQUE,6977696.0,CLOSED_UNIQUE,7533912.0,2025-04-01,NAF,CLOSED_PF_LT60,2025-03-31,True,12B25,
1447669,0001447669-25-000035,20250226,TWILIO INC,1-LAF,LAF,CLOSED,CLOSED_OPERATING_NON_SHELL,OPERATING,operating,CLOSED_UNIQUE,9100000000.0,2024-06-30,3a4ffcc852f927b5b4a50660488410e85b9588164f552679411f0d879c0ae127,CLOSED_UNIQUE,4153945000.0,CLOSED_UNIQUE,3826321000.0,,LAF,CLOSED_PF_GE700,2025-03-03,True,DIRECT,
1448038,0000950170-25-057997,20250424,REDWOOD MORTGAGE INVESTORS IX,4-NON,NAF,CLOSED,CLOSED_OPERATING_NON_SHELL,OPERATING,operating,CLOSED_UNIQUE,0.0,2024-06-30,8ab44b10c10c6cf2dc83efd984589d45494b6bd084ce12a30ce0f6b7e0f45505,NO_WHITELIST_TOPLINE,,NO_WHITELIST_TOPLINE,,2025-03-31,NAF,CLOSED_PF_LT60,2025-03-31,False,LATE,
1448597,0001213900-25-024683,20250318,AUGUSTA GOLD CORP.,4-NON,NAF,CLOSED,CLOSED_OPERATING_NON_SHELL,OPERATING,operating,CLOSED_UNIQUE,59291530.0,2024-06-30,8ac0dc47fc6760c6ee22a1bf67880009204cafa9b81596fba8d58f0a47951ad8,NO_WHITELIST_TOPLINE,,NO_WHITELIST_TOPLINE,,,NAF,CLOSED_PF_LT60,2025-03-31,True,DIRECT,
1448705,0001079973-25-000548,20250331,"BASANITE, INC.",4-NON,NAF,CLOSED,CLOSED_OPERATING_NON_SHELL,OPERATING,operating,CLOSED_UNIQUE,2850725.0,2024-06-30,f7dc0b49c54e668f77ef293a5a67caba8dcd351c3665c12514ba74b467755208,NO_WHITELIST_TOPLINE,,NO_FY2022_10K,,,NAF,CLOSED_PF_LT60,2025-03-31,True,DIRECT,
1448893,0001448893-25-000009,20250219,ESSENT GROUP LTD.,1-LAF,LAF,CLOSED,CLOSED_OPERATING_NON_SHELL,OPERATING,operating,CLOSED_UNIQUE,5789192711.0,2024-06-30,36afbcbf8d794d21c9c594d42985b352d2ecb468d72c518303d2e8e84385314d,CLOSED_UNIQUE,1109759000.0,CLOSED_UNIQUE,1000824000.0,,LAF,CLOSED_PF_GE700,2025-03-03,True,DIRECT,
1449794,0001449794-25-000002,20250317,"EMBASSY BANCORP, INC.",4-NON,NAF,CLOSED,CLOSED_OPERATING_NON_SHELL,OPERATING,operating,CLOSED_UNIQUE,72465972.0,2024-06-30,62680748027bf4e2dfd696b59aae1dd42d04a4b886c4b6167d5a29b45280c399,NO_WHITELIST_TOPLINE,,NO_WHITELIST_TOPLINE,,,NAF,CLOSED_PRIOR_NON_PF_LT75,2025-03-31,True,DIRECT,
1450922,0001839882-25-012450,20250228,ABRDN SILVER ETF TRUST,1-LAF,LAF,CLOSED,CLOSED_OPERATING_NON_SHELL,OPERATING,operating,CLOSED_UNIQUE,1325158590.0,2024-06-30,00168faf226c4dcfd74383cedd10a8ffde26254772f560387f7fc8f74c34523c,NO_WHITELIST_TOPLINE,,NO_WHITELIST_TOPLINE,,,LAF,CLOSED_PF_GE700,2025-03-03,True,DIRECT,
1450923,0001839882-25-012451,20250228,ABRDN GOLD ETF TRUST,1-LAF,LAF,CLOSED,CLOSED_OPERATING_NON_SHELL,OPERATING,operating,CLOSED_UNIQUE,3135197419.0,2024-06-30,7d5065e66941810c6413867cdecfcc8b7158adec5459ea37b25abc1812c5ee43,NO_WHITELIST_TOPLINE,,NO_WHITELIST_TOPLINE,,,LAF,CLOSED_PF_GE700,2025-03-03,True,DIRECT,
1451505,0001451505-25-000018,20250218,TRANSOCEAN LTD.,1-LAF,LAF,CLOSED,CLOSED_OPERATING_NON_SHELL,OPERATING,operating,CLOSED_UNIQUE,4680000000.0,2024-06-30,3775535d8ce8ec7976258a44a49090f90e9841cc38f8922a96ea2b3acc6b28aa,NO_WHITELIST_TOPLINE,,NO_WHITELIST_TOPLINE,,,LAF,CLOSED_PF_GE700,2025-03-03,True,DIRECT,
1451809,0001451809-25-000034,20250214,SITIME CORP,1-LAF,LAF,CLOSED,CLOSED_OPERATING_NON_SHELL,OPERATING,operating,CLOSED_UNIQUE,2326598175.0,2024-06-30,68d2c3ba0f3c02c3c066c7f84fabb5c33150b17e2f0f2ba50e88c52bc05ccac6,CLOSED_UNIQUE,143993000.0,CLOSED_UNIQUE,283605000.0,,LAF,CLOSED_PF_GE700,2025-03-03,True,DIRECT,
1452857,0001452857-25-000010,20250311,STEEL PARTNERS HOLDINGS L.P.,2-ACC,AF,CLOSED,CLOSED_OPERATING_NON_SHELL,OPERATING,operating,CLOSED_UNIQUE,160400000.0,2024-06-30,057e512f1a2520d86b60b9ede0ec16c700bebe7710fb2d8f0948035095676987,CLOSED_UNIQUE,1905457000.0,CLOSED_UNIQUE,1695441000.0,,AF,CLOSED_PRIOR_ACC_REV_GE80_REMAIN_AF,2025-03-17,True,DIRECT,
1452936,0001452936-25-000013,20250331,"PACIFIC OAK STRATEGIC OPPORTUNITY REIT, INC.",4-NON,NAF,CLOSED,CLOSED_OPERATING_NON_SHELL,OPERATING,operating,CLOSED_UNIQUE,0.0,2024-06-30,f40c473c4d3e5555abd0c31ab2f7e40b3a860b3da08f431d95a36a96c6651ecd,CLOSED_UNIQUE,145416000.0,CLOSED_UNIQUE,162058000.0,,NAF,CLOSED_PF_LT60,2025-03-31,True,DIRECT,
1453593,0001493152-25-009391,20250306,"XTANT MEDICAL HOLDINGS, INC.",4-NON,NAF,CLOSED,CLOSED_OPERATING_NON_SHELL,OPERATING,operating,CLOSED_UNIQUE,30100000.0,2024-06-30,d735ede035860800035e5afb29261b0be2faf82776ef51d37ae36f05cbd3f6b7,NO_WHITELIST_TOPLINE,,CLOSED_UNIQUE,57969000.0,,NAF,CLOSED_PF_LT60,2025-03-31,True,DIRECT,
1454742,0001641172-25-001868,20250331,"GOOD GAMING, INC.",4-NON,NAF,CLOSED,CLOSED_OPERATING_NON_SHELL,OPERATING,operating,CLOSED_UNIQUE,1264407.0,2024-06-28,c0c63623ec42a49eb3dc576e314e3e4ff16f201d6d89bb19d7a21c4875510c55,CLOSED_UNIQUE,3443.0,CLOSED_UNIQUE,9609.0,,NAF,CLOSED_PF_LT60,2025-03-31,True,DIRECT,
1454938,0001454938-25-000020,20250307,OUTBRAIN INC.,2-ACC,AF,CLOSED,CLOSED_OPERATING_NON_SHELL,OPERATING,operating,CLOSED_UNIQUE,191200000.0,2024-06-30,304a194dd3efbd9918415a4c0f46693ac6492f2826411a428997e41584aae2b2,CLOSED_UNIQUE,935818000.0,CLOSED_UNIQUE,992082000.0,,AF,CLOSED_PRIOR_ACC_REV_GE80_REMAIN_AF,2025-03-17,True,DIRECT,
1455365,0001558370-25-003341,20250320,COGNITION THERAPEUTICS INC,4-NON,NAF,CLOSED,CLOSED_OPERATING_NON_SHELL,OPERATING,operating,CLOSED_UNIQUE,56312451.0,2024-06-30,ac6b42a26dcc5b5fa7a0f3950e8540cdb35d26f301d374a719d73d6ac9da66d0,NO_WHITELIST_TOPLINE,,NO_WHITELIST_TOPLINE,,,NAF,CLOSED_PF_LT60,2025-03-31,True,DIRECT,
1455863,0001628280-25-008770,20250227,AMERICOLD REALTY TRUST,1-LAF,LAF,CLOSED,CLOSED_OPERATING_NON_SHELL,OPERATING,operating,CLOSED_UNIQUE,6200000000.0,2024-06-30,9c9ff59323ac93d60e3aef2865243aadcd68bca449ddb83ddc4b09fec983e7c1,CLOSED_UNIQUE,2673329000.0,CLOSED_UNIQUE,2914735000.0,,LAF,CLOSED_PF_GE700,2025-03-03,True,DIRECT,
1456189,0001062993-25-006432,20250328,LEATT CORP,4-NON,NAF,CLOSED,CLOSED_OPERATING_NON_SHELL,OPERATING,operating,CLOSED_UNIQUE,18999865.0,2024-06-30,03ebc810dcff24cd0afa7268036a47e58ada3921c47d4a02b2c637b188ee0618,CLOSED_UNIQUE,47241187.0,CLOSED_UNIQUE,76335539.0,,NAF,CLOSED_PF_LT60,2025-03-31,True,DIRECT,
1459188,0001213900-25-032068,20250415,CHARGING ROBOTICS INC.,4-NON,NAF,CLOSED,CLOSED_OPERATING_NON_SHELL,OPERATING,operating,CLOSED_UNIQUE,2200000.0,2024-06-30,84a8e5a2a26875f8b2b99b82486832d1fc43d0d9e560481b299dece4e49191ad,NO_WHITELIST_TOPLINE,,NO_WHITELIST_TOPLINE,,2025-03-31,NAF,CLOSED_PF_LT60,2025-03-31,True,12B25,
1459200,0001459200-25-000004,20250220,"ALARM.COM HOLDINGS, INC.",1-LAF,LAF,CLOSED,CLOSED_OPERATING_NON_SHELL,OPERATING,operating,CLOSED_UNIQUE,2040000000.0,2024-06-28,6995361d7f7a4077e142a8317645570f368a943d0bbd7d1f9c097e0b29f352f5,CLOSED_UNIQUE,881682000.0,CLOSED_UNIQUE,842559000.0,,LAF,CLOSED_PF_GE700,2025-03-03,True,DIRECT,
1459839,0001459839-25-000036,20250225,"SI-BONE, INC.",1-LAF,LAF,CLOSED,CLOSED_OPERATING_NON_SHELL,OPERATING,operating,CLOSED_UNIQUE,500000000.0,2024-06-30,d0c4627ddf4a629d1b95e43dafa94704cd97dcdabb8c05e36ef210cdf3c3d21d,CLOSED_UNIQUE,138886000.0,CLOSED_UNIQUE,106409000.0,,AF,CLOSED_PRIOR_LAF_REV_GE100_EXIT_AF,2025-03-17,True,DIRECT,
1460235,0001839882-25-012448,20250228,ABRDN PLATINUM ETF TRUST,1-LAF,LAF,CLOSED,CLOSED_OPERATING_NON_SHELL,OPERATING,operating,CLOSED_UNIQUE,1015317000.0,2024-06-30,c5c86deabf14191714d844881aa3a4628609d64813b5e4397feb22fa3674426a,NO_WHITELIST_TOPLINE,,NO_WHITELIST_TOPLINE,,,LAF,CLOSED_PF_GE700,2025-03-03,True,DIRECT,
1460329,0001437749-25-010194,20250331,"FLUENT, INC.",4-NON,NAF,CLOSED,CLOSED_OPERATING_NON_SHELL,OPERATING,operating,CLOSED_UNIQUE,27800000.0,2024-06-30,bbb5b6f43d26e406ea7133fa5a92ec92169d003db17a18bd466bc8fa01edc25a,CLOSED_UNIQUE,298399000.0,CLOSED_UNIQUE,361134000.0,,NAF,CLOSED_PF_LT60,2025-03-31,True,DIRECT,
1460702,0001641172-25-017212,20250630,"QUALIGEN THERAPEUTICS, INC.",4-NON,NAF,CLOSED,CLOSED_OPERATING_NON_SHELL,OPERATING,operating,CLOSED_UNIQUE,1649780.0,2024-06-30,db5af141faad36906a85b3d09d6bcd811c68e547a2d1da71e60741d923ca8e1d,NO_WHITELIST_TOPLINE,,CLOSED_UNIQUE,4983556.0,2025-04-01,NAF,CLOSED_PF_LT60,2025-03-31,False,LATE,
1461219,0001140361-25-010446,20250326,GRAHAM ALTERNATIVE INVESTMENT FUND I LLC,4-NON,NAF,CLOSED,CLOSED_OPERATING_NON_SHELL,OPERATING,operating,CLOSED_UNIQUE,27934497.0,2024-06-30,98c5d152dd088f730efc2b05ed2c3013448324f0d4ce3159099ebdb797f2bec0,NO_WHITELIST_TOPLINE,,NO_WHITELIST_TOPLINE,,,NAF,CLOSED_PF_LT60,2025-03-31,True,DIRECT,
1461237,0001140361-25-010447,20250326,GRAHAM ALTERNATIVE INVESTMENT FUND II LLC,4-NON,NAF,CLOSED,CLOSED_OPERATING_NON_SHELL,OPERATING,operating,CLOSED_UNIQUE,35215671.0,2024-06-30,c6507ac3390ee7e60cd663b3c9e7aee64e25b185002a076846d80c64afaa758a,NO_WHITELIST_TOPLINE,,NO_WHITELIST_TOPLINE,,,NAF,CLOSED_PF_LT60,2025-03-31,True,DIRECT,
1462120,0001462120-25-000018,20250318,"LIVE OAK BANCSHARES, INC.",1-LAF,LAF,CLOSED,CLOSED_OPERATING_NON_SHELL,OPERATING,operating,CLOSED_UNIQUE,1203104831.0,2024-06-30,a7c9b55d457952b7b8282535e86eb323223f90e52e7d0ba4caeff0b06617ed90,NO_WHITELIST_TOPLINE,,NO_WHITELIST_TOPLINE,,2025-03-04,LAF,CLOSED_PF_GE700,2025-03-03,True,12B25,
1463101,0001463101-25-000024,20250210,"ENPHASE ENERGY, INC.",1-LAF,LAF,CLOSED,CLOSED_OPERATING_NON_SHELL,OPERATING,operating,CLOSED_UNIQUE,9900000000.0,2024-06-30,efdf54cc776fbb514a612b1c9442e74b08dc58ac6b25f45661ddfac617b17e0c,CLOSED_UNIQUE,2290786000.0,CLOSED_UNIQUE,2330853000.0,,LAF,CLOSED_PF_GE700,2025-03-03,True,DIRECT,
1463913,0001437749-25-008074,20250318,US ALLIANCE CORP,4-NON,NAF,CLOSED,CLOSED_OPERATING_NON_SHELL,OPERATING,operating,CLOSED_UNIQUE,0.0,2024-06-30,b154bc470067eac6260470fa91fd24119f067941f31b28bd9905d8ab1e6adf24,NO_WHITELIST_TOPLINE,,NO_WHITELIST_TOPLINE,,,NAF,CLOSED_PF_LT60,2025-03-31,True,DIRECT,
1464423,0000950170-25-024124,20250220,PENNYMAC MORTGAGE INVESTMENT TRUST,1-LAF,LAF,CLOSED,CLOSED_OPERATING_NON_SHELL,OPERATING,operating,CLOSED_UNIQUE,1184012486.0,2024-06-28,f3709b21764efbf18fa0f16114a65c4bf5a93a37e39075f9dc0b019c5cab120a,NO_WHITELIST_TOPLINE,,NO_WHITELIST_TOPLINE,,,LAF,CLOSED_PF_GE700,2025-03-03,True,DIRECT,
1465128,0001628280-25-008420,20250227,"STARWOOD PROPERTY TRUST, INC.",1-LAF,LAF,CLOSED,CLOSED_OPERATING_NON_SHELL,OPERATING,operating,CLOSED_UNIQUE,5600000000.0,2024-06-30,9399a09915d5743139093a3918bf4c88f9ab4dc035246630ffa112776c229c67,CLOSED_UNIQUE,2049908000.0,CLOSED_UNIQUE,1464716000.0,,LAF,CLOSED_PF_GE700,2025-03-03,True,DIRECT,
1465740,0001465740-25-000083,20250218,TWO HARBORS INVESTMENT CORP.,1-LAF,LAF,CLOSED,CLOSED_OPERATING_NON_SHELL,OPERATING,operating,CLOSED_UNIQUE,1400000000.0,2024-06-30,0edf98b75e662c9fc2168a682bbebf9882c4a1f44d09c4adecaf09ccbc5203f8,NO_WHITELIST_TOPLINE,,NO_WHITELIST_TOPLINE,,,LAF,CLOSED_PF_GE700,2025-03-03,True,DIRECT,
1466085,0001466085-25-000021,20250218,"INDEPENDENCE REALTY TRUST, INC.",1-LAF,LAF,CLOSED,CLOSED_OPERATING_NON_SHELL,OPERATING,operating,CLOSED_UNIQUE,4300006475.0,2024-06-28,bc32049c36b4d71f7da4d336b58b8a817b193ddf2e305bc7529817e943433493,CLOSED_UNIQUE,660983000.0,CLOSED_UNIQUE,628525000.0,,LAF,CLOSED_PF_GE700,2025-03-03,True,DIRECT,
1466258,0001466258-25-000039,20250206,TRANE TECHNOLOGIES PLC,1-LAF,LAF,CLOSED,CLOSED_OPERATING_NON_SHELL,OPERATING,operating,CLOSED_UNIQUE,74100000000.0,2024-06-30,4c4ddd9fca0f0f47aa999b60a1a19f7c473143f36454cc9ef632e83381104a1e,CLOSED_UNIQUE,17677600000.0,CLOSED_UNIQUE,15991700000.0,,LAF,CLOSED_PF_GE700,2025-03-03,True,DIRECT,
1466593,0001466593-25-000034,20250219,OTTER TAIL CORP,1-LAF,LAF,CLOSED,CLOSED_OPERATING_NON_SHELL,OPERATING,operating,CLOSED_UNIQUE,3545374386.0,2024-06-30,46471b36fb51933010f1be89cb479929c409c672482c0079a9fdc269caa81c63,CLOSED_UNIQUE,1349166000.0,CLOSED_UNIQUE,1460209000.0,,LAF,CLOSED_PF_GE700,2025-03-03,True,DIRECT,
1467623,0001467623-25-000011,20250221,"DROPBOX, INC.",1-LAF,LAF,CLOSED,CLOSED_OPERATING_NON_SHELL,OPERATING,operating,CLOSED_UNIQUE,3488100000.0,2024-06-30,a00900145f4876b5128998817b99c02c70e40da679c3d496a9342debfd0b186f,CLOSED_UNIQUE,2501600000.0,CLOSED_UNIQUE,2324900000.0,,LAF,CLOSED_PF_GE700,2025-03-03,True,DIRECT,
1467760,0000950170-25-017122,20250210,"APOLLO COMMERCIAL REAL ESTATE FINANCE, INC.",1-LAF,LAF,CLOSED,CLOSED_OPERATING_NON_SHELL,OPERATING,operating,CLOSED_UNIQUE,1300000000.0,2024-06-28,ed26efd5d1960e067403f2537487ded364d7b96a852800ec81e6253503a0545e,CLOSED_UNIQUE,344591000.0,CLOSED_UNIQUE,303640000.0,,LAF,CLOSED_PF_GE700,2025-03-03,True,DIRECT,
1467858,0001467858-25-000032,20250128,GENERAL MOTORS CO,1-LAF,LAF,CLOSED,CLOSED_OPERATING_NON_SHELL,OPERATING,operating,CLOSED_UNIQUE,52200000000.0,2024-06-30,c07ad90de4e9b0ea6923a049af1ae3df288210d0b9f5f3fbc69869bdfd12166a,NO_WHITELIST_TOPLINE,,NO_WHITELIST_TOPLINE,,,LAF,CLOSED_PF_GE700,2025-03-03,True,DIRECT,
1468174,0001468174-25-000009,20250213,HYATT HOTELS CORP,1-LAF,LAF,CLOSED,CLOSED_OPERATING_NON_SHELL,OPERATING,operating,CLOSED_UNIQUE,6581000000.0,2024-06-28,ffc0597760a122f498c3aaa34d38a9f40912a259ab20b7c41f21021a43ab8b43,CLOSED_UNIQUE,6667000000.0,CLOSED_UNIQUE,5891000000.0,,LAF,CLOSED_PF_GE700,2025-03-03,True,DIRECT,
1468328,0000950170-25-026747,20250225,ADDUS HOMECARE CORP,1-LAF,LAF,CLOSED,CLOSED_OPERATING_NON_SHELL,OPERATING,operating,CLOSED_UNIQUE,2061491000.0,2024-06-30,91eb7e5b35e88d13ffb9f82870cc41393266c4530d6b1d8a512daeea0503b9de,NO_WHITELIST_TOPLINE,,NO_WHITELIST_TOPLINE,,,LAF,CLOSED_PF_GE700,2025-03-03,True,DIRECT,
1468929,0001641172-25-000937,20250327,"NEXGEL, INC.",4-NON,NAF,CLOSED,CLOSED_OPERATING_NON_SHELL,OPERATING,operating,CLOSED_UNIQUE,11032723.0,2024-06-30,e697278778e4d3cb66e21f8bf1c59e365e6d22e47a52d7a2f4dbbac0f959ac6e,NO_WHITELIST_TOPLINE,,NO_WHITELIST_TOPLINE,,,NAF,CLOSED_PF_LT60,2025-03-31,True,DIRECT,
1469367,0001469367-25-000039,20250227,SUNRUN INC.,1-LAF,LAF,CLOSED,CLOSED_OPERATING_NON_SHELL,OPERATING,operating,CLOSED_UNIQUE,2600000000.0,2024-06-30,213d4d897d1258bbcbe04120121072114d0f73602c6812415fabcef5c246624e,CLOSED_UNIQUE,2259813000.0,CLOSED_UNIQUE,2321422000.0,,LAF,CLOSED_PF_GE700,2025-03-03,True,DIRECT,
1471265,0001471265-25-000016,20250225,"NORTHWEST BANCSHARES, INC.",1-LAF,LAF,CLOSED,CLOSED_OPERATING_NON_SHELL,OPERATING,operating,CLOSED_UNIQUE,1347000000.0,2024-06-30,e186a94c113c2feeaa6df0bdf9c4fbbafdfac5f871098d9f74f2cfd66194ae04,NO_WHITELIST_TOPLINE,,NO_WHITELIST_TOPLINE,,,LAF,CLOSED_PF_GE700,2025-03-03,True,DIRECT,
1471727,0001641172-25-001558,20250331,BETTER CHOICE CO INC.,4-NON,NAF,CLOSED,CLOSED_OPERATING_NON_SHELL,OPERATING,operating,CLOSED_UNIQUE,3573683.0,2024-06-30,8ebdfcaf223c1b52e94a4723891fb9b6c84d0bb335a06c56c7c41a03e12a719e,CLOSED_UNIQUE,38592000.0,CLOSED_UNIQUE,54660000.0,,NAF,CLOSED_PF_LT60,2025-03-31,True,DIRECT,
1472787,0000950170-25-024488,20250221,FIRST AMERICAN FINANCIAL CORP,1-LAF,LAF,CLOSED,CLOSED_OPERATING_NON_SHELL,OPERATING,operating,CLOSED_UNIQUE,5346932596000000.0,2024-06-30,65d189f978824d19dcc61ad3ac6f12689980dc3f789b64e41ec3b6d4eb27d08e,CLOSED_UNIQUE,6003500000.0,CLOSED_UNIQUE,7605000000.0,,LAF,CLOSED_PF_GE700,2025-03-03,True,DIRECT,
1473334,0001641172-25-001773,20250331,"NOVA LIFESTYLE, INC.",4-NON,NAF,CLOSED,CLOSED_OPERATING_NON_SHELL,OPERATING,operating,CLOSED_UNIQUE,3660000.0,2024-06-28,bf15d0fbcab908309f31e47b703e5f36454785024891715c66a8a7170abbe6f3,CLOSED_UNIQUE,11087459.0,CLOSED_UNIQUE,12744871.0,,NAF,CLOSED_PF_LT60,2025-03-31,True,DIRECT,
1473844,0001473844-25-000014,20250303,"STELLAR BANCORP, INC.",1-LAF,LAF,CLOSED,CLOSED_OPERATING_NON_SHELL,OPERATING,operating,CLOSED_UNIQUE,1110000000.0,2024-06-30,a28fe888a8043c9245183a235c336185e72bb4f8e32c4305f09fef120b62f53a,NO_WHITELIST_TOPLINE,,NO_WHITELIST_TOPLINE,,,LAF,CLOSED_PF_GE700,2025-03-03,True,DIRECT,
1474098,0001474098-25-000039,20250226,PEBBLEBROOK HOTEL TRUST,1-LAF,LAF,CLOSED,CLOSED_OPERATING_NON_SHELL,OPERATING,operating,CLOSED_UNIQUE,1600000000.0,2024-06-30,8acd1cdc56ac53833cfd3c8c4d9c8a01bd76b3f8a0e6e11d01f1ccda9e672ddc,CLOSED_UNIQUE,1419949000.0,CLOSED_UNIQUE,1391891000.0,,LAF,CLOSED_PF_GE700,2025-03-03,True,DIRECT,
1474735,0001437749-25-004353,20250219,GENERAC HOLDINGS INC.,1-LAF,LAF,CLOSED,CLOSED_OPERATING_NON_SHELL,OPERATING,operating,CLOSED_UNIQUE,8000000000.0,2024-06-28,3eff71d1a63ca06bb17ee1fe3a0b7f044924192cd5babc3072194427a115e3f9,CLOSED_UNIQUE,4022667000.0,CLOSED_UNIQUE,4564737000.0,,LAF,CLOSED_PF_GE700,2025-03-03,True,DIRECT,
1475115,0001475115-25-000026,20250227,"EVENTBRITE, INC.",1-LAF,LAF,CLOSED,CLOSED_OPERATING_NON_SHELL,OPERATING,operating,CLOSED_UNIQUE,380500000.0,2024-06-30,8b0c0bb0222412283a8b7f45c20b0f712fc734b45fe1f1af7213d1d92ebd7da7,CLOSED_UNIQUE,326134000.0,CLOSED_UNIQUE,260927000.0,,AF,CLOSED_PRIOR_LAF_REV_GE100_EXIT_AF,2025-03-17,True,DIRECT,
1475841,0001558370-25-001502,20250225,NATIONAL BANK HOLDINGS CORP,1-LAF,LAF,CLOSED,CLOSED_OPERATING_NON_SHELL,OPERATING,operating,CLOSED_UNIQUE,1457000000.0,2024-06-30,20f81b77078004f3f0cf1161dad7966e535f8586756d31a2c464a4a2893f2df9,NO_WHITELIST_TOPLINE,,NO_WHITELIST_TOPLINE,,,LAF,CLOSED_PF_GE700,2025-03-03,True,DIRECT,
1475922,0000950170-25-029882,20250228,"PRIMERICA, INC.",1-LAF,LAF,CLOSED,CLOSED_OPERATING_NON_SHELL,OPERATING,operating,CLOSED_UNIQUE,8015790785.0,2024-06-30,826d44333a626b2600ef2e5df0ad782a9ac762d260361bb9d9f22997c62b3746,CLOSED_UNIQUE,2815691000.0,CLOSED_UNIQUE,2720133000.0,,LAF,CLOSED_PF_GE700,2025-03-03,True,DIRECT,
1476045,0001476045-25-000011,20250226,CHATHAM LODGING TRUST,2-ACC,AF,CLOSED,CLOSED_OPERATING_NON_SHELL,OPERATING,operating,CLOSED_UNIQUE,408355012.0,2024-06-30,40423a57e86dd0b56b987af7543b32f7f482372eabe3d7c083fb6c3729f9def3,CLOSED_UNIQUE,311109000.0,CLOSED_UNIQUE,294851000.0,,AF,CLOSED_PRIOR_ACC_REV_GE80_REMAIN_AF,2025-03-17,True,DIRECT,
1476150,0001476150-25-000004,20250205,TERRENO REALTY CORP,1-LAF,LAF,CLOSED,CLOSED_OPERATING_NON_SHELL,OPERATING,operating,CLOSED_UNIQUE,5612026380.0,2024-06-28,93fe32df710272f3b7be53e64b0488fcf6689f72410bfa2c2f448c457a78f0b8,CLOSED_UNIQUE,323590000.0,CLOSED_UNIQUE,276212000.0,,LAF,CLOSED_PF_GE700,2025-03-03,True,DIRECT,
1476204,0001476204-25-000030,20250211,"PHILLIPS EDISON & COMPANY, INC.",1-LAF,LAF,CLOSED,CLOSED_OPERATING_NON_SHELL,OPERATING,operating,CLOSED_UNIQUE,4000000000.0,2024-06-28,8482fc7a2055a364f3173b86db02894cd28f5db3f2d6ec3e3e68ede28873726a,CLOSED_UNIQUE,610124000.0,CLOSED_UNIQUE,575372000.0,,LAF,CLOSED_PF_GE700,2025-03-03,True,DIRECT,
1476840,0001476840-25-000018,20250227,"EXPENSIFY, INC.",2-ACC,AF,CLOSED,CLOSED_OPERATING_NON_SHELL,OPERATING,operating,CLOSED_UNIQUE,88000000.0,2024-06-28,2c2896ce6f2889edbf976c19cbb228991d77ee07022b4904ad55918dde1fe8e6,CLOSED_UNIQUE,150687000.0,CLOSED_UNIQUE,169495000.0,,AF,CLOSED_PRIOR_ACC_REV_GE80_REMAIN_AF,2025-03-17,True,DIRECT,
1476963,0001558370-25-005986,20250430,"SCORPIUS HOLDINGS, INC.",4-NON,NAF,CLOSED,CLOSED_OPERATING_NON_SHELL,OPERATING,operating,CLOSED_UNIQUE,2877997.0,2024-06-30,bbf347146c2cf97d4764e2f7b8838c9c8c26b0aa994712a36630f8f9804304f6,CLOSED_UNIQUE,6994838.0,CLOSED_UNIQUE,6383169.0,2025-04-01,NAF,CLOSED_PF_LT60,2025-03-31,False,LATE,
1477294,0001477294-25-000022,20250228,SENSATA TECHNOLOGIES HOLDING PLC,1-LAF,LAF,CLOSED,CLOSED_OPERATING_NON_SHELL,OPERATING,operating,CLOSED_UNIQUE,5600000000.0,2024-06-30,a0692f3d857317611f858bf1283996249a77b5155f558dd1673f053958624378,CLOSED_UNIQUE,4054083000.0,CLOSED_UNIQUE,4029262000.0,,LAF,CLOSED_PF_GE700,2025-03-03,True,DIRECT,
1477333,0001477333-25-000043,20250220,"CLOUDFLARE, INC.",1-LAF,LAF,CLOSED,CLOSED_OPERATING_NON_SHELL,OPERATING,operating,CLOSED_UNIQUE,13600000000.0,2024-06-30,5a35bde542bb750cc478e51eaef581d03ec5053ab02d0ccf5dcd80f23a027da4,CLOSED_UNIQUE,1296745000.0,CLOSED_UNIQUE,975241000.0,,LAF,CLOSED_PF_GE700,2025-03-03,True,DIRECT,
1477449,0001477449-25-000005,20250227,"TELADOC HEALTH, INC.",1-LAF,LAF,CLOSED,CLOSED_OPERATING_NON_SHELL,OPERATING,operating,CLOSED_UNIQUE,1666071704.0,2024-06-30,bc553233c02d52964c335fdc9476de5e9622d498ef71371892c1bb5e6c73b718,CONFLICTING_WHITELIST_VALUES,,CONFLICTING_WHITELIST_VALUES,,,LAF,CLOSED_PF_GE700,2025-03-03,True,DIRECT,
1477845,0001558370-25-003482,20250321,"ANNOVIS BIO, INC.",4-NON,NAF,CLOSED,CLOSED_OPERATING_NON_SHELL,OPERATING,operating,CLOSED_UNIQUE,51312050.0,2024-06-30,a4269fb9aee553ade446cc3e4803c474c8f19d660202873ebaf87addc642ba67,NO_WHITELIST_TOPLINE,,NO_WHITELIST_TOPLINE,,,NAF,CLOSED_PF_LT60,2025-03-31,True,DIRECT,
1478242,0001478242-25-000045,20250213,IQVIA HOLDINGS INC.,1-LAF,LAF,CLOSED,CLOSED_OPERATING_NON_SHELL,OPERATING,operating,CLOSED_UNIQUE,38200000000.0,2024-06-28,e5a7008a2841ab0230663da1f338e61ef720534d597f6e1fd18be216fd6587e3,CLOSED_UNIQUE,14984000000.0,CLOSED_UNIQUE,14410000000.0,,LAF,CLOSED_PF_GE700,2025-03-03,True,DIRECT,
1478320,0000950170-25-030913,20250303,ADAPTIVE BIOTECHNOLOGIES CORP,1-LAF,LAF,CLOSED,CLOSED_OPERATING_NON_SHELL,OPERATING,operating,CLOSED_UNIQUE,416000000.0,2024-06-28,92d52bf531fda4bfc48ccfc28325b67ca09ab3c415afed1482e07210fe27e2bb,CLOSED_UNIQUE,170276000.0,CLOSED_UNIQUE,185308000.0,,AF,CLOSED_PRIOR_LAF_REV_GE100_EXIT_AF,2025-03-17,True,DIRECT,
1479094,0001479094-25-000006,20250212,"STAG INDUSTRIAL, INC.",1-LAF,LAF,CLOSED,CLOSED_OPERATING_NON_SHELL,OPERATING,operating,CLOSED_UNIQUE,6558000000.0,2024-06-30,322e60f2c2a94d36bd1394c946a7017530cffdb637c666bc83f8a67b5513c882,CLOSED_UNIQUE,707835000.0,CLOSED_UNIQUE,657345000.0,,LAF,CLOSED_PF_GE700,2025-03-03,True,DIRECT,
1479419,0001558370-25-004081,20250331,"KALA BIO, INC.",4-NON,NAF,CLOSED,CLOSED_OPERATING_NON_SHELL,OPERATING,operating,CLOSED_UNIQUE,23900000.0,2024-06-28,2334c048cc394e76901e4519060d933a22465eeafc244237a6f08fd05ffcbb0c,NO_WHITELIST_TOPLINE,,NO_WHITELIST_TOPLINE,,,NAF,CLOSED_PF_LT60,2025-03-31,True,DIRECT,
1479915,0001641172-25-001625,20250331,CQENS TECHNOLOGIES INC.,4-NON,NAF,CLOSED,CLOSED_OPERATING_NON_SHELL,OPERATING,operating,CLOSED_UNIQUE,0.0,2024-06-30,19170dd74595b72deea16d71792c63bdf3d716241d260a9b53cc65babf6bbdcc,NO_WHITELIST_TOPLINE,,NO_WHITELIST_TOPLINE,,,NAF,CLOSED_PF_LT60,2025-03-31,True,DIRECT,
1481582,0000950170-25-024199,20250220,RYERSON HOLDING CORP,1-LAF,LAF,CLOSED,CLOSED_OPERATING_NON_SHELL,OPERATING,operating,CLOSED_UNIQUE,555999209.0,2024-06-30,a10c4c0d30283ff5f07098a4a1a34dfd560bd0c16b2c2a9979326e8c8ad4c638,CLOSED_UNIQUE,5108700000.0,CLOSED_UNIQUE,6323600000.0,,AF,CLOSED_PRIOR_LAF_REV_GE100_EXIT_AF,2025-03-17,True,DIRECT,
1481792,0001481792-25-000010,20250221,"QUAD/GRAPHICS, INC.",2-ACC,AF,CLOSED,CLOSED_OPERATING_NON_SHELL,OPERATING,operating,CLOSED_UNIQUE,169029977.0,2024-06-28,02bb9bca40c03ad7ea8cb8c914bf0be1d1e888281f32887094e16aa3de3eaf86,CLOSED_UNIQUE,2957700000.0,CLOSED_UNIQUE,3217000000.0,,AF,CLOSED_PRIOR_ACC_REV_GE80_REMAIN_AF,2025-03-17,True,DIRECT,
1482430,0001482430-25-000021,20250314,"KBS REAL ESTATE INVESTMENT TRUST III, INC.",4-NON,NAF,CLOSED,CLOSED_OPERATING_NON_SHELL,OPERATING,operating,CLOSED_UNIQUE,0.0,2024-06-30,ac64e11d98732557aa1b2ddff09bdf8e377b7b62745073d0204d5315182616ab,CLOSED_UNIQUE,300677000.0,CLOSED_UNIQUE,308017000.0,,NAF,CLOSED_PF_LT60,2025-03-31,True,DIRECT,
1482541,0001641172-25-000913,20250327,CEA INDUSTRIES INC.,4-NON,NAF,CLOSED,CLOSED_OPERATING_NON_SHELL,OPERATING,operating,CLOSED_UNIQUE,5171944.0,2024-06-28,fdae199102e10d6d5b9fc7dc3b1404d2cb3990c182070de7e1d00c453f13956d,CLOSED_UNIQUE,6910951.0,NO_WHITELIST_TOPLINE,,,NAF,CLOSED_PF_LT60,2025-03-31,True,DIRECT,
1482981,0001482981-25-000032,20250226,"VITA COCO COMPANY, INC.",1-LAF,LAF,CLOSED,CLOSED_OPERATING_NON_SHELL,OPERATING,operating,CLOSED_UNIQUE,1100000000.0,2024-06-28,3fd6c0bd33f4d2a5fb3b81404aa3d2070a751c4f28913b374e4d35b00619b01c,CLOSED_UNIQUE,493612000.0,CLOSED_UNIQUE,427787000.0,,LAF,CLOSED_PF_GE700,2025-03-03,True,DIRECT,
1483386,0001839882-25-012444,20250228,ABRDN PRECIOUS METALS BASKET ETF TRUST,1-LAF,LAF,CLOSED,CLOSED_OPERATING_NON_SHELL,OPERATING,operating,CLOSED_UNIQUE,988597702.0,2024-06-30,4308617e9ebe9f961ab1799cfe0697a2de9eb22ee0dd3809f87b84e8d6140290,NO_WHITELIST_TOPLINE,,NO_WHITELIST_TOPLINE,,,LAF,CLOSED_PF_GE700,2025-03-03,True,DIRECT,
1484565,0000950170-25-029545,20250228,SOLENO THERAPEUTICS INC,4-NON,NAF,CLOSED,CLOSED_OPERATING_NON_SHELL,OPERATING,operating,CLOSED_UNIQUE,1400000000.0,2024-06-28,92dd14f0b49533b77c07d607b3bd9d22c5cf49d7be504a2319b7498b7d42a8e9,NO_WHITELIST_TOPLINE,,NO_WHITELIST_TOPLINE,,,LAF,CLOSED_PF_GE700,2025-03-03,True,DIRECT,
1484612,0000950170-25-030045,20250228,"OUTSET MEDICAL, INC.",1-LAF,LAF,CLOSED,CLOSED_OPERATING_NON_SHELL,OPERATING,operating,CLOSED_UNIQUE,198200000.0,2024-06-30,56f646d5b1b3e8e3fd869c9d3d98f1fd0b3b31199989845792c041474deba944,CLOSED_UNIQUE,130376000.0,CLOSED_UNIQUE,115375000.0,,AF,CLOSED_PRIOR_LAF_REV_GE100_EXIT_AF,2025-03-17,True,DIRECT,
1484769,0001628280-25-009420,20250303,FUBOTV INC. /FL,2-ACC,AF,CLOSED,CLOSED_OPERATING_NON_SHELL,OPERATING,operating,CLOSED_UNIQUE,396581855.0,2024-06-28,a1d7c36b62ccab3187e72674f3c2fac0733708c6b9d49c6e0ddf275690ed92db,CLOSED_UNIQUE,1368225000.0,CLOSED_UNIQUE,1008696000.0,,AF,CLOSED_PRIOR_ACC_REV_GE80_REMAIN_AF,2025-03-17,True,DIRECT,
1484778,0001484778-25-000023,20250303,THREDUP INC.,2-ACC,AF,CLOSED,CLOSED_OPERATING_NON_SHELL,OPERATING,operating,CLOSED_UNIQUE,122800000.0,2024-06-28,9b04c6ae698dafd760ad48b3520783282a24d1203254d15c03ede3b9706a19f3,CLOSED_UNIQUE,322022000.0,CLOSED_UNIQUE,288379000.0,,AF,CLOSED_PRIOR_ACC_REV_GE80_REMAIN_AF,2025-03-17,True,DIRECT,
1485074,0001477932-25-002250,20250331,"FREEZE TAG, INC.",4-NON,NAF,CLOSED,CLOSED_OPERATING_NON_SHELL,OPERATING,operating,CLOSED_UNIQUE,474797.0,2024-06-30,defa0eeeac66f8de20c20946ecf7f6381e8e400af254c0df94dacabc732a5460,CLOSED_UNIQUE,2115547.0,CLOSED_UNIQUE,2099055.0,,NAF,CLOSED_PF_LT60,2025-03-31,True,DIRECT,
1486159,0001486159-25-000005,20250227,CHORD ENERGY CORP,1-LAF,LAF,CLOSED,CLOSED_OPERATING_NON_SHELL,OPERATING,operating,CLOSED_UNIQUE,10389641105.0,2024-06-30,1e19b4ab9adcbca574de70c1222032e42c33b15ed9110498fa00ad3a7e15d7a8,CLOSED_UNIQUE,3896641000.0,CLOSED_UNIQUE,3646794000.0,,LAF,CLOSED_PF_GE700,2025-03-03,True,DIRECT,
1487091,0001641172-25-003648,20250410,"QUEST WATER GLOBAL, INC.",4-NON,NAF,CLOSED,CLOSED_OPERATING_NON_SHELL,OPERATING,operating,CLOSED_UNIQUE,2667874.14,2024-06-30,15cb1414828f33e051a26b04365b9b6f5e85ef47da1a29515889805bf473d6f8,NO_WHITELIST_TOPLINE,,NO_WHITELIST_TOPLINE,,2025-04-01,NAF,CLOSED_PF_LT60,2025-03-31,True,12B25,
1487197,0001641172-25-000931,20250327,BARFRESH FOOD GROUP INC.,4-NON,NAF,CLOSED,CLOSED_OPERATING_NON_SHELL,OPERATING,operating,CLOSED_UNIQUE,28770790.0,2024-06-30,d9c90df023f907aff0dc06fc7c8684fe1d9503c428744bf7cdbd93f3eae75c0a,CLOSED_UNIQUE,8127000.0,CLOSED_UNIQUE,9162000.0,,NAF,CLOSED_PF_LT60,2025-03-31,True,DIRECT,
1487712,0001628280-25-005392,20250213,AIR LEASE CORP,1-LAF,LAF,CLOSED,CLOSED_OPERATING_NON_SHELL,OPERATING,operating,CLOSED_UNIQUE,5000000000.0,2024-06-28,f74f07414f24416dd6036f139abe10a07ec9c7df08310b5890482d355dcf3ed5,CLOSED_UNIQUE,2684977000.0,CLOSED_UNIQUE,2317302000.0,,LAF,CLOSED_PF_GE700,2025-03-03,True,DIRECT,
1487718,0001641172-25-000535,20250325,"AMERICAN BATTERY MATERIALS, INC.",4-NON,NAF,CLOSED,CLOSED_OPERATING_NON_SHELL,OPERATING,operating,CLOSED_UNIQUE,2368314.0,2024-06-30,52932d59f5b077d1a094737518804782a78195183d2701db1e306bdb8a0b357a,NO_WHITELIST_TOPLINE,,NO_WHITELIST_TOPLINE,,,NAF,CLOSED_PF_LT60,2025-03-31,True,DIRECT,
1487952,0001487952-25-000014,20250225,"VISHAY PRECISION GROUP, INC.",2-ACC,AF,CLOSED,CLOSED_OPERATING_NON_SHELL,OPERATING,operating,CLOSED_UNIQUE,374615000.0,2024-06-29,dfe581f06492c32f5bd52bf737ed894b1a64ea65906817449a9ac818c9c54fab,CLOSED_UNIQUE,355048000.0,CLOSED_UNIQUE,362580000.0,,AF,CLOSED_PRIOR_ACC_REV_GE80_REMAIN_AF,2025-03-17,True,DIRECT,
1488139,0001488139-25-000018,20250228,"AMERESCO, INC.",1-LAF,LAF,CLOSED,CLOSED_OPERATING_NON_SHELL,OPERATING,operating,CLOSED_UNIQUE,919337629.0,2024-06-30,aa7f5167ee354a7c4f7e59ccb77c3a44de07ef2edf928b036bb6c94029cb1ff9,CLOSED_UNIQUE,1374633000.0,CLOSED_UNIQUE,1824422000.0,,LAF,CLOSED_PF_GE700,2025-03-03,True,DIRECT,
1488813,0001488813-25-000013,20250228,"CUSTOMERS BANCORP, INC.",1-LAF,LAF,CLOSED,CLOSED_OPERATING_NON_SHELL,OPERATING,operating,CLOSED_UNIQUE,1403452041.0,2024-06-30,d93fb128a2ec2c943559878316121461e0be76204f423c17c587c7ec67a038a7,NO_WHITELIST_TOPLINE,,NO_WHITELIST_TOPLINE,,,LAF,CLOSED_PF_GE700,2025-03-03,True,DIRECT,
1489393,0001489393-25-000008,20250227,LYONDELLBASELL INDUSTRIES N.V.,1-LAF,LAF,CLOSED,CLOSED_OPERATING_NON_SHELL,OPERATING,operating,CLOSED_UNIQUE,24800000000.0,2024-06-30,8816f36ac146db1a43b67ad76a084bbddc195e779b2dadcbe8e019091e388cfe,CLOSED_UNIQUE,41107000000.0,NO_WHITELIST_TOPLINE,,,LAF,CLOSED_PF_GE700,2025-03-03,True,DIRECT,
1490281,0001490281-25-000005,20250311,"GROUPON, INC.",2-ACC,AF,CLOSED,CLOSED_OPERATING_NON_SHELL,OPERATING,operating,CLOSED_UNIQUE,376952000.0,2024-06-30,e321861407870a656a60a03a50b4ef905463ac4244bdfbf57516227ecdcb94af,CLOSED_UNIQUE,514910000.0,CLOSED_UNIQUE,599085000.0,,AF,CLOSED_PRIOR_ACC_REV_GE80_REMAIN_AF,2025-03-17,True,DIRECT,
1490978,0001490978-25-000014,20250226,"SCHRODINGER, INC.",1-LAF,LAF,CLOSED,CLOSED_OPERATING_NON_SHELL,OPERATING,operating,CLOSED_UNIQUE,790263620.0,2024-06-28,d00a6d7c8fbe4c90bb89696524fffb8467f1985c3d08a99e5b857b0d4be99ea1,NO_WHITELIST_TOPLINE,,CLOSED_UNIQUE,180955000.0,,LAF,CLOSED_PF_GE700,2025-03-03,True,DIRECT,
1492298,0001492298-25-000008,20250219,"SABRA HEALTH CARE REIT, INC.",1-LAF,LAF,CLOSED,CLOSED_OPERATING_NON_SHELL,OPERATING,operating,CLOSED_UNIQUE,3500000000.0,2024-06-28,8c7cafe5f9287e29c227c1c304c05d7be7b322396a14c54d17cc97cd916ca91f,CLOSED_UNIQUE,647514000.0,CLOSED_UNIQUE,624811000.0,,LAF,CLOSED_PF_GE700,2025-03-03,True,DIRECT,
1492422,0000950170-25-029507,20250228,"APELLIS PHARMACEUTICALS, INC.",1-LAF,LAF,CLOSED,CLOSED_OPERATING_NON_SHELL,OPERATING,operating,CLOSED_UNIQUE,4200000000.0,2024-06-28,80a6ffba86a1fcea1d19996c6c14d6d9d5283a8bf5f49ef6b5e6e871bcb81384,NO_WHITELIST_TOPLINE,,CLOSED_UNIQUE,75422000.0,,LAF,CLOSED_PF_GE700,2025-03-03,True,DIRECT,
1492691,0001492691-25-000013,20250220,KNIGHT-SWIFT TRANSPORTATION HOLDINGS INC.,1-LAF,LAF,CLOSED,CLOSED_OPERATING_NON_SHELL,OPERATING,operating,CLOSED_UNIQUE,7964037120.0,2024-06-30,c88f6f808c244249ac0e140bcda08c7daaa290dacb9334ca63d69a3b58d0ae25,CLOSED_UNIQUE,7141766000.0,CLOSED_UNIQUE,7428582000.0,,LAF,CLOSED_PF_GE700,2025-03-03,True,DIRECT,
14930,0000014930-25-000025,20250214,BRUNSWICK CORP,1-LAF,LAF,CLOSED,CLOSED_OPERATING_NON_SHELL,OPERATING,operating,CLOSED_UNIQUE,4771734967.0,2024-06-29,109016d40c0ee0978113be6e2bac9ec9cd0f16be2c320d82b697c4bbfdf3fbe3,CLOSED_UNIQUE,6401400000.0,CLOSED_UNIQUE,6812200000.0,,LAF,CLOSED_PF_GE700,2025-03-03,True,DIRECT,
1493137,0001079973-25-000507,20250328,"LIFELOC TECHNOLOGIES, INC",4-NON,NAF,CLOSED,CLOSED_OPERATING_NON_SHELL,OPERATING,operating,CLOSED_UNIQUE,2219292.0,2024-06-28,0ce7ea9b12b6d126f215b5726ac45edde7cb14b59a4e5e9b1c783080f4e8d2ce,NO_WHITELIST_TOPLINE,,NO_WHITELIST_TOPLINE,,,NAF,CLOSED_PF_LT60,2025-03-31,True,DIRECT,
1493761,0000950170-25-040292,20250317,TURTLE BEACH CORP,2-ACC,AF,CLOSED,CLOSED_OPERATING_NON_SHELL,OPERATING,operating,CLOSED_UNIQUE,233796750.0,2024-06-30,67627198ba8779804f376b5f65cde4b3392949f2ee2b7189f63a451eaad36333,CLOSED_UNIQUE,258122000.0,CLOSED_UNIQUE,240166000.0,,AF,CLOSED_PRIOR_ACC_REV_GE80_REMAIN_AF,2025-03-17,True,DIRECT,
1494259,0000950170-25-024181,20250220,"CARGURUS, INC.",1-LAF,LAF,CLOSED,CLOSED_OPERATING_NON_SHELL,OPERATING,operating,CLOSED_UNIQUE,1582604633.0,2024-06-30,cae6d776b49087ae63bfb94b725ac4630bf6fc5cae118936ea98b47e01735b73,CLOSED_UNIQUE,914242000.0,CLOSED_UNIQUE,1655035000.0,,LAF,CLOSED_PF_GE700,2025-03-03,True,DIRECT,
1494413,0001262463-25-000100,20250414,TWO HANDS CORP,4-NON,NAF,CLOSED,CLOSED_OPERATING_NON_SHELL,OPERATING,operating,CLOSED_UNIQUE,228450.0,2024-06-30,7fc1f780e41b0549e45be975c610d4501ac00a0de8cf76a67d0cc8e473a7490c,CLOSED_UNIQUE,783489.0,CLOSED_UNIQUE,731302.0,2025-03-31,NAF,CLOSED_PF_LT60,2025-03-31,True,12B25,
1494904,0000950170-25-037300,20250311,"GLOBAL INDEMNITY GROUP, LLC",2-ACC,AF,CLOSED,CLOSED_OPERATING_NON_SHELL,OPERATING,operating,CLOSED_UNIQUE,215621306.0,2024-06-30,66b3d7985737fa70e1452cdd70c93cca20c27488f87b2d2d424009108ad92cf9,CLOSED_UNIQUE,528129000.0,CLOSED_UNIQUE,628534000.0,,AF,CLOSED_PRIOR_ACC_REV_GE80_REMAIN_AF,2025-03-17,True,DIRECT,
1495240,0001495240-25-000005,20250219,GLADSTONE LAND CORP,1-LAF,LAF,CLOSED,CLOSED_OPERATING_NON_SHELL,OPERATING,operating,CLOSED_UNIQUE,456000000.0,2024-06-30,a933a9622b0cfa22fa8db666ce6f2e8f83180846ddb0a369eafa95e929c62092,CLOSED_UNIQUE,90398000.0,CLOSED_UNIQUE,89236000.0,,NAF,CLOSED_PRIOR_LAF_CUR80_100_PREV_LT100_EXIT_NAF,2025-03-31,True,DIRECT,
1495932,0001558370-25-001223,20250220,"EXP WORLD HOLDINGS, INC.",1-LAF,LAF,CLOSED,CLOSED_OPERATING_NON_SHELL,OPERATING,operating,CLOSED_UNIQUE,922700000.0,2024-06-28,dd902dd3576030d0c72d90e3b3ec1054e596d96c63be8bc0290ec6501a5aa6c4,CLOSED_UNIQUE,4281105000.0,CLOSED_UNIQUE,4598161000.0,,LAF,CLOSED_PF_GE700,2025-03-03,True,DIRECT,
1496454,0001496454-25-000005,20250310,"CNL HEALTHCARE PROPERTIES, INC.",4-NON,NAF,CLOSED,CLOSED_OPERATING_NON_SHELL,OPERATING,operating,CLOSED_UNIQUE,1100000000.0,2024-06-30,300125260354d972beb182f46e4c271b8df521b5df131e803542ce461ea4a778,CLOSED_UNIQUE,341480000.0,CLOSED_UNIQUE,322661000.0,,LAF,CLOSED_PF_GE700,2025-03-03,False,LATE,
1497230,0001654954-25-004309,20250415,"SMC ENTERTAINMENT, INC.",4-NON,NAF,CLOSED,CLOSED_OPERATING_NON_SHELL,OPERATING,operating,CLOSED_UNIQUE,3816733.0,2024-06-30,48c4e62ae627c72b376bc4e9595d7cac1003768d069369575e641c1e367ed5ea,CLOSED_UNIQUE,752.0,NO_FY2022_10K,,2025-03-31,NAF,CLOSED_PF_LT60,2025-03-31,True,12B25,
1497645,0001497645-25-000013,20250224,"SUMMIT HOTEL PROPERTIES, INC.",1-LAF,LAF,CLOSED,CLOSED_OPERATING_NON_SHELL,OPERATING,operating,CLOSED_UNIQUE,628912796.0,2024-06-30,c364fe2b0c973a1a22a8c50698b1b155dd238ec536a76e681cda64485ad868bb,CLOSED_UNIQUE,736127000.0,CLOSED_UNIQUE,675695000.0,,LAF,CLOSED_PRIOR_LAF_PF_GE560,2025-03-03,True,DIRECT,
1497770,0001558370-25-001503,20250225,"WALKER & DUNLOP, INC.",1-LAF,LAF,CLOSED,CLOSED_OPERATING_NON_SHELL,OPERATING,operating,CLOSED_UNIQUE,2300000000.0,2024-06-28,a7fb9f93039baad92a98ddea3d95a35364b1b7ca5b501d38b39bbdbbd69c7af5,CLOSED_UNIQUE,1054440000.0,CLOSED_UNIQUE,1258753000.0,,LAF,CLOSED_PF_GE700,2025-03-03,True,DIRECT,
1498372,0001393905-25-000115,20250313,IWALLET CORP,4-NON,NAF,CLOSED,CLOSED_OPERATING_NON_SHELL,OPERATING,operating,CLOSED_UNIQUE,780400.0,2024-06-30,3dc62122738db760b91f407edbe4678912ce2d8b31870f7bd29423c52904be2d,CLOSED_UNIQUE,0.0,NO_FY2022_10K,,,NAF,CLOSED_PF_LT60,2025-03-31,True,DIRECT,
1498547,0001498547-25-000018,20250328,"CIM REAL ESTATE FINANCE TRUST, INC.",4-NON,NAF,CLOSED,CLOSED_OPERATING_NON_SHELL,OPERATING,operating,CLOSED_UNIQUE,2700000000.0,2024-06-30,67bebd0fc413adfd49c832549a87b54a5fe7e1a08d4aef94a3e64b0a91743284,CLOSED_UNIQUE,568859000.0,CLOSED_UNIQUE,452146000.0,,LAF,CLOSED_PF_GE700,2025-03-03,False,LATE,
1498828,0001628280-25-009083,20250228,HOWARD HUGHES CORP,1-LAF,LAF,CLOSED,CLOSED_OPERATING_NON_SHELL,OPERATING,operating,CLOSED_UNIQUE,0.0,2024-06-30,def4636f9d7108bc276d42673aa95e2021a4351faa084a75e503d6e72d24fc79,CLOSED_UNIQUE,1024102000.0,CLOSED_UNIQUE,1608488000.0,,NAF,CLOSED_PF_LT60,2025-03-31,True,DIRECT,
1499200,0001499200-25-000003,20250220,"SABINE PASS LIQUEFACTION, LLC",4-NON,NAF,CLOSED,CLOSED_OPERATING_NON_SHELL,OPERATING,operating,CLOSED_UNIQUE,0.0,2024-06-30,3ea147251942b49a9f66c8b174ba4ad9a910ac1613aec9b34a58be347e415510,CLOSED_UNIQUE,9466000000.0,CLOSED_UNIQUE,16075000000.0,,NAF,CLOSED_PF_LT60,2025-03-31,True,DIRECT,
1499832,0001499832-25-000040,20250317,"TOWNSQUARE MEDIA, INC.",2-ACC,AF,CLOSED,CLOSED_OPERATING_NON_SHELL,OPERATING,operating,CLOSED_UNIQUE,145321862.0,2024-06-30,0db2bb7cad88610b96a1139b0fdf9e6210b89b76ec918a69765c44e2d02b246b,CLOSED_UNIQUE,454231000.0,CLOSED_UNIQUE,463077000.0,,AF,CLOSED_PRIOR_ACC_REV_GE80_REMAIN_AF,2025-03-17,True,DIRECT,
1500435,0001628280-25-013046,20250317,"GOPRO, INC.",2-ACC,AF,CLOSED,CLOSED_OPERATING_NON_SHELL,OPERATING,operating,CLOSED_UNIQUE,178616000.0,2024-06-30,b44e9912085dcd4a94dddb49e8102623f3fbe67b613074ef09ae66a2dc1a4f13,CLOSED_UNIQUE,1005459000.0,CLOSED_UNIQUE,1093541000.0,,AF,CLOSED_PRIOR_ACC_REV_GE80_REMAIN_AF,2025-03-17,True,DIRECT,
1501570,0001501570-25-000039,20250303,"VERITEX HOLDINGS, INC.",1-LAF,LAF,CLOSED,CLOSED_OPERATING_NON_SHELL,OPERATING,operating,CLOSED_UNIQUE,1115575000.0,2024-06-30,1b31b2dec5ad9f3fb6a2077602453bc1eb7fb49cb52a611802ee59561f4bb6fc,NO_WHITELIST_TOPLINE,,NO_WHITELIST_TOPLINE,,,LAF,CLOSED_PF_GE700,2025-03-03,True,DIRECT,
1501585,0001501585-25-000006,20250206,"HUNTINGTON INGALLS INDUSTRIES, INC.",1-LAF,LAF,CLOSED,CLOSED_OPERATING_NON_SHELL,OPERATING,operating,CLOSED_UNIQUE,9671000000.0,2024-06-28,0f9c42f8629cdddf63d086c536f513cf7591aa24a291989e19c1460bd1db8e71,NO_WHITELIST_TOPLINE,,NO_WHITELIST_TOPLINE,,,LAF,CLOSED_PF_GE700,2025-03-03,True,DIRECT,
1501989,0000950170-25-034575,20250306,"CYTOMX THERAPEUTICS, INC.",4-NON,NAF,CLOSED,CLOSED_OPERATING_NON_SHELL,OPERATING,operating,CLOSED_UNIQUE,94400000.0,2024-06-28,f7948675c04d5c94b399b9b679f1c5fd36e85a6a5ff1dd6cc5e53b4c78ea59a0,CLOSED_UNIQUE,101214000.0,CLOSED_UNIQUE,53163000.0,,AF,CLOSED_PRIOR_NON_REV_GE100_ENTER_AF,2025-03-17,True,DIRECT,
1503658,0001641172-25-000792,20250326,LIQUIDVALUE DEVELOPMENT INC.,4-NON,NAF,CLOSED,CLOSED_OPERATING_NON_SHELL,OPERATING,operating,CLOSED_UNIQUE,0.0,2024-06-30,98b085566b63aacf985ec7af4ac68855d0cef174bb69518f2c0104628f6fe730,CLOSED_UNIQUE,18203550.0,CLOSED_UNIQUE,665291.0,,NAF,CLOSED_PF_LT60,2025-03-31,True,DIRECT,
1503707,0001503707-25-000019,20250314,"NORTHSTAR HEALTHCARE INCOME, INC.",4-NON,NAF,CLOSED,CLOSED_OPERATING_NON_SHELL,OPERATING,operating,CLOSED_UNIQUE,0.0,2024-06-30,60c8d8b9e97457f70cede6ac13efb3f96f1776cddf5eeedd8d9b42c7a41d8b84,NO_WHITELIST_TOPLINE,,NO_WHITELIST_TOPLINE,,,NAF,CLOSED_PF_LT60,2025-03-31,True,DIRECT,
1504008,0001504008-25-000005,20250228,"BANKUNITED, INC.",1-LAF,LAF,CLOSED,CLOSED_OPERATING_NON_SHELL,OPERATING,operating,CLOSED_UNIQUE,2158931046.0,2024-06-30,f09079cbabc45d59fd40167ec282541b7e59a3cf4cee99ef73bd3ca896b58a10,NO_WHITELIST_TOPLINE,,NO_WHITELIST_TOPLINE,,,LAF,CLOSED_PF_GE700,2025-03-03,True,DIRECT,
1504776,0001504776-25-000010,20250227,WARBY PARKER INC.,1-LAF,LAF,CLOSED,CLOSED_OPERATING_NON_SHELL,OPERATING,operating,CLOSED_UNIQUE,1410394885.0,2024-06-30,e1c4f309257394f774223b37a6204c9743a8f3f99ad731d0dde813f0dc0f4993,CLOSED_UNIQUE,669765000.0,CLOSED_UNIQUE,598112000.0,,LAF,CLOSED_PF_GE700,2025-03-03,True,DIRECT,
1505155,0001505155-25-000024,20250312,"UPLAND SOFTWARE, INC.",2-ACC,AF,CLOSED,CLOSED_OPERATING_NON_SHELL,OPERATING,operating,CLOSED_UNIQUE,60200000.0,2024-06-28,0587de92749c3679966203d810ca7810edbca4c99e28e652c109354aac690efe,CLOSED_UNIQUE,297852000.0,CLOSED_UNIQUE,317303000.0,,AF,CLOSED_PRIOR_ACC_REV_GE80_REMAIN_AF,2025-03-17,True,DIRECT,
1505497,0001641172-25-001011,20250328,"BIORESTORATIVE THERAPIES, INC.",4-NON,NAF,CLOSED,CLOSED_OPERATING_NON_SHELL,OPERATING,operating,CLOSED_UNIQUE,11463696.0,2024-06-30,e8829e6942bf18ade9bb023c99d77294782cc2e2e2a7a47d1140778f8179fe2f,NO_WHITELIST_TOPLINE,,CLOSED_UNIQUE,119800.0,,NAF,CLOSED_PF_LT60,2025-03-31,True,DIRECT,
1506293,0001506293-25-000022,20250206,"PINTEREST, INC.",1-LAF,LAF,CLOSED,CLOSED_OPERATING_NON_SHELL,OPERATING,operating,CLOSED_UNIQUE,23100000000.0,2024-06-28,9278948c2a8001fd43b9b7c88ff8cbcc88543610c5858490476e1279bc9603ae,CLOSED_UNIQUE,3055071000.0,CLOSED_UNIQUE,2802574000.0,,LAF,CLOSED_PF_GE700,2025-03-03,True,DIRECT,
1506307,0001506307-25-000008,20250213,"KINDER MORGAN, INC.",1-LAF,LAF,CLOSED,CLOSED_OPERATING_NON_SHELL,OPERATING,operating,CLOSED_UNIQUE,38478431485.0,2024-06-28,3ee4ddea530dfe1fef579aa320b1661205e6fca7fa8e4d62194aa2c4dadecb96,CLOSED_UNIQUE,15334000000.0,CLOSED_UNIQUE,19200000000.0,,LAF,CLOSED_PF_GE700,2025-03-03,True,DIRECT,
1506492,0001140361-25-008124,20250311,"NUWELLIS, INC.",4-NON,NAF,CLOSED,CLOSED_OPERATING_NON_SHELL,OPERATING,operating,CLOSED_UNIQUE,1000000.0,2024-06-30,e8d877dab22c8ef9fe8dfd30a8eab122a7e812f0aa1f6392b1aea409f9f55c27,CLOSED_UNIQUE,8864000.0,CLOSED_UNIQUE,8543000.0,,NAF,CLOSED_PF_LT60,2025-03-31,True,DIRECT,
1506983,0001641172-25-001861,20250331,"GLUCOTRACK, INC.",4-NON,NAF,CLOSED,CLOSED_OPERATING_NON_SHELL,OPERATING,operating,CLOSED_UNIQUE,8600000.0,2024-06-28,07028b1c9be8b34ec0c14a36f6d7561aa07e2660eaf20b00878604d30c75fcc8,NO_WHITELIST_TOPLINE,,NO_WHITELIST_TOPLINE,,,NAF,CLOSED_PF_LT60,2025-03-31,True,DIRECT,
1507079,0001507079-25-000013,20250220,"FLOOR & DECOR HOLDINGS, INC.",1-LAF,LAF,CLOSED,CLOSED_OPERATING_NON_SHELL,OPERATING,operating,CLOSED_UNIQUE,10800000000.0,2024-06-27,dd7ec52bbdae856cabc34d412cce00aa7d6138173838c38f5d1d55eb81766bd7,CLOSED_UNIQUE,4413884000.0,CLOSED_UNIQUE,4264473000.0,,LAF,CLOSED_PF_GE700,2025-03-03,True,DIRECT,
1507605,0001507605-25-000003,20250303,"MARA HOLDINGS, INC.",1-LAF,LAF,CLOSED,CLOSED_OPERATING_NON_SHELL,OPERATING,operating,CLOSED_UNIQUE,5700000000.0,2024-06-28,9619cab5b0cdc57d38b9770f201affeaa4cc0dd518b176406677454b67492583,CLOSED_UNIQUE,387508000.0,CLOSED_UNIQUE,117753000.0,,LAF,CLOSED_PF_GE700,2025-03-03,True,DIRECT,
1507957,0001437749-25-009911,20250328,IDEAL POWER INC.,4-NON,NAF,CLOSED,CLOSED_OPERATING_NON_SHELL,OPERATING,operating,CLOSED_UNIQUE,53500000.0,2024-06-30,0ce9aa499cac195f9633999e7655925bd85286561a03d87313e63ea2c21066fa,CLOSED_UNIQUE,198871.0,NO_WHITELIST_TOPLINE,,,NAF,CLOSED_PF_LT60,2025-03-31,True,DIRECT,
1509223,0001410578-25-000746,20250415,"MOATABLE, INC.",4-NON,NAF,CLOSED,CLOSED_OPERATING_NON_SHELL,OPERATING,operating,CLOSED_UNIQUE,11700000.0,2024-06-30,2f4a52ed48fc7b6ba4ec4c982f87f2f421ab6363b904c3d47c1daca9e27559ab,CLOSED_UNIQUE,52073000.0,CLOSED_UNIQUE,45808000.0,2025-04-01,NAF,CLOSED_PF_LT60,2025-03-31,True,12B25,
1509589,0001509589-25-000009,20250224,"CIVITAS RESOURCES, INC.",1-LAF,LAF,CLOSED,CLOSED_OPERATING_NON_SHELL,OPERATING,operating,CLOSED_UNIQUE,6800000000.0,2024-06-30,769ac38d6909ffac110ccc4b843875548dd9c35076413295efb3910ebc1f86c0,NO_WHITELIST_TOPLINE,,NO_WHITELIST_TOPLINE,,,LAF,CLOSED_PF_GE700,2025-03-03,True,DIRECT,
1509745,0001410578-25-000454,20250326,"LEAP THERAPEUTICS, INC.",4-NON,NAF,CLOSED,CLOSED_OPERATING_NON_SHELL,OPERATING,operating,CLOSED_UNIQUE,73500000.0,2024-06-30,f73c6f10a3091e0739b341f600e45760a4f961236d90202be6d9fb53b54a080f,NO_WHITELIST_TOPLINE,,NO_WHITELIST_TOPLINE,,,NAF,CLOSED_PRIOR_NON_PF_LT75,2025-03-31,True,DIRECT,
1509991,0001509991-25-000026,20250224,KOSMOS ENERGY LTD.,1-LAF,LAF,CLOSED,CLOSED_OPERATING_NON_SHELL,OPERATING,operating,CLOSED_UNIQUE,2558615971.0,2024-06-30,6022f891852a8b829efcd67c49457f3cb2d50200cd652b407981815eeb8398d3,NO_WHITELIST_TOPLINE,,NO_WHITELIST_TOPLINE,,,LAF,CLOSED_PF_GE700,2025-03-03,True,DIRECT,
1510295,0001510295-25-000012,20250227,MARATHON PETROLEUM CORP,1-LAF,LAF,CLOSED,CLOSED_OPERATING_NON_SHELL,OPERATING,operating,CLOSED_UNIQUE,59000000000.0,2024-06-30,dcbe77661b73a54009c943c4736fe0925f1bf0285dce88fb5f42b22f2c22892e,CLOSED_UNIQUE,148379000000.0,CLOSED_UNIQUE,177453000000.0,,LAF,CLOSED_PF_GE700,2025-03-03,True,DIRECT,
1510964,0000950170-25-046180,20250327,"CV SCIENCES, INC.",4-NON,NAF,CLOSED,CLOSED_OPERATING_NON_SHELL,OPERATING,operating,CLOSED_UNIQUE,11000000.0,2024-06-30,0ad18f99df8f032034c65aeeab12394bdd07dd75a1bc37b50504fb067960123c,NO_WHITELIST_TOPLINE,,NO_WHITELIST_TOPLINE,,,NAF,CLOSED_PF_LT60,2025-03-31,True,DIRECT,
1511337,0001511337-25-000007,20250226,RLJ LODGING TRUST,1-LAF,LAF,CLOSED,CLOSED_OPERATING_NON_SHELL,OPERATING,operating,CLOSED_UNIQUE,1446298316.0,2024-06-30,5c81b7e50799c88dd550d842b8762ece1f34d497320c4de5aca004959fd97fdb,CLOSED_UNIQUE,1325577000.0,CLOSED_UNIQUE,1193662000.0,,LAF,CLOSED_PF_GE700,2025-03-03,True,DIRECT,
1512673,0001628280-25-007376,20250224,"BLOCK, INC.",1-LAF,LAF,CLOSED,CLOSED_OPERATING_NON_SHELL,OPERATING,operating,CLOSED_UNIQUE,37800000000.0,2024-06-30,0772ef9eaf2a27229ced3e9dbca213bff5fb880feef7161fc915f464eaf6dd00,CLOSED_UNIQUE,21915623000.0,CLOSED_UNIQUE,17531587000.0,,LAF,CLOSED_PF_GE700,2025-03-03,True,DIRECT,
1512762,0001558370-25-003126,20250317,"COHERUS BIOSCIENCES, INC.",2-ACC,AF,CLOSED,CLOSED_OPERATING_NON_SHELL,OPERATING,operating,CLOSED_UNIQUE,170600000.0,2024-06-28,5ce01a1137200e4cdd32fe2660f218a89b77675487bc96317f44bd2334237f04,CLOSED_UNIQUE,257244000.0,CLOSED_UNIQUE,211042000.0,,AF,CLOSED_PRIOR_ACC_REV_GE80_REMAIN_AF,2025-03-17,True,DIRECT,
1513525,0001213900-25-019771,20250304,"ADIAL PHARMACEUTICALS, INC.",4-NON,NAF,CLOSED,CLOSED_OPERATING_NON_SHELL,OPERATING,operating,CLOSED_UNIQUE,4832073.0,2024-06-30,f1d7e101237fe18f53b7ae11c3fd28e54d8bb575be76295c6efb096de0dcc3b1,NO_WHITELIST_TOPLINE,,NO_WHITELIST_TOPLINE,,,NAF,CLOSED_PF_LT60,2025-03-31,True,DIRECT,
1513761,0001558370-25-001743,20250227,NORWEGIAN CRUISE LINE HOLDINGS LTD.,1-LAF,LAF,CLOSED,CLOSED_OPERATING_NON_SHELL,OPERATING,operating,CLOSED_UNIQUE,8200000000.0,2024-06-30,b5717b74f1468671b7aa2ef624f374c803d1ecad7f44d4c167125f87421cf2f9,CLOSED_UNIQUE,8549924000.0,CLOSED_UNIQUE,4843760000.0,,LAF,CLOSED_PF_GE700,2025-03-03,True,DIRECT,
1514056,0001641172-25-001897,20250331,TITAN ENVIRONMENTAL SOLUTIONS INC.,4-NON,NAF,CLOSED,CLOSED_OPERATING_NON_SHELL,OPERATING,operating,CLOSED_UNIQUE,1217609.0,2024-06-28,64ba5eb5b2c41f11281545570d1fb0fad995a1e1c43ca26b0406d04325cf808b,CLOSED_UNIQUE,7624584.0,CLOSED_UNIQUE,1582.0,,NAF,CLOSED_PF_LT60,2025-03-31,True,DIRECT,
1514183,0001013762-25-004139,20250328,"SILO PHARMA, INC.",4-NON,NAF,CLOSED,CLOSED_OPERATING_NON_SHELL,OPERATING,operating,CLOSED_UNIQUE,3431092.0,2024-06-30,c9d78879d915b2efa94d4e0a3720fc5cd5429c6921b5537dac8be7a855f6d76f,NO_WHITELIST_TOPLINE,,NO_WHITELIST_TOPLINE,,,NAF,CLOSED_PF_LT60,2025-03-31,True,DIRECT,
1514416,0001514416-25-000024,20250220,BANDWIDTH INC.,2-ACC,AF,CLOSED,CLOSED_OPERATING_NON_SHELL,OPERATING,operating,CLOSED_UNIQUE,409000000.0,2024-06-30,e0b59acc961ffd66c0185bcab979d130dcac462c88950a4c886b96fca6327c62,CLOSED_UNIQUE,601117000.0,CLOSED_UNIQUE,573152000.0,,AF,CLOSED_PRIOR_ACC_REV_GE80_REMAIN_AF,2025-03-17,True,DIRECT,
1514443,0001829126-25-003553,20250512,"AMERIGUARD SECURITY SERVICES, INC.",4-NON,NAF,CLOSED,CLOSED_OPERATING_NON_SHELL,OPERATING,operating,CLOSED_UNIQUE,3353341.0,2024-06-30,7315a8e0a861ec73eeac97540f2560a2daea0eb72c897ddca221eec1cbe9e2b8,CLOSED_UNIQUE,24350618.0,CLOSED_UNIQUE,24947401.0,2025-03-31,NAF,CLOSED_PF_LT60,2025-03-31,False,LATE,
1514705,0001514705-25-000004,20250221,"SUNCOKE ENERGY, INC.",2-ACC,AF,CLOSED,CLOSED_OPERATING_NON_SHELL,OPERATING,operating,CLOSED_UNIQUE,817532827.0,2024-06-28,0e6a32385fd99cb2b1c27f54f186768c93703b9f142a857eacdaaa8daf0cd180,NO_WHITELIST_TOPLINE,,NO_WHITELIST_TOPLINE,,,LAF,CLOSED_PF_GE700,2025-03-03,True,DIRECT,
1515317,0001683168-25-002076,20250331,MAGELLAN COPPER & GOLD CORP,4-NON,NAF,CLOSED,CLOSED_OPERATING_NON_SHELL,OPERATING,operating,CLOSED_UNIQUE,925992.0,2024-06-30,344ac6b2cb1e852f56fb702d0fdd020f32ab37a78acaf7aebdb14a680d9cf5f5,NO_WHITELIST_TOPLINE,,NO_FY2022_10K,,,NAF,CLOSED_PF_LT60,2025-03-31,True,DIRECT,
1515673,0000950170-25-023312,20250219,ULTRAGENYX PHARMACEUTICAL INC.,1-LAF,LAF,CLOSED,CLOSED_OPERATING_NON_SHELL,OPERATING,operating,CLOSED_UNIQUE,3700000000.0,2024-06-30,852f75bf5fbdd1094611301cfc07feed4f5b983ad659785bf1b84de5bd7cbdab,CLOSED_UNIQUE,434249000.0,CLOSED_UNIQUE,363329000.0,,LAF,CLOSED_PF_GE700,2025-03-03,True,DIRECT,
1515816,0001171520-25-000056,20250303,"PLYMOUTH INDUSTRIAL REIT, INC.",1-LAF,LAF,CLOSED,CLOSED_OPERATING_NON_SHELL,OPERATING,operating,CLOSED_UNIQUE,954174904.0,2024-06-30,7a58c68815e0c0704f87592e67e3a4bfc763073b0aed0e252a52124f51170e06,CLOSED_UNIQUE,199848000.0,CLOSED_UNIQUE,183536000.0,,LAF,CLOSED_PF_GE700,2025-03-03,True,DIRECT,
1516912,0001516912-25-000064,20250227,"ORIGIN BANCORP, INC.",1-LAF,LAF,CLOSED,CLOSED_OPERATING_NON_SHELL,OPERATING,operating,CLOSED_UNIQUE,927700000.0,2024-06-30,44b388d301e173e05770ab1235371acb4b8206ca54b21030f337b4b940c0eba2,NO_WHITELIST_TOPLINE,,NO_WHITELIST_TOPLINE,,,LAF,CLOSED_PF_GE700,2025-03-03,True,DIRECT,
1517022,0001628280-25-012470,20250313,"AKEBIA THERAPEUTICS, INC.",2-ACC,AF,CLOSED,CLOSED_OPERATING_NON_SHELL,OPERATING,operating,CLOSED_UNIQUE,210916948.0,2024-06-28,4ea78498cf46c746eedb4237ae6de8140ead8fefa3c1f5b8c45765f0025d829d,CLOSED_UNIQUE,194623000.0,CLOSED_UNIQUE,292602000.0,,AF,CLOSED_PRIOR_ACC_REV_GE80_REMAIN_AF,2025-03-17,True,DIRECT,
1517175,0001517175-25-000002,20250225,"CHEFS' WAREHOUSE, INC.",1-LAF,LAF,CLOSED,CLOSED_OPERATING_NON_SHELL,OPERATING,operating,CLOSED_UNIQUE,1349783484.0,2024-06-28,208612f9ae1992a204583264103e7d985cabd44b1480447732d098e6d8d6bf12,CLOSED_UNIQUE,3433763000.0,CLOSED_UNIQUE,2613399000.0,,LAF,CLOSED_PF_GE700,2025-03-03,True,DIRECT,
1517228,0000950170-25-027196,20250226,"COMMSCOPE HOLDING COMPANY, INC.",1-LAF,LAF,CLOSED,CLOSED_OPERATING_NON_SHELL,OPERATING,operating,CLOSED_UNIQUE,260100000.0,2024-06-30,218fbe3fd01a1844768f3f7bcb51a43588aa450a09ef7ab1064974b7780210a5,CLOSED_UNIQUE,5789200000.0,CLOSED_UNIQUE,9228100000.0,,AF,CLOSED_PRIOR_LAF_REV_GE100_EXIT_AF,2025-03-17,True,DIRECT,
1517302,0001517302-25-000015,20250225,ARTISAN PARTNERS ASSET MANAGEMENT INC.,1-LAF,LAF,CLOSED,CLOSED_OPERATING_NON_SHELL,OPERATING,operating,CLOSED_UNIQUE,2800000000.0,2024-06-30,a475fcefdee39589921f37bd91e1f2639f414b79fb58e89c685f781cf55f9011,CLOSED_UNIQUE,975131000.0,CLOSED_UNIQUE,993285000.0,,LAF,CLOSED_PF_GE700,2025-03-03,True,DIRECT,
1517375,0001517375-25-000022,20250226,"SPROUT SOCIAL, INC.",1-LAF,LAF,CLOSED,CLOSED_OPERATING_NON_SHELL,OPERATING,operating,CLOSED_UNIQUE,1800000000.0,2024-06-30,87427266c680e1749d15ede1f234d2d94fa81cdd579157b0187d68db2cdb54bd,CLOSED_UNIQUE,333643000.0,CLOSED_UNIQUE,253828000.0,,LAF,CLOSED_PF_GE700,2025-03-03,True,DIRECT,
1517413,0001517413-25-000063,20250226,"FASTLY, INC.",1-LAF,LAF,CLOSED,CLOSED_OPERATING_NON_SHELL,OPERATING,operating,CLOSED_UNIQUE,1000000000.0,2024-06-28,4bb424e98a8b1f8e9ca4705893cd881639eecf0cdb744cffdc5b5fa58ea327a5,CLOSED_UNIQUE,505988000.0,CLOSED_UNIQUE,432725000.0,,LAF,CLOSED_PF_GE700,2025-03-03,True,DIRECT,
1518461,0001641172-25-001715,20250331,"AMPLITECH GROUP, INC.",4-NON,NAF,CLOSED,CLOSED_OPERATING_NON_SHELL,OPERATING,operating,CLOSED_UNIQUE,7110606.0,2024-06-30,39befd959b0e6744deefba9a617613591d3e655af8bbd9fb474a711149974104,CLOSED_UNIQUE,15584577.0,CLOSED_UNIQUE,19394492.0,,NAF,CLOSED_PF_LT60,2025-03-31,True,DIRECT,
1519061,0001558370-25-001736,20250227,TRINSEO PLC,2-ACC,AF,CLOSED,CLOSED_OPERATING_NON_SHELL,OPERATING,operating,CLOSED_UNIQUE,80454191.0,2024-06-30,672532592ae7d8c24171fb7f984a209c82a7e1a2975a1cda0ed67ecce1f4621b,CLOSED_UNIQUE,3675400000.0,CLOSED_UNIQUE,4965500000.0,,AF,CLOSED_PRIOR_ACC_REV_GE80_REMAIN_AF,2025-03-17,True,DIRECT,
1519401,0000950170-25-024903,20250221,REGIONAL MANAGEMENT CORP.,2-ACC,AF,CLOSED,CLOSED_OPERATING_NON_SHELL,OPERATING,operating,CLOSED_UNIQUE,239547871.0,2024-06-28,71ab6dc81fbb85e69fa305c23e153335e7b5d0773493864b9977c591c1469fed,CLOSED_UNIQUE,551399000.0,CLOSED_UNIQUE,507187000.0,,AF,CLOSED_PRIOR_ACC_REV_GE80_REMAIN_AF,2025-03-17,True,DIRECT,
1519449,0001519449-25-000011,20250303,"SKYWARD SPECIALTY INSURANCE GROUP, INC.",4-NON,NAF,CLOSED,CLOSED_OPERATING_NON_SHELL,OPERATING,operating,CLOSED_UNIQUE,1333367336.0,2024-06-30,436f680cd22ea2ad73d1367b8c55f7b540a2429b0f76ed20e5edd9f92e88a7c2,CLOSED_UNIQUE,885969000.0,CLOSED_UNIQUE,642420000.0,,LAF,CLOSED_PF_GE700,2025-03-03,True,DIRECT,
1519751,0000950170-25-026763,20250225,"FORTUNE BRANDS INNOVATIONS, INC.",1-LAF,LAF,CLOSED,CLOSED_OPERATING_NON_SHELL,OPERATING,operating,CLOSED_UNIQUE,8071063938.0,2024-06-29,5230e6cee31347bfc314296dafb002a369d946d1c65b0fa5543464568c05fee6,CLOSED_UNIQUE,4626200000.0,CLOSED_UNIQUE,4723000000.0,,LAF,CLOSED_PF_GE700,2025-03-03,True,DIRECT,
1520006,0001520006-25-000066,20250225,MATADOR RESOURCES CO,1-LAF,LAF,CLOSED,CLOSED_OPERATING_NON_SHELL,OPERATING,operating,CLOSED_UNIQUE,6917323570.0,2024-06-30,ada8137d2cfed9671355ec26fbedb9a4e15b637df4cf23e827e14f271dbc43de,CONFLICTING_WHITELIST_VALUES,,CONFLICTING_WHITELIST_VALUES,,,LAF,CLOSED_PF_GE700,2025-03-03,True,DIRECT,
1520262,0000950170-25-019011,20250212,ALKERMES PLC.,1-LAF,LAF,CLOSED,CLOSED_OPERATING_NON_SHELL,OPERATING,operating,CLOSED_UNIQUE,3943314276.0,2024-06-30,fd32442e2203fb21afad12b29f3d3750735036fc06d9d21013985f34d0ced6e3,CLOSED_UNIQUE,1663405000.0,CLOSED_UNIQUE,1111795000.0,,LAF,CLOSED_PF_GE700,2025-03-03,True,DIRECT,
1520697,0000950170-25-029095,20250227,"ACADIA HEALTHCARE COMPANY, INC.",1-LAF,LAF,CLOSED,CLOSED_OPERATING_NON_SHELL,OPERATING,operating,CLOSED_UNIQUE,6100000000.0,2024-06-30,cecb8eac43922f30925195ac92355d04aeb4408d3259a9d89a8e7bfa685d9b6a,CLOSED_UNIQUE,2928738000.0,CLOSED_UNIQUE,2610399000.0,,LAF,CLOSED_PF_GE700,2025-03-03,True,DIRECT,
1521036,0001628280-25-007970,20250226,"LANTHEUS HOLDINGS, INC.",1-LAF,LAF,CLOSED,CLOSED_OPERATING_NON_SHELL,OPERATING,operating,CLOSED_UNIQUE,4238400000.0,2024-06-30,f092fa850bea889d42d0679eae42643c3ab9366a6fd4e5684ec6c30bfce7f13b,CLOSED_UNIQUE,1296429000.0,CLOSED_UNIQUE,935061000.0,,LAF,CLOSED_PF_GE700,2025-03-03,True,DIRECT,
1521332,0001521332-25-000010,20250207,APTIV PLC,1-LAF,LAF,CLOSED,CLOSED_OPERATING_NON_SHELL,OPERATING,operating,CLOSED_UNIQUE,18718930601.0,2024-06-30,fd780441f9f4c46d589f11e0590ef4367c6c2a06337e55ee5dca08eda3aa6006,CLOSED_UNIQUE,20051000000.0,CLOSED_UNIQUE,17489000000.0,,LAF,CLOSED_PF_GE700,2025-03-03,True,DIRECT,
1522540,0001628280-25-008232,20250226,"MARQETA, INC.",1-LAF,LAF,CLOSED,CLOSED_OPERATING_NON_SHELL,OPERATING,operating,CLOSED_UNIQUE,2500000000.0,2024-06-30,90656e5487f8d458ded3d24e1927044d496c45a8fd4091786992a9a5410cb107,CLOSED_UNIQUE,676171000.0,CLOSED_UNIQUE,748206000.0,,LAF,CLOSED_PF_GE700,2025-03-03,True,DIRECT,
1522727,0001522727-25-000010,20250211,"USA COMPRESSION PARTNERS, LP",1-LAF,LAF,CLOSED,CLOSED_OPERATING_NON_SHELL,OPERATING,operating,CLOSED_UNIQUE,1700000000.0,2024-06-30,998ed2b435ae949f58fb1eb050962f4e1252c6e222477f384e944b770e8fcff5,CLOSED_UNIQUE,846178000.0,CLOSED_UNIQUE,704598000.0,,LAF,CLOSED_PF_GE700,2025-03-03,True,DIRECT,
1522767,0001522767-25-000014,20250306,MARIMED INC.,2-ACC,AF,CLOSED,CLOSED_OPERATING_NON_SHELL,OPERATING,operating,CLOSED_UNIQUE,51700000.0,2024-06-28,9e2447ad31f7a559a96a880f2e3cf097c75fadb73dfa93a16302c1de8fa75477,CLOSED_UNIQUE,148598000.0,CLOSED_UNIQUE,134010000.0,,NAF,CLOSED_PF_LT60,2025-03-31,True,DIRECT,
1522860,0001628280-25-014559,20250324,"ACUTUS MEDICAL, INC.",4-NON,NAF,CLOSED,CLOSED_OPERATING_NON_SHELL,OPERATING,operating,CLOSED_UNIQUE,1100000.0,2024-06-28,80160a3b8e134389ba1caa0b9549fb5557ed52faec793dd8be6421a404ce15d0,CLOSED_UNIQUE,7164000.0,CLOSED_UNIQUE,16363000.0,,NAF,CLOSED_PF_LT60,2025-03-31,True,DIRECT,
1524358,0001524358-25-000044,20250228,MARRIOTT VACATIONS WORLDWIDE CORP,1-LAF,LAF,CLOSED,CLOSED_OPERATING_NON_SHELL,OPERATING,operating,CLOSED_UNIQUE,3020049083.0,2024-06-30,7f91da1716e1b3d63c84b4367f31a505d9c3b33ec07e6150752abef682a7ccdd,CLOSED_UNIQUE,4727000000.0,CLOSED_UNIQUE,4656000000.0,,LAF,CLOSED_PF_GE700,2025-03-03,True,DIRECT,
1524472,0001524472-25-000013,20250303,XYLEM INC.,1-LAF,LAF,CLOSED,CLOSED_OPERATING_NON_SHELL,OPERATING,operating,CLOSED_UNIQUE,32800000000.0,2024-06-30,2ba32d1fa021d164a3a0c37014a66dedf7512abd3ef6912ec382feae66c32d6b,CLOSED_UNIQUE,7364000000.0,CLOSED_UNIQUE,5522000000.0,,LAF,CLOSED_PF_GE700,2025-03-03,True,DIRECT,
1525221,0001525221-25-000016,20250227,BRISTOW GROUP INC.,2-ACC,AF,CLOSED,CLOSED_OPERATING_NON_SHELL,OPERATING,operating,CLOSED_UNIQUE,820568000.0,2024-06-30,9ed94280757cd2c2524eb8b4d0febb901109530ad01650d47baf95328adae995,NO_WHITELIST_TOPLINE,,NO_FY2022_10K,,,LAF,CLOSED_PF_GE700,2025-03-03,True,DIRECT,
1526113,0001526113-25-000007,20250227,"GLOBAL NET LEASE, INC.",1-LAF,LAF,CLOSED,CLOSED_OPERATING_NON_SHELL,OPERATING,operating,CLOSED_UNIQUE,1700000000.0,2024-06-30,1ba03a6a2efb91176ab4e951a4bf47a34bc92012d140797d99f83d1802b01949,NO_WHITELIST_TOPLINE,,NO_WHITELIST_TOPLINE,,,LAF,CLOSED_PF_GE700,2025-03-03,True,DIRECT,
1526520,0000950170-25-023736,20250220,"TRIPADVISOR, INC.",1-LAF,LAF,CLOSED,CLOSED_OPERATING_NON_SHELL,OPERATING,operating,CLOSED_UNIQUE,1903322909.0,2024-06-30,41d4df7813fd980b6562d4c75c58d861c6ba0a44e700d0ea4d0284d038db1b38,NO_WHITELIST_TOPLINE,,CLOSED_UNIQUE,1492000000.0,,LAF,CLOSED_PF_GE700,2025-03-03,True,DIRECT,
1527166,0001527166-25-000006,20250227,CARLYLE GROUP INC.,1-LAF,LAF,CLOSED,CLOSED_OPERATING_NON_SHELL,OPERATING,operating,CLOSED_UNIQUE,10349383795.0,2024-06-30,859b0a16c25b528b5200974f9753939298e38813ae917df4fa3e7ba3c872b62a,CLOSED_UNIQUE,2963900000.0,CLOSED_UNIQUE,4438700000.0,,LAF,CLOSED_PF_GE700,2025-03-03,True,DIRECT,
1527469,0001527469-25-000016,20250224,ATHENE HOLDING LTD.,4-NON,NAF,CLOSED,CLOSED_OPERATING_NON_SHELL,OPERATING,operating,CLOSED_UNIQUE,0.0,2024-06-30,f8cc70022ec4129c00a445411afe89ff812a597537a54326df0c0d117df2f3cd,NO_WHITELIST_TOPLINE,,CLOSED_UNIQUE,7623000000.0,,NAF,CLOSED_PF_LT60,2025-03-31,True,DIRECT,
1527541,0001527541-25-000038,20250304,"WHEELER REAL ESTATE INVESTMENT TRUST, INC.",4-NON,NAF,CLOSED,CLOSED_OPERATING_NON_SHELL,OPERATING,operating,CLOSED_UNIQUE,4414166.0,2024-06-30,699a49398973bb5584ace7de53f39bc858c0ae6908d61bf85e6ae96df420ac06,CLOSED_UNIQUE,102325000.0,CLOSED_UNIQUE,76645000.0,,NAF,CLOSED_PF_LT60,2025-03-31,True,DIRECT,
1527590,0001628280-25-009464,20250303,READY CAPITAL CORP,1-LAF,LAF,CLOSED,CLOSED_OPERATING_NON_SHELL,OPERATING,operating,CLOSED_UNIQUE,1313400000.0,2024-06-30,dcb3596d135a7c3dc1602b7200433cd7904478b9b0a63c6f9e7db8d51a33a69c,NO_WHITELIST_TOPLINE,,NO_WHITELIST_TOPLINE,,,LAF,CLOSED_PF_GE700,2025-03-03,True,DIRECT,
1527702,0001663577-25-000086,20250331,IQSTEL INC,4-NON,NAF,CLOSED,CLOSED_OPERATING_NON_SHELL,OPERATING,operating,CLOSED_UNIQUE,30555138.0,2024-06-30,b242250a3207b79b0d56301cd3dfbbf89cacc4f137ecf1bc67afa3a0e2203751,CLOSED_UNIQUE,144502351.0,CLOSED_UNIQUE,93203532.0,,NAF,CLOSED_PF_LT60,2025-03-31,True,DIRECT,
1527753,0000950170-25-029221,20250227,"PERSONALIS, INC.",4-NON,NAF,CLOSED,CLOSED_OPERATING_NON_SHELL,OPERATING,operating,CLOSED_UNIQUE,71600000000.0,2024-06-28,19cd0d784ea908bc66ca8e5f280dd485224a263f04b567555528792d85f0b939,CLOSED_UNIQUE,73481000.0,CLOSED_UNIQUE,65047000.0,,LAF,CLOSED_PF_GE700,2025-03-03,True,DIRECT,
1528129,0001528129-25-000045,20250224,"VITAL ENERGY, INC.",1-LAF,LAF,CLOSED,CLOSED_OPERATING_NON_SHELL,OPERATING,operating,CLOSED_UNIQUE,1700000000.0,2024-06-30,a8ce6121392c55775f40eb516eb09d1796748012e630886e7d266de4c7c9c247,CLOSED_UNIQUE,1547604000.0,CLOSED_UNIQUE,1920796000.0,,LAF,CLOSED_PF_GE700,2025-03-03,True,DIRECT,
1528356,0001213900-25-024009,20250314,GENIE ENERGY LTD.,2-ACC,AF,CLOSED,CLOSED_OPERATING_NON_SHELL,OPERATING,operating,CLOSED_UNIQUE,288800000.0,2024-06-28,30764a05f23fc0ba95bbf41292e38c9f3d37a9e23bccea28974530ebfe631c8b,CLOSED_UNIQUE,428708000.0,CLOSED_UNIQUE,315539000.0,,AF,CLOSED_PRIOR_ACC_REV_GE80_REMAIN_AF,2025-03-17,True,DIRECT,
1529113,0001213900-25-032213,20250415,"XTI AEROSPACE, INC.",4-NON,NAF,CLOSED,CLOSED_OPERATING_NON_SHELL,OPERATING,operating,CLOSED_UNIQUE,10996269.0,2024-06-28,2bff1268fe66c68eb1ef7a43e6b68df76b2f034d082e97e6843f29a1e19cdf1a,CLOSED_UNIQUE,4562000.0,CLOSED_UNIQUE,19418000.0,2025-03-31,NAF,CLOSED_PF_LT60,2025-03-31,True,12B25,
1529274,0001529274-25-000031,20250228,"ALKAMI TECHNOLOGY, INC.",2-ACC,AF,CLOSED,CLOSED_OPERATING_NON_SHELL,OPERATING,operating,CLOSED_UNIQUE,1400000000.0,2024-06-28,acfd71438b207a209b1fbae7864986ff8a42dfafd0c5e5a8722168bade09c67a,CLOSED_UNIQUE,264831000.0,CLOSED_UNIQUE,204270000.0,,LAF,CLOSED_PF_GE700,2025-03-03,True,DIRECT,
1529377,0001628280-25-005002,20250212,ARES COMMERCIAL REAL ESTATE CORP,2-ACC,AF,CLOSED,CLOSED_OPERATING_NON_SHELL,OPERATING,operating,CLOSED_UNIQUE,326958449.0,2024-06-28,6228676782bb0b9ef27f5b2dd77036eb21fb6164bcff34764189f235df69523c,CLOSED_UNIQUE,92926000.0,CLOSED_UNIQUE,106849000.0,,AF,CLOSED_PRIOR_ACC_REV_GE80_REMAIN_AF,2025-03-17,True,DIRECT,
1529628,0001529628-25-000022,20250304,"SMART SAND, INC.",4-NON,NAF,CLOSED,CLOSED_OPERATING_NON_SHELL,OPERATING,operating,CLOSED_UNIQUE,59961260.0,2024-06-30,b2a12434b7beddf848157f79fe0b1732624198a668592ee4159c15d0255793c9,CLOSED_UNIQUE,295973000.0,CLOSED_UNIQUE,255740000.0,,NAF,CLOSED_PF_LT60,2025-03-31,True,DIRECT,
1529864,0000950170-25-022244,20250218,"ENOVA INTERNATIONAL, INC.",1-LAF,LAF,CLOSED,CLOSED_OPERATING_NON_SHELL,OPERATING,operating,CLOSED_UNIQUE,1578803860000.0,2024-06-30,91d36b6083e18fb166a2dec0f08c1b29843258461b9f7ae4a388f36a6077ee4f,CONFLICTING_WHITELIST_VALUES,,CONFLICTING_WHITELIST_VALUES,,,LAF,CLOSED_PF_GE700,2025-03-03,True,DIRECT,
1530766,0001641172-25-004816,20250415,"BIOSIG TECHNOLOGIES, INC.",4-NON,NAF,CLOSED,CLOSED_OPERATING_NON_SHELL,OPERATING,operating,CLOSED_UNIQUE,4273084.0,2024-06-30,05bc3e4f907b14e10d688bca3398e7edf93230590adaeb223c793a941fcad960,CLOSED_UNIQUE,18000.0,CLOSED_UNIQUE,286000.0,2025-03-31,NAF,CLOSED_PF_LT60,2025-03-31,True,12B25,
1530804,0001530804-25-000004,20250219,TRONOX HOLDINGS PLC,1-LAF,LAF,CLOSED,CLOSED_OPERATING_NON_SHELL,OPERATING,operating,CLOSED_UNIQUE,1888016423.0,2024-06-30,fcf338f7df9b26b33e1fbb82321c552415418cc8ae1f4add52ed9f44acfaaed4,CLOSED_UNIQUE,2850000000.0,CLOSED_UNIQUE,3454000000.0,,LAF,CLOSED_PF_GE700,2025-03-03,True,DIRECT,
1530979,0001530979-25-000016,20250226,"HONEST COMPANY, INC.",2-ACC,AF,CLOSED,CLOSED_OPERATING_NON_SHELL,OPERATING,operating,CLOSED_UNIQUE,236159476.0,2024-06-28,14f953840db25e2fe62d437095eeb5b5f116b32fecd5e3604063ba2c57220ebb,CLOSED_UNIQUE,344365000.0,CLOSED_UNIQUE,313651000.0,,AF,CLOSED_PRIOR_ACC_REV_GE80_REMAIN_AF,2025-03-17,True,DIRECT,
1532286,0001532286-25-000008,20250306,"NINE ENERGY SERVICE, INC.",2-ACC,AF,CLOSED,CLOSED_OPERATING_NON_SHELL,OPERATING,operating,CLOSED_UNIQUE,50112683.0,2024-06-30,3905c66e99fa811a0aa6f5636f7ab01f60b8b0e462de609343cc5ad47bdf6453,CLOSED_UNIQUE,609526000.0,CLOSED_UNIQUE,593382000.0,,NAF,CLOSED_PF_LT60,2025-03-31,True,DIRECT,
1532619,0001641172-25-001515,20250331,POWER REIT,4-NON,NAF,CLOSED,CLOSED_OPERATING_NON_SHELL,OPERATING,operating,CLOSED_UNIQUE,2498000.0,2024-06-30,f48afe3ec1b97c4ba9b6ea7ebde84d1e49126187a56594fdfdc587598051dcf2,CLOSED_UNIQUE,2357695.0,CLOSED_UNIQUE,8517720.0,,NAF,CLOSED_PF_LT60,2025-03-31,True,DIRECT,
1532961,0001628280-25-007077,20250221,"NV5 GLOBAL, INC.",1-LAF,LAF,CLOSED,CLOSED_OPERATING_NON_SHELL,OPERATING,operating,CLOSED_UNIQUE,1300000000.0,2024-06-29,d9c048ef3259447b8f003e9ea89529d683ae19c230294c39e675c3f894dcddce,NO_WHITELIST_TOPLINE,,NO_WHITELIST_TOPLINE,,,LAF,CLOSED_PF_GE700,2025-03-03,True,DIRECT,
1533040,0001683168-25-002134,20250331,PHIO PHARMACEUTICALS CORP.,4-NON,NAF,CLOSED,CLOSED_OPERATING_NON_SHELL,OPERATING,operating,CLOSED_UNIQUE,3200000.0,2024-06-28,0a7a1b9f0134b9c73df83a7e5be198cc88e09a4330d2b0305fc8ca593254e021,NO_WHITELIST_TOPLINE,,NO_WHITELIST_TOPLINE,,,NAF,CLOSED_PF_LT60,2025-03-31,True,DIRECT,
1533615,0001558370-25-001938,20250228,GLOBAL MEDICAL REIT INC.,1-LAF,LAF,CLOSED,CLOSED_OPERATING_NON_SHELL,OPERATING,operating,CLOSED_UNIQUE,561000000.0,2024-06-30,9ee8effbaf7beaf199fb8b16c7187e16d73409eca3030e0e0c5e618441bb4a26,CLOSED_UNIQUE,141049000.0,CLOSED_UNIQUE,137283000.0,,LAF,CLOSED_PRIOR_LAF_PF_GE560,2025-03-03,True,DIRECT,
1533743,0001641172-25-000070,20250320,"PROCESSA PHARMACEUTICALS, INC.",4-NON,NAF,CLOSED,CLOSED_OPERATING_NON_SHELL,OPERATING,operating,CLOSED_UNIQUE,5800000.0,2024-06-28,e5fb9f2fb907b6df25911d146c8febc98e465b3fd3f54170370e7809f86f1a83,NO_WHITELIST_TOPLINE,,NO_WHITELIST_TOPLINE,,,NAF,CLOSED_PF_LT60,2025-03-31,True,DIRECT,
1533758,0001558370-25-002821,20250312,HUGHES SATELLITE SYSTEMS CORP,4-NON,NAF,CLOSED,CLOSED_OPERATING_NON_SHELL,OPERATING,operating,CLOSED_UNIQUE,0.0,2024-06-30,27944c67f8d3e3184ca462b6e554f2c4099e22fc669fd3dfddcbfd0c61aaa96b,CLOSED_UNIQUE,1747856000.0,CLOSED_UNIQUE,2003343000.0,,NAF,CLOSED_PF_LT60,2025-03-31,True,DIRECT,
1533998,0001558370-25-002527,20250310,DARIOHEALTH CORP.,4-NON,NAF,CLOSED,CLOSED_OPERATING_NON_SHELL,OPERATING,operating,CLOSED_UNIQUE,31031352.0,2024-06-28,d8a4bb4e351268d4bedb81db8f22a149a6d4c1cf05678f5350226245ed201e55,CLOSED_UNIQUE,20352000.0,CLOSED_UNIQUE,27656000.0,,NAF,CLOSED_PF_LT60,2025-03-31,True,DIRECT,
1534120,0001628280-25-013986,20250320,"AVALO THERAPEUTICS, INC.",4-NON,NAF,CLOSED,CLOSED_OPERATING_NON_SHELL,OPERATING,operating,CLOSED_UNIQUE,12900000.0,2024-06-28,ac348554e749c7a6b6dc010d7ba505d1a0c6eaf18a8c5f3ae0cebfb0e4b3822b,NO_WHITELIST_TOPLINE,,CLOSED_UNIQUE,18051000.0,,NAF,CLOSED_PF_LT60,2025-03-31,True,DIRECT,
1534133,0000950170-25-046035,20250327,"CALCIMEDICA, INC.",4-NON,NAF,CLOSED,CLOSED_OPERATING_NON_SHELL,OPERATING,operating,CLOSED_UNIQUE,27900000.0,2024-06-30,7ac49d65221021372d1636abf9fe5a43dbabe9492b9f9939315fc0e4c09c2e3d,NO_WHITELIST_TOPLINE,,NO_WHITELIST_TOPLINE,,,NAF,CLOSED_PF_LT60,2025-03-31,True,DIRECT,
1534504,0001534504-25-000011,20250213,PBF ENERGY INC.,1-LAF,LAF,CLOSED,CLOSED_OPERATING_NON_SHELL,OPERATING,operating,CLOSED_UNIQUE,5300000000.0,2024-06-30,2059ff531bb2c2bf74adce16706624d4d9af48b00e9a9a3f21638e4967c19808,CLOSED_UNIQUE,38324800000.0,CLOSED_UNIQUE,46830300000.0,,LAF,CLOSED_PF_GE700,2025-03-03,True,DIRECT,
1534675,0001493152-25-008697,20250228,TECNOGLASS INC.,1-LAF,LAF,CLOSED,CLOSED_OPERATING_NON_SHELL,OPERATING,operating,CLOSED_UNIQUE,1064449021.0,2024-06-28,019907e8527bdc48db962165a48110983112b4e9340a9922d95e919bf2281c3c,CLOSED_UNIQUE,833265000.0,CLOSED_UNIQUE,716570000.0,,LAF,CLOSED_PF_GE700,2025-03-03,True,DIRECT,
1534701,0001534701-25-000074,20250221,PHILLIPS 66,1-LAF,LAF,CLOSED,CLOSED_OPERATING_NON_SHELL,OPERATING,operating,CLOSED_UNIQUE,59000000000.0,2024-06-28,210177efbdd6fdbf75827702fb06c63f1f9965f4b49b1299ceb4b52a9abfd5a3,CLOSED_UNIQUE,147399000000.0,CLOSED_UNIQUE,169990000000.0,,LAF,CLOSED_PF_GE700,2025-03-03,True,DIRECT,
1535929,0001535929-25-000017,20250221,"VOYA FINANCIAL, INC.",1-LAF,LAF,CLOSED,CLOSED_OPERATING_NON_SHELL,OPERATING,operating,CLOSED_UNIQUE,7000000000.0,2024-06-28,4c169ba6b198f6b75eefc3173352c2f5685ee065168537c8231b1c8e82a76cc3,CLOSED_UNIQUE,7348000000.0,CLOSED_UNIQUE,5922000000.0,,LAF,CLOSED_PF_GE700,2025-03-03,True,DIRECT,
1535955,0001493152-25-010146,20250313,LIPOCINE INC.,4-NON,NAF,CLOSED,CLOSED_OPERATING_NON_SHELL,OPERATING,operating,CLOSED_UNIQUE,42800000.0,2024-06-28,233d7de261e2d1478201b042883f4216c61c54ff191e94fef7656c290fa49e6d,NO_WHITELIST_TOPLINE,,CLOSED_UNIQUE,500000.0,,NAF,CLOSED_PF_LT60,2025-03-31,True,DIRECT,
1537054,0000950170-25-039384,20250314,GOGO INC.,1-LAF,LAF,CLOSED,CLOSED_OPERATING_NON_SHELL,OPERATING,operating,CLOSED_UNIQUE,606001482.0,2024-06-28,d0092f5a01669a589a4e432046004b01fac7bae926545894d6eed29dad1d20d8,CLOSED_UNIQUE,397577000.0,CLOSED_UNIQUE,404067000.0,2025-02-26,LAF,CLOSED_PRIOR_LAF_PF_GE560,2025-03-03,True,12B25,
1537435,0001537435-25-000018,20250318,TECOGEN INC.,4-NON,NAF,CLOSED,CLOSED_OPERATING_NON_SHELL,OPERATING,operating,CLOSED_UNIQUE,13555089.0,2024-06-30,3e4972c565a18c52af6fcda0683eca248150562140df9c716795032852f35afc,CLOSED_UNIQUE,25139419.0,CLOSED_UNIQUE,25002614.0,,NAF,CLOSED_PF_LT60,2025-03-31,True,DIRECT,
1538849,0000950170-25-028082,20250227,CROSSAMERICA PARTNERS LP,2-ACC,AF,CLOSED,CLOSED_OPERATING_NON_SHELL,OPERATING,operating,CLOSED_UNIQUE,364400000.0,2024-06-30,71e346d691ab25f89364dbe3f7866e23c80a51ae1c5b8ab03bbfe9554070a3af,CLOSED_UNIQUE,4386263000.0,CLOSED_UNIQUE,4967424000.0,,AF,CLOSED_PRIOR_ACC_REV_GE80_REMAIN_AF,2025-03-17,True,DIRECT,
1538990,0000950170-25-033855,20250305,STORE CAPITAL LLC,4-NON,NAF,CLOSED,CLOSED_OPERATING_NON_SHELL,OPERATING,operating,CLOSED_UNIQUE,0.0,2024-06-30,61ecab8ea02c3e39ad46076bf4aed57b77154365725f6800fff21d310d079d5e,CLOSED_UNIQUE,951900000.0,CLOSED_UNIQUE,910172000.0,,NAF,CLOSED_PF_LT60,2025-03-31,True,DIRECT,
1539638,0001628280-25-004879,20250211,"TRIUMPH FINANCIAL, INC.",1-LAF,LAF,CLOSED,CLOSED_OPERATING_NON_SHELL,OPERATING,operating,CLOSED_UNIQUE,1801400000.0,2024-06-30,4a1519580c3f4d2cb49347d6e0184cf9ab731e9160824c431966cbb650feddf2,NO_WHITELIST_TOPLINE,,NO_WHITELIST_TOPLINE,,,LAF,CLOSED_PF_GE700,2025-03-03,True,DIRECT,
1539838,0001539838-25-000021,20250226,"DIAMONDBACK ENERGY, INC.",1-LAF,LAF,CLOSED,CLOSED_OPERATING_NON_SHELL,OPERATING,operating,CLOSED_UNIQUE,35500000000.0,2024-06-30,3031b2432ba16950c15aef864fa2378807626d66646430b35a8b39490aee6c6c,CLOSED_UNIQUE,8412000000.0,CONFLICTING_WHITELIST_VALUES,,,LAF,CLOSED_PF_GE700,2025-03-03,True,DIRECT,
1539850,0001641172-25-005354,20250418,"STARCO BRANDS, INC.",4-NON,NAF,CLOSED,CLOSED_OPERATING_NON_SHELL,OPERATING,operating,CLOSED_UNIQUE,36624788.0,2024-06-30,feeb1569e9ced0bca523f64b8a0aeae73eef4f6393bcb49efabe6d7ece8fd8e2,NO_WHITELIST_TOPLINE,,NO_WHITELIST_TOPLINE,,2025-03-31,NAF,CLOSED_PF_LT60,2025-03-31,False,LATE,
1541119,0001541119-25-000009,20250318,"SOUND FINANCIAL BANCORP, INC.",4-NON,NAF,CLOSED,CLOSED_OPERATING_NON_SHELL,OPERATING,operating,CLOSED_UNIQUE,57000000.0,2024-06-28,7294c40eb3e4bcba0b21efffecd9d00eeccef845f818ba25fddf041431cd00cf,NO_WHITELIST_TOPLINE,,NO_WHITELIST_TOPLINE,,,NAF,CLOSED_PF_LT60,2025-03-31,True,DIRECT,
1541157,0000950170-25-054278,20250415,AKARI THERAPEUTICS PLC,4-NON,NAF,CLOSED,CLOSED_OPERATING_NON_SHELL,OPERATING,operating,CLOSED_UNIQUE,14000000.0,2024-06-30,29fe6ca3305c387cf9df180a4d2f7e536830fb7df95530c301d77932435e0854,NO_WHITELIST_TOPLINE,,NO_FY2022_10K,,2025-03-31,NAF,CLOSED_PF_LT60,2025-03-31,True,12B25,
1541401,0001541401-25-000003,20250228,"EMPIRE STATE REALTY TRUST, INC.",1-LAF,LAF,CLOSED,CLOSED_OPERATING_NON_SHELL,OPERATING,operating,CLOSED_UNIQUE,1542854000.0,2024-06-30,60e3600eb46e72ed107d143a2b0c95a6991ae9d54140216cf74e1f901d5b1e8a,CLOSED_UNIQUE,739572000.0,CLOSED_UNIQUE,727041000.0,,LAF,CLOSED_PF_GE700,2025-03-03,True,DIRECT,
1542447,0001542447-25-000019,20250313,"RREEF PROPERTY TRUST, INC.",4-NON,NAF,CLOSED,CLOSED_OPERATING_NON_SHELL,OPERATING,operating,CLOSED_UNIQUE,0.0,2024-06-30,f36b8397ab78e7f9f860b0b5f36be482fbd270a579620c5c461b84e592acd7fc,CLOSED_UNIQUE,41950000.0,CLOSED_UNIQUE,42486000.0,,NAF,CLOSED_PF_LT60,2025-03-31,True,DIRECT,
1543151,0001543151-25-000008,20250214,"UBER TECHNOLOGIES, INC",1-LAF,LAF,CLOSED,CLOSED_OPERATING_NON_SHELL,OPERATING,operating,CLOSED_UNIQUE,147000000000.0,2024-06-28,5fad018227f1599f3b21c20f3d7ffac3b2e18a673d367b1ff2ba2ea70942713c,CLOSED_UNIQUE,37281000000.0,CLOSED_UNIQUE,31877000000.0,,LAF,CLOSED_PF_GE700,2025-03-03,True,DIRECT,
1543623,0001213900-25-057524,20250625,US NUCLEAR CORP.,4-NON,NAF,CLOSED,CLOSED_OPERATING_NON_SHELL,OPERATING,operating,CLOSED_UNIQUE,2914814.0,2024-06-30,1b9354a16d4556ac6b519d47ab049d96dd90c6fe0431396a774767f7e7b7cdb9,CLOSED_UNIQUE,2231095.0,CLOSED_UNIQUE,2091366.0,2025-03-31,NAF,CLOSED_PF_LT60,2025-03-31,False,LATE,
1543637,0001548123-25-000021,20250331,"NU-MED PLUS, INC.",4-NON,NAF,CLOSED,CLOSED_OPERATING_NON_SHELL,OPERATING,operating,CLOSED_UNIQUE,3235074.0,2024-06-30,8818ff19a1e2a69cebc0f840661a356f9f1efe856e72df3af7e07045e797028b,NO_WHITELIST_TOPLINE,,NO_WHITELIST_TOPLINE,,,NAF,CLOSED_PF_LT60,2025-03-31,True,DIRECT,
1543652,0001096906-25-000495,20250414,"FREE FLOW USA, INC.",4-NON,NAF,CLOSED,CLOSED_OPERATING_NON_SHELL,OPERATING,operating,CLOSED_UNIQUE,0.0,2024-06-30,3b8231307efe1d4ef2eb78ac9d02fcef0c1b6148133fdf933d1e211ae8edfe28,CLOSED_UNIQUE,4032.0,CLOSED_UNIQUE,195137.0,2025-04-01,NAF,CLOSED_PF_LT60,2025-03-31,True,12B25,
1544190,0001493152-25-010927,20250319,"SHEPHERD'S FINANCE, LLC",4-NON,NAF,CLOSED,CLOSED_OPERATING_NON_SHELL,OPERATING,operating,CLOSED_UNIQUE,0.0,2024-06-30,73a4be4178623b1ebf2f946836eb1cabb3bbfcfcef77e569258ec90455cba23d,NO_WHITELIST_TOPLINE,,NO_WHITELIST_TOPLINE,,,NAF,CLOSED_PF_LT60,2025-03-31,True,DIRECT,
1544522,0001544522-25-000010,20250220,FRESHWORKS INC.,1-LAF,LAF,CLOSED,CLOSED_OPERATING_NON_SHELL,OPERATING,operating,CLOSED_UNIQUE,2560000000.0,2024-06-28,c2564e49b7a46f03c0b986c27bb2414cfcd671f2a315d12fbd0eebd9cf3eee52,CLOSED_UNIQUE,596432000.0,CLOSED_UNIQUE,497999000.0,,LAF,CLOSED_PF_GE700,2025-03-03,True,DIRECT,
1545654,0001545654-25-000005,20250228,"ALEXANDER & BALDWIN, INC.",1-LAF,LAF,CLOSED,CLOSED_OPERATING_NON_SHELL,OPERATING,operating,CLOSED_UNIQUE,1231665338.0,2024-06-28,dc2ccc04ff689d2aabe74e7693381b5d09a3a4c82015dcebd8492e48c76ba3f0,CLOSED_UNIQUE,208900000.0,CLOSED_UNIQUE,230500000.0,,LAF,CLOSED_PF_GE700,2025-03-03,True,DIRECT,
1546296,0001437749-25-010108,20250331,"PROFESSIONAL DIVERSITY NETWORK, INC.",4-NON,NAF,CLOSED,CLOSED_OPERATING_NON_SHELL,OPERATING,operating,CLOSED_UNIQUE,5867917.0,2024-06-30,0aceba108dcf1703484af87da30b7618cb92d0403575d875f7c149572a890c46,CLOSED_UNIQUE,7699037.0,CLOSED_UNIQUE,8314088.0,,NAF,CLOSED_PF_LT60,2025-03-31,True,DIRECT,
1546417,0001546417-25-000034,20250226,"BLOOMIN' BRANDS, INC.",1-LAF,LAF,CLOSED,CLOSED_OPERATING_NON_SHELL,OPERATING,operating,CLOSED_UNIQUE,1600000000.0,2024-06-28,35174441fc697d0d6921acb996348ec60130d3769c8afd4380ca25c4db0492a1,NO_WHITELIST_TOPLINE,,NO_WHITELIST_TOPLINE,,,LAF,CLOSED_PF_GE700,2025-03-03,True,DIRECT,
1547546,0001628280-25-013886,20250319,"LUMENT FINANCE TRUST, INC.",4-NON,NAF,CLOSED,CLOSED_OPERATING_NON_SHELL,OPERATING,operating,CLOSED_UNIQUE,73800000.0,2024-06-30,b27a3f63e00e7dd3be59bd5ec95092c3d333dc5f267ec3b1cd0b8840922647fe,NO_WHITELIST_TOPLINE,,NO_WHITELIST_TOPLINE,,,NAF,CLOSED_PRIOR_NON_PF_LT75,2025-03-31,True,DIRECT,
1547903,0001547903-25-000026,20250214,"NMI HOLDINGS, INC.",1-LAF,LAF,CLOSED,CLOSED_OPERATING_NON_SHELL,OPERATING,operating,CLOSED_UNIQUE,2203671819.0,2024-06-30,35e23f0d586217dbe6738b66435c34752505b6c14b60ba5bc65d9f349f3a60fc,CLOSED_UNIQUE,579003000.0,CLOSED_UNIQUE,523345000.0,,LAF,CLOSED_PF_GE700,2025-03-03,True,DIRECT,
1549084,0001437749-25-005913,20250303,"EKSO BIONICS HOLDINGS, INC.",4-NON,NAF,CLOSED,CLOSED_OPERATING_NON_SHELL,OPERATING,operating,CLOSED_UNIQUE,18771767.0,2024-06-28,36652853c34930936076a75af5a09276de79183cf7449813ba2d4b37584fbcdc,CLOSED_UNIQUE,18279000.0,CLOSED_UNIQUE,12912000.0,,NAF,CLOSED_PF_LT60,2025-03-31,True,DIRECT,
1549145,0001493152-25-010854,20250319,"BLUE BIOFUELS, INC.",4-NON,NAF,CLOSED,CLOSED_OPERATING_NON_SHELL,OPERATING,operating,CLOSED_UNIQUE,15796832.0,2024-06-30,b27a2ea8f367b68f7d85752fc72c7192c788333d3b00adec2997055d664cb532,NO_WHITELIST_TOPLINE,,NO_WHITELIST_TOPLINE,,,NAF,CLOSED_PF_LT60,2025-03-31,True,DIRECT,
1549966,0000950170-25-034713,20250306,SILVERCREST ASSET MANAGEMENT GROUP INC.,2-ACC,AF,CLOSED,CLOSED_OPERATING_NON_SHELL,OPERATING,operating,CLOSED_UNIQUE,147900000.0,2024-06-28,bbc936b4c29485a19f5e354d8d0c60c6340f0ddc386f9c572b316fdc5cea022d,CLOSED_UNIQUE,117410000.0,CLOSED_UNIQUE,123217000.0,,AF,CLOSED_PRIOR_ACC_REV_GE80_REMAIN_AF,2025-03-17,True,DIRECT,
1550695,0001550695-25-000008,20250313,PERFORMANT HEALTHCARE INC,2-ACC,AF,CLOSED,CLOSED_OPERATING_NON_SHELL,OPERATING,operating,CLOSED_UNIQUE,127827522.0,2024-06-30,8e5c5f909fd686d41805dcdec16a76749de08f94769ae8252c42970227dee576,CLOSED_UNIQUE,113743000.0,CLOSED_UNIQUE,109184000.0,,AF,CLOSED_PRIOR_ACC_REV_GE80_REMAIN_AF,2025-03-17,True,DIRECT,
1551152,0001551152-25-000020,20250214,ABBVIE INC.,1-LAF,LAF,CLOSED,CLOSED_OPERATING_NON_SHELL,OPERATING,operating,CLOSED_UNIQUE,300173162268.0,2024-06-30,35f8826ca075f45c62c65c19d9661426ee4e90f97eab0f3d08ed4d76485df854,CLOSED_UNIQUE,54318000000.0,CLOSED_UNIQUE,58054000000.0,,LAF,CLOSED_PF_GE700,2025-03-03,True,DIRECT,
1551182,0001551182-25-000006,20250227,EATON CORP PLC,1-LAF,LAF,CLOSED,CLOSED_OPERATING_NON_SHELL,OPERATING,operating,CLOSED_UNIQUE,124800000000.0,2024-06-30,743805b993c5f3a9828832806e1e616e327bea76712c06d94c7025a241032d59,CLOSED_UNIQUE,23196000000.0,CLOSED_UNIQUE,20752000000.0,,LAF,CLOSED_PF_GE700,2025-03-03,True,DIRECT,
1551306,0001551306-25-000040,20250303,"PROGYNY, INC.",1-LAF,LAF,CLOSED,CLOSED_OPERATING_NON_SHELL,OPERATING,operating,CLOSED_UNIQUE,2600000000.0,2024-06-30,32b05f905af6202cf22d318add0659e0087d8d313423cecd5a28a186e5c53a41,CLOSED_UNIQUE,1088598000.0,CLOSED_UNIQUE,786913000.0,,LAF,CLOSED_PF_GE700,2025-03-03,True,DIRECT,
1552000,0001552000-25-000012,20250227,MPLX LP,1-LAF,LAF,CLOSED,CLOSED_OPERATING_NON_SHELL,OPERATING,operating,CLOSED_UNIQUE,15900000000.0,2024-06-30,007d0b2e1f11f78b7d896a4acb5f45a6b008d50a9d392027bd66ac7fdbdd651c,NO_WHITELIST_TOPLINE,,NO_WHITELIST_TOPLINE,,,LAF,CLOSED_PF_GE700,2025-03-03,True,DIRECT,
1552033,0001552033-25-000015,20250213,TRANSUNION,1-LAF,LAF,CLOSED,CLOSED_OPERATING_NON_SHELL,OPERATING,operating,CLOSED_UNIQUE,14400000000.0,2024-06-30,a95eab092ba6974aa0774db2b2accdedbae96390ade76bacd19fd05474502227,CLOSED_UNIQUE,3831200000.0,CLOSED_UNIQUE,3709900000.0,,LAF,CLOSED_PF_GE700,2025-03-03,True,DIRECT,
1552275,0001552275-25-000019,20250214,SUNOCO LP,1-LAF,LAF,CLOSED,CLOSED_OPERATING_NON_SHELL,OPERATING,operating,CLOSED_UNIQUE,6100000000.0,2024-06-30,201cb6cd9d931932502a8ade47895a3775b338c445509f1f10fb88c8e44222f5,CLOSED_UNIQUE,23068000000.0,CLOSED_UNIQUE,25729000000.0,,LAF,CLOSED_PF_GE700,2025-03-03,True,DIRECT,
1552797,0001552797-25-000019,20250226,"DELEK LOGISTICS PARTNERS, LP",2-ACC,AF,CLOSED,CLOSED_OPERATING_NON_SHELL,OPERATING,operating,CLOSED_UNIQUE,505585160.0,2024-06-28,31acf83aab38492e991328bd98e5fc4c118dcefd916a918204c6913a605a22e9,CLOSED_UNIQUE,1020409000.0,CLOSED_UNIQUE,1036407000.0,,AF,CLOSED_PRIOR_ACC_REV_GE80_REMAIN_AF,2025-03-17,True,DIRECT,
1552800,0001552800-25-000003,20250227,"TILE SHOP HOLDINGS, INC.",2-ACC,AF,CLOSED,CLOSED_OPERATING_NON_SHELL,OPERATING,operating,CLOSED_UNIQUE,196850780.0,2024-06-30,52245c2e1123702f4d5bd6a395caff98288bac643726909e8d143f6d77319985,CLOSED_UNIQUE,377146000.0,CLOSED_UNIQUE,394702000.0,,AF,CLOSED_PRIOR_ACC_REV_GE80_REMAIN_AF,2025-03-17,True,DIRECT,
1553079,0001553079-25-000005,20250228,"EMPIRE STATE REALTY OP, L.P.",1-LAF,LAF,CLOSED,CLOSED_OPERATING_NON_SHELL,OPERATING,operating,CLOSED_UNIQUE,0.0,2024-06-30,caaa01f33a0188eca403cb3fcc7e764d120e2d49df001ddae9c9e8c7d5b9e560,CLOSED_UNIQUE,739572000.0,CLOSED_UNIQUE,727041000.0,,NAF,CLOSED_PF_LT60,2025-03-31,True,DIRECT,
1554818,0001683168-25-001357,20250305,AUDDIA INC.,4-NON,NAF,CLOSED,CLOSED_OPERATING_NON_SHELL,OPERATING,operating,CLOSED_UNIQUE,2632645.0,2024-06-30,f64cac39139eb1f5650586100333aa75b731f1dcaf52af2ecd1874cac6b8e65f,CLOSED_UNIQUE,0.0,CLOSED_UNIQUE,0.0,,NAF,CLOSED_PF_LT60,2025-03-31,True,DIRECT,
1555280,0001555280-25-000102,20250213,ZOETIS INC.,1-LAF,LAF,CLOSED,CLOSED_OPERATING_NON_SHELL,OPERATING,operating,CLOSED_UNIQUE,78673000000.0,2024-06-30,9ef2e79429dffde2be5dd7ceda0f6410a2279d39722cfa2e4f471e8962cb42aa,CLOSED_UNIQUE,8544000000.0,CLOSED_UNIQUE,8080000000.0,,LAF,CLOSED_PF_GE700,2025-03-03,True,DIRECT,
1556593,0001556593-25-000007,20250218,RITHM CAPITAL CORP.,1-LAF,LAF,CLOSED,CLOSED_OPERATING_NON_SHELL,OPERATING,operating,CLOSED_UNIQUE,5300000000.0,2024-06-30,c3ba83e7c1bb5f4d4a7c4e6a444725356e9ffdf154e35d487cfd2c9181c222d3,CLOSED_UNIQUE,3798177000.0,CLOSED_UNIQUE,4726927000.0,,LAF,CLOSED_PF_GE700,2025-03-03,True,DIRECT,
1556739,0001556739-25-000015,20250227,"THRYV HOLDINGS, INC.",1-LAF,LAF,CLOSED,CLOSED_OPERATING_NON_SHELL,OPERATING,operating,CLOSED_UNIQUE,600000000.0,2024-06-30,1f1dca4ac9810d39921b4b0f84ecd4703ae36ea22c0164682430f7e58614e18c,CLOSED_UNIQUE,916961000.0,CLOSED_UNIQUE,1202388000.0,,LAF,CLOSED_PRIOR_LAF_PF_GE560,2025-03-03,True,DIRECT,
1557746,0001558370-25-001819,20250227,"ACLARIS THERAPEUTICS, INC.",1-LAF,LAF,CLOSED,CLOSED_OPERATING_NON_SHELL,OPERATING,operating,CLOSED_UNIQUE,76100000.0,2024-06-28,492811439efd372eef134d510f2b801e7f0cfac7792380d922d8fdc560665fef,CLOSED_UNIQUE,31249000.0,CLOSED_UNIQUE,29752000.0,,NAF,CLOSED_PRIOR_LAF_REV_LT80_EXIT_NAF,2025-03-31,True,DIRECT,
1558740,0001477932-25-002836,20250418,WINVEST GROUP LTD,4-NON,NAF,CLOSED,CLOSED_OPERATING_NON_SHELL,OPERATING,operating,CLOSED_UNIQUE,45849089.0,2024-06-30,3d4180dc2d4a5580c51073d99bb900ba37a9ebf0802617b6cc40cea7b03396c9,CLOSED_UNIQUE,339943.0,CLOSED_UNIQUE,89260.0,2025-03-27,NAF,CLOSED_PF_LT60,2025-03-31,False,LATE,
1559053,0001559053-25-000009,20250227,PROTHENA CORP PUBLIC LTD CO,1-LAF,LAF,CLOSED,CLOSED_OPERATING_NON_SHELL,OPERATING,operating,CLOSED_UNIQUE,870300000.0,2024-06-30,43b85b2b373c75bf65046504ed75a9fd0d8d116d179cc12c3dfb232d3921a7d9,CLOSED_UNIQUE,91370000.0,CLOSED_UNIQUE,53905000.0,,LAF,CLOSED_PF_GE700,2025-03-03,True,DIRECT,
1559432,0001559432-25-000035,20250304,"TXO PARTNERS, L.P.",2-ACC,AF,CLOSED,CLOSED_OPERATING_NON_SHELL,OPERATING,operating,CLOSED_UNIQUE,504400000.0,2024-06-28,e519fe4f352da3fec0e41baab6cb3bea38e6b49bdc37664ad6c14742ce91d27e,CLOSED_UNIQUE,380718000.0,NO_FY2022_10K,,,AF,CLOSED_PRIOR_ACC_REV_GE80_REMAIN_AF,2025-03-17,True,DIRECT,
1559720,0001559720-25-000010,20250213,"AIRBNB, INC.",1-LAF,LAF,CLOSED,CLOSED_OPERATING_NON_SHELL,OPERATING,operating,CLOSED_UNIQUE,66100000000.0,2024-06-30,8ca811627684e36fb5791d1413794997b7361c819e9650bd84bc363f1082ffcc,CLOSED_UNIQUE,9917000000.0,CLOSED_UNIQUE,8399000000.0,,LAF,CLOSED_PF_GE700,2025-03-03,True,DIRECT,
1559865,0001559865-25-000007,20250303,"EVERTEC, INC.",1-LAF,LAF,CLOSED,CLOSED_OPERATING_NON_SHELL,OPERATING,operating,CLOSED_UNIQUE,1400653424.0,2024-06-30,d7a375a626d90309a015ba6c6ec86c4f2ce57911c9498da567edf370ac262490,CLOSED_UNIQUE,694709000.0,NO_WHITELIST_TOPLINE,,,LAF,CLOSED_PF_GE700,2025-03-03,True,DIRECT,
1560143,0001683168-25-002111,20250331,WYTEC INTERNATIONAL INC,4-NON,NAF,CLOSED,CLOSED_OPERATING_NON_SHELL,OPERATING,operating,CLOSED_UNIQUE,0.0,2024-06-30,83f34421fa155af55e24cbae33f2abebb6ee2b322cb199e6b5c9ccef7b2f1720,CLOSED_UNIQUE,255634.0,NO_FY2022_10K,,,NAF,CLOSED_PF_LT60,2025-03-31,True,DIRECT,
1560258,0001213900-25-023259,20250312,"ELECTROCORE, INC.",4-NON,NAF,CLOSED,CLOSED_OPERATING_NON_SHELL,OPERATING,operating,CLOSED_UNIQUE,34861164000.0,2024-06-30,eeb97849bd90b80f3ae656bf9e452a9997d9b2e76e446ece1cc4b04eaaa661c3,CLOSED_UNIQUE,16030000.0,CLOSED_UNIQUE,8592000.0,,LAF,CLOSED_PF_GE700,2025-03-03,False,LATE,
1560293,0001013762-25-002734,20250326,"TENON MEDICAL, INC.",4-NON,NAF,CLOSED,CLOSED_OPERATING_NON_SHELL,OPERATING,operating,CLOSED_UNIQUE,1830927.0,2024-06-30,3589e68bc4ce41782cd39bd8637f93a2c9654e318e31f2ed8c41405113d2fd5b,CLOSED_UNIQUE,2928000.0,CLOSED_UNIQUE,691000.0,,NAF,CLOSED_PF_LT60,2025-03-31,True,DIRECT,
1560327,0001560327-25-000021,20250228,"RAPID7, INC.",1-LAF,LAF,CLOSED,CLOSED_OPERATING_NON_SHELL,OPERATING,operating,CLOSED_UNIQUE,2669159228.0,2024-06-30,caa7c3dec7211b95531b43289676908c367709384b10fd60c849169ba75a8862,CLOSED_UNIQUE,777707000.0,CLOSED_UNIQUE,685083000.0,,LAF,CLOSED_PF_GE700,2025-03-03,True,DIRECT,
1560385,0001558370-25-001830,20250227,LIBERTY MEDIA CORP,1-LAF,LAF,CLOSED,CLOSED_OPERATING_NON_SHELL,OPERATING,operating,CLOSED_UNIQUE,25800000000.0,2024-06-30,e1953f66a48af3a9036a291fa232bfaf2bc7413ed987c4ff541b881b8a9d71eb,CLOSED_UNIQUE,12525000000.0,CLOSED_UNIQUE,12164000000.0,,LAF,CLOSED_PF_GE700,2025-03-03,True,DIRECT,
1560452,0001185185-25-000246,20250331,TEXAS REPUBLIC CAPITAL CORP,4-NON,NAF,CLOSED,CLOSED_OPERATING_NON_SHELL,OPERATING,operating,CLOSED_UNIQUE,0.0,2024-06-30,65a8d0f06632025d3b9d71703d5998d4f850c56c64a30b34531343c38c9b06bd,CLOSED_UNIQUE,5091317.0,CLOSED_UNIQUE,4227163.0,,NAF,CLOSED_PF_LT60,2025-03-31,True,DIRECT,
1561032,0001561032-25-000006,20250227,"NATIONAL HEALTHCARE PROPERTIES, INC.",4-NON,NAF,CLOSED,CLOSED_OPERATING_NON_SHELL,OPERATING,operating,CLOSED_UNIQUE,0.0,2024-06-30,c92ec36294c9f147c4d04e4babc4d86d2097ee4190e9eba59192744e412fcb16,NO_WHITELIST_TOPLINE,,NO_WHITELIST_TOPLINE,,,NAF,CLOSED_PF_LT60,2025-03-31,True,DIRECT,
15615,0000015615-25-000021,20250228,MASTEC INC,1-LAF,LAF,CLOSED,CLOSED_OPERATING_NON_SHELL,OPERATING,operating,CLOSED_UNIQUE,6500000000.0,2024-06-28,fee3d1093fb59047b642b482e0bed6e861b47ac258cd7f55e1ae4cf415c3bcbf,CLOSED_UNIQUE,11995934000.0,CLOSED_UNIQUE,9778038000.0,,LAF,CLOSED_PF_GE700,2025-03-03,True,DIRECT,
1561550,0001561550-25-000025,20250220,"DATADOG, INC.",1-LAF,LAF,CLOSED,CLOSED_OPERATING_NON_SHELL,OPERATING,operating,CLOSED_UNIQUE,39200000000.0,2024-06-30,2a3d9632d5d826e35976ca34e8aa4ffe734e089fffd65a16c5914a469cf871ed,CLOSED_UNIQUE,2128359000.0,CLOSED_UNIQUE,1675100000.0,,LAF,CLOSED_PF_GE700,2025-03-03,True,DIRECT,
1561680,0001561680-25-000029,20250221,"TRI POINTE HOMES, INC.",1-LAF,LAF,CLOSED,CLOSED_OPERATING_NON_SHELL,OPERATING,operating,CLOSED_UNIQUE,3415020326.0,2024-06-30,efbc7d1ae612a41fea4ea36d52c13d43bec601c26fab9f433e4686f128b12490,CLOSED_UNIQUE,3715204000.0,CLOSED_UNIQUE,4348533000.0,,LAF,CLOSED_PF_GE700,2025-03-03,True,DIRECT,
1562088,0001562088-25-000042,20250228,"DUOLINGO, INC.",1-LAF,LAF,CLOSED,CLOSED_OPERATING_NON_SHELL,OPERATING,operating,CLOSED_UNIQUE,6153312710.0,2024-06-28,ef694ec62da72571edd8712c99c3a83366aa909d532863580274f40ca96f7c69,CLOSED_UNIQUE,531109000.0,CLOSED_UNIQUE,369495000.0,,LAF,CLOSED_PF_GE700,2025-03-03,True,DIRECT,
1562476,0001628280-25-006416,20250219,TAYLOR MORRISON HOME CORP,1-LAF,LAF,CLOSED,CLOSED_OPERATING_NON_SHELL,OPERATING,operating,CLOSED_UNIQUE,5701390667.0,2024-06-28,9ef7181140ffc24b292e538dc9cbdc6e356729d45f3ecd98fcdd3034aa37c51a,CLOSED_UNIQUE,7417831000.0,CLOSED_UNIQUE,8224917000.0,,LAF,CLOSED_PF_GE700,2025-03-03,True,DIRECT,
1562528,0001562528-25-000013,20250226,"FRANKLIN BSP REALTY TRUST, INC.",1-LAF,LAF,CLOSED,CLOSED_OPERATING_NON_SHELL,OPERATING,operating,CLOSED_UNIQUE,994400000.0,2024-06-30,5fe35b3e23bdb927045f7aa6fc1e91ccaf69582353995d388020a2824f8e8eff,NO_WHITELIST_TOPLINE,,NO_WHITELIST_TOPLINE,,,LAF,CLOSED_PF_GE700,2025-03-03,True,DIRECT,
1563190,0001563190-25-000050,20250225,"COMPASS, INC.",1-LAF,LAF,CLOSED,CLOSED_OPERATING_NON_SHELL,OPERATING,operating,CLOSED_UNIQUE,1426660391.0,2024-06-28,acd57126e597ea7d6cbcbeebaa0660fe1f8e8df215a99e993a4a618876e2922d,CLOSED_UNIQUE,4885000000.0,CLOSED_UNIQUE,6018000000.0,,LAF,CLOSED_PF_GE700,2025-03-03,True,DIRECT,
1563568,0001437749-25-012095,20250415,"ENVIROTECH VEHICLES, INC.",4-NON,NAF,CLOSED,CLOSED_OPERATING_NON_SHELL,OPERATING,operating,CLOSED_UNIQUE,27600000.0,2024-06-30,b6b88770060e69dad71f6acf686312133cb1f4e180a625fcdc0ec7b8e5638a2a,CLOSED_UNIQUE,2862853.0,NO_FY2022_10K,,2025-03-31,NAF,CLOSED_PF_LT60,2025-03-31,True,12B25,
1563577,0000950170-25-047798,20250331,"GALERA THERAPEUTICS, INC.",4-NON,NAF,CLOSED,CLOSED_OPERATING_NON_SHELL,OPERATING,operating,CLOSED_UNIQUE,4900000.0,2024-06-30,86fa37dbf80b49754f30e00f226f32a98c75a1603b4269e12772acc8c390a89d,NO_WHITELIST_TOPLINE,,NO_WHITELIST_TOPLINE,,,NAF,CLOSED_PF_LT60,2025-03-31,True,DIRECT,
1563665,0001437749-25-010213,20250331,"HARVARD APPARATUS REGENERATIVE TECHNOLOGY, INC.",4-NON,NAF,CLOSED,CLOSED_OPERATING_NON_SHELL,OPERATING,operating,CLOSED_UNIQUE,28300000.0,2024-06-30,c94a69e9a7b635f8b6b00875226fdac62409c11fdc28cfd34c16d9084942ebf1,NO_WHITELIST_TOPLINE,,NO_WHITELIST_TOPLINE,,,NAF,CLOSED_PF_LT60,2025-03-31,True,DIRECT,
1563756,0001185185-25-000225,20250326,"LIGHTSTONE VALUE PLUS REIT III, INC.",4-NON,NAF,CLOSED,CLOSED_OPERATING_NON_SHELL,OPERATING,operating,CLOSED_UNIQUE,0.0,2024-06-30,e7fc24cc6e57d2c956ab615a43debb02de536e234006ff13e1c3973809e354ee,CLOSED_UNIQUE,29088000.0,CLOSED_UNIQUE,28311000.0,,NAF,CLOSED_PF_LT60,2025-03-31,True,DIRECT,
1563922,0001563922-25-000004,20250331,GREENBACKER RENEWABLE ENERGY CO LLC,4-NON,NAF,CLOSED,CLOSED_OPERATING_NON_SHELL,OPERATING,operating,CLOSED_UNIQUE,0.0,2024-06-30,b2ff895bbceb4ad6cc48ac5e5754d3f8f69258405c289a6d9e10a1c9ab22485d,CLOSED_UNIQUE,173165000.0,NO_WHITELIST_TOPLINE,,,NAF,CLOSED_PF_LT60,2025-03-31,True,DIRECT,
1564408,0001564408-25-000019,20250205,SNAP INC,1-LAF,LAF,CLOSED,CLOSED_OPERATING_NON_SHELL,OPERATING,operating,CLOSED_UNIQUE,21500000000.0,2024-06-28,60e44a928bf5450c7a675cefd4086071dca74cde7fafd1edc1cb2aa2be4deaa7,CLOSED_UNIQUE,4606115000.0,CLOSED_UNIQUE,4601847000.0,,LAF,CLOSED_PF_GE700,2025-03-03,True,DIRECT,
1564902,0000950170-25-030398,20250303,UNITED PARKS & RESORTS INC.,1-LAF,LAF,CLOSED,CLOSED_OPERATING_NON_SHELL,OPERATING,operating,CLOSED_UNIQUE,1728161471.0,2024-06-28,44e80fbacf84fd7f85cea996a0badc041fe4b0d2762c76803dac1bca00e208fc,CLOSED_UNIQUE,1726587000.0,CLOSED_UNIQUE,1731237000.0,,LAF,CLOSED_PF_GE700,2025-03-03,True,DIRECT,
1566044,0001628280-25-010908,20250306,VYNE THERAPEUTICS INC.,4-NON,NAF,CLOSED,CLOSED_OPERATING_NON_SHELL,OPERATING,operating,CLOSED_UNIQUE,28200000.0,2024-06-30,bc7dfdfab3578e4e39c3374b46a84f2387154f105d99a9407d566baa860e3155,CLOSED_UNIQUE,424000.0,CLOSED_UNIQUE,477000.0,,NAF,CLOSED_PF_LT60,2025-03-31,True,DIRECT,
1566610,0001641172-25-000518,20250325,"VERB TECHNOLOGY COMPANY, INC.",4-NON,NAF,CLOSED,CLOSED_OPERATING_NON_SHELL,OPERATING,operating,CLOSED_UNIQUE,15357000.0,2024-06-30,e80bd3035d18263d0e260dbde23ab0788338806c908c2804d13d9f16ca437e72,CLOSED_UNIQUE,63000.0,CLOSED_UNIQUE,9435000.0,,NAF,CLOSED_PF_LT60,2025-03-31,True,DIRECT,
1566826,0001013762-25-004370,20250331,"LOGICMARK, INC.",4-NON,NAF,CLOSED,CLOSED_OPERATING_NON_SHELL,OPERATING,operating,CLOSED_UNIQUE,1239272.0,2024-06-30,1ba9638add76b1c69df85b82545da9d79345d21b9734f8f0d9da59af04e2c982,CLOSED_UNIQUE,9929629.0,CLOSED_UNIQUE,11916482.0,,NAF,CLOSED_PF_LT60,2025-03-31,True,DIRECT,
1567094,0001628280-25-009007,20250228,CNH INDUSTRIAL N.V.,1-LAF,LAF,CLOSED,CLOSED_OPERATING_NON_SHELL,OPERATING,operating,CLOSED_UNIQUE,9000000000.0,2024-06-30,f8aa52828c23db9e64f9796c3ca3e793426e1135be8a07445a5bae13ce8da7cd,CONFLICTING_WHITELIST_VALUES,,CONFLICTING_WHITELIST_VALUES,,,LAF,CLOSED_PF_GE700,2025-03-03,True,DIRECT,
1567264,0001567264-25-000010,20250313,"INTENSITY THERAPEUTICS, INC.",4-NON,NAF,CLOSED,CLOSED_OPERATING_NON_SHELL,OPERATING,operating,CLOSED_UNIQUE,45300000.0,2024-06-30,887a7cac92cd4a1b2c237a004ee5e13be17dba3955c5e1fd9ddde6a28efd33ca,NO_WHITELIST_TOPLINE,,NO_FY2022_10K,,,NAF,CLOSED_PF_LT60,2025-03-31,True,DIRECT,
1567683,0001567683-25-000007,20250225,"CLEARWAY ENERGY, INC.",1-LAF,LAF,CLOSED,CLOSED_OPERATING_NON_SHELL,OPERATING,operating,CLOSED_UNIQUE,2047000000.0,2024-06-30,8ca17db9194b7e29c2a0bf8db3696747b7f886169aa4cfd948593fd0d08cd8c9,CLOSED_UNIQUE,1314000000.0,CLOSED_UNIQUE,1190000000.0,,LAF,CLOSED_PF_GE700,2025-03-03,True,DIRECT,
1567900,0001437749-25-008773,20250321,BLACKBOXSTOCKS INC.,4-NON,NAF,CLOSED,CLOSED_OPERATING_NON_SHELL,OPERATING,operating,CLOSED_UNIQUE,7108260.0,2024-06-28,f6c0e719ed744f18da09eba45cd17434b0de828919d5724f64f5203c62cb8c42,NO_WHITELIST_TOPLINE,,NO_WHITELIST_TOPLINE,,,NAF,CLOSED_PF_LT60,2025-03-31,True,DIRECT,
1567925,0001567925-25-000010,20250303,"SILA REALTY TRUST, INC.",4-NON,NAF,CLOSED,CLOSED_OPERATING_NON_SHELL,OPERATING,operating,CLOSED_UNIQUE,1208971300.0,2024-06-30,944e97eb83349a138d488c2beb6859dbe9c265c68f6deafb8b3eba599cb61675,NO_WHITELIST_TOPLINE,,NO_WHITELIST_TOPLINE,,,LAF,CLOSED_PF_GE700,2025-03-03,True,DIRECT,
1568385,0000950170-25-036193,20250310,"BRIGHT MOUNTAIN MEDIA, INC.",4-NON,NAF,CLOSED,CLOSED_OPERATING_NON_SHELL,OPERATING,operating,CLOSED_UNIQUE,9752453.0,2024-06-30,8e79b5b18600a8740f1d397db47cffc74a494bf0b87154ff0c20d1976aaefd7c,CLOSED_UNIQUE,44546000.0,CLOSED_UNIQUE,19580000.0,,NAF,CLOSED_PF_LT60,2025-03-31,True,DIRECT,
1568651,0001568651-25-000008,20250220,"OSCAR HEALTH, INC.",1-LAF,LAF,CLOSED,CLOSED_OPERATING_NON_SHELL,OPERATING,operating,CLOSED_UNIQUE,3100000000.0,2024-06-28,5956e43cad9faf1892f4a59318a2645b6b6ee29b247b9f28a3f772397ee2cc4d,CLOSED_UNIQUE,5862869000.0,CLOSED_UNIQUE,3963638000.0,,LAF,CLOSED_PF_GE700,2025-03-03,True,DIRECT,
1568969,0001641172-25-004834,20250415,"APPYEA, INC",4-NON,NAF,CLOSED,CLOSED_OPERATING_NON_SHELL,OPERATING,operating,CLOSED_UNIQUE,6771241.0,2024-06-28,404fec41e23b6cbc40dd81a87b5f6a32336a94cd5c17292e03497accb304c886,NO_WHITELIST_TOPLINE,,NO_WHITELIST_TOPLINE,,2025-03-31,NAF,CLOSED_PF_LT60,2025-03-31,True,12B25,
1569187,0001569187-25-000016,20250228,"ARMADA HOFFLER PROPERTIES, INC.",1-LAF,LAF,CLOSED,CLOSED_OPERATING_NON_SHELL,OPERATING,operating,CLOSED_UNIQUE,66068098.0,2024-06-30,2983d62930343f71c38d5c6738881b7cf88c78132179002dfac47c0efed9a9db,CLOSED_UNIQUE,667158000.0,CLOSED_UNIQUE,454153000.0,,AF,CLOSED_PRIOR_LAF_REV_GE100_EXIT_AF,2025-03-17,True,DIRECT,
1570562,0001570562-25-000020,20250304,"EVOLUS, INC.",2-ACC,AF,CLOSED,CLOSED_OPERATING_NON_SHELL,OPERATING,operating,CLOSED_UNIQUE,671400000.0,2024-06-30,aa2eb4b0c7cac4e1f21bf25f434544c9e80a8806f5948c2a836d94a87c4e30b4,CLOSED_UNIQUE,202085000.0,CLOSED_UNIQUE,148616000.0,,AF,CLOSED_PRIOR_ACC_REV_GE80_REMAIN_AF,2025-03-17,True,DIRECT,
1570827,0000950170-25-029770,20250228,"VICTORY CAPITAL HOLDINGS, INC.",1-LAF,LAF,CLOSED,CLOSED_OPERATING_NON_SHELL,OPERATING,operating,CLOSED_UNIQUE,2300000000.0,2024-06-30,805599ca4e5a354ee7a4a4afbb6cf5937dcf3b7244c19e8fc4d330a275c47535,CLOSED_UNIQUE,821028000.0,CLOSED_UNIQUE,854800000.0,,LAF,CLOSED_PF_GE700,2025-03-03,True,DIRECT,
1571283,0001571283-25-000006,20250210,"REXFORD INDUSTRIAL REALTY, INC.",1-LAF,LAF,CLOSED,CLOSED_OPERATING_NON_SHELL,OPERATING,operating,CLOSED_UNIQUE,9700000000.0,2024-06-30,13bba2f4f677fca3aef5d9197e36a68aa8f2ec59391cd46e2fd6613b5dc4bf3d,CLOSED_UNIQUE,797826000.0,CLOSED_UNIQUE,631204000.0,,LAF,CLOSED_PF_GE700,2025-03-03,True,DIRECT,
1571934,0001410578-25-000518,20250327,"SYNAPTOGENIX, INC.",4-NON,NAF,CLOSED,CLOSED_OPERATING_NON_SHELL,OPERATING,operating,CLOSED_UNIQUE,6623571.0,2024-06-28,7b58dcccb62612e1d1f04283cd4c7a8d362cc9f6fcad3cb48033d52b595d3782,NO_WHITELIST_TOPLINE,,NO_WHITELIST_TOPLINE,,,NAF,CLOSED_PF_LT60,2025-03-31,True,DIRECT,
1573221,0001573221-25-000013,20250221,"THEREALREAL, INC.",2-ACC,AF,CLOSED,CLOSED_OPERATING_NON_SHELL,OPERATING,operating,CLOSED_UNIQUE,314689544.0,2024-06-28,534afb4bb09708dcd2d9b5aaff6237723e6156dd00b0a0f3c7010ac4d41eb3e7,CLOSED_UNIQUE,549304000.0,CLOSED_UNIQUE,603493000.0,,AF,CLOSED_PRIOR_ACC_REV_GE80_REMAIN_AF,2025-03-17,True,DIRECT,
1573516,0001573516-25-000010,20250220,MURPHY USA INC.,1-LAF,LAF,CLOSED,CLOSED_OPERATING_NON_SHELL,OPERATING,operating,CLOSED_UNIQUE,9623300000.0,2024-06-30,263797f5c7c2de7c8f8b35e313524a4b0ea953ee12dc2d7ecb8de280c1e9ee40,CLOSED_UNIQUE,21529400000.0,CLOSED_UNIQUE,23446100000.0,,LAF,CLOSED_PF_GE700,2025-03-03,True,DIRECT,
1574094,0001641172-25-001932,20250401,"RENOVORX, INC.",4-NON,NAF,CLOSED,CLOSED_OPERATING_NON_SHELL,OPERATING,operating,CLOSED_UNIQUE,26600000.0,2024-06-30,e46a7aaa92c1df03816288894f10d633a3e42132cd82abdc0767621d5835df94,NO_WHITELIST_TOPLINE,,NO_WHITELIST_TOPLINE,,2025-03-31,NAF,CLOSED_PF_LT60,2025-03-31,True,12B25,
1574197,0001574197-25-000006,20250224,"FIVE POINT HOLDINGS, LLC",2-ACC,AF,CLOSED,CLOSED_OPERATING_NON_SHELL,OPERATING,operating,CLOSED_UNIQUE,172900000.0,2024-06-28,fe5cfd9b4d248a8f9ce0591ef1d07c0e57b32bfe4185ce86c77edf349f65a814,CLOSED_UNIQUE,211732000.0,CLOSED_UNIQUE,42694000.0,,AF,CLOSED_PRIOR_ACC_REV_GE80_REMAIN_AF,2025-03-17,True,DIRECT,
1574235,0001493152-25-011084,20250321,"PULMATRIX, INC.",4-NON,NAF,CLOSED,CLOSED_OPERATING_NON_SHELL,OPERATING,operating,CLOSED_UNIQUE,7048862.0,2024-06-30,387f9ab5df695e226394302f3242010baf393ef4c97a64b512cef47934053ecf,CLOSED_UNIQUE,7298000.0,CLOSED_UNIQUE,6071000.0,,NAF,CLOSED_PF_LT60,2025-03-31,True,DIRECT,
1575048,0001558370-25-003283,20250319,"ATEL 16, LLC",4-NON,NAF,CLOSED,CLOSED_OPERATING_NON_SHELL,OPERATING,operating,CLOSED_UNIQUE,0.0,2024-06-30,03124628b53f6b439e222afeafb686456ff4d89b1b4e093af3c75f6e11bddaf3,CLOSED_UNIQUE,2297000.0,CLOSED_UNIQUE,3892000.0,,NAF,CLOSED_PF_LT60,2025-03-31,True,DIRECT,
1575142,0001640334-25-000660,20250415,"BIOADAPTIVES, INC.",4-NON,NAF,CLOSED,CLOSED_OPERATING_NON_SHELL,OPERATING,operating,CLOSED_UNIQUE,246461.0,2024-06-30,dc8a79f83ee2665c593cf554e6b1ba4abc59ea57626939f51fec8bbeb53acd71,CLOSED_UNIQUE,28565.0,CLOSED_UNIQUE,17176.0,2025-03-31,NAF,CLOSED_PF_LT60,2025-03-31,True,12B25,
1575515,0001575515-25-000011,20250220,"SPROUTS FARMERS MARKET, INC.",1-LAF,LAF,CLOSED,CLOSED_OPERATING_NON_SHELL,OPERATING,operating,CLOSED_UNIQUE,8343509097.0,2024-06-28,f3e8e0cfe0e8cc5d12e813a3c8026c2a5922b35e749c1bb0dee18ae602242e7b,CLOSED_UNIQUE,6837384000.0,CLOSED_UNIQUE,6404223000.0,,LAF,CLOSED_PF_GE700,2025-03-03,True,DIRECT,
1575793,0001410578-25-000218,20250227,ENERGOUS CORP,4-NON,NAF,CLOSED,CLOSED_OPERATING_NON_SHELL,OPERATING,operating,CLOSED_UNIQUE,7047030.0,2024-06-30,33724b4f1af8721b3ab414b52f1bfcdeca7c626a0cee37c3834e76394ae97614,CLOSED_UNIQUE,474184.0,CLOSED_UNIQUE,851321.0,,NAF,CLOSED_PF_LT60,2025-03-31,True,DIRECT,
1575828,0001437749-25-005059,20250225,EXPRO GROUP HOLDINGS N.V.,1-LAF,LAF,CLOSED,CLOSED_OPERATING_NON_SHELL,OPERATING,operating,CLOSED_UNIQUE,2035400000.0,2024-06-30,781cbefe334fb6f3bb006f2367610a59b6d58a494966674ee533175e9afaeced,CLOSED_UNIQUE,1512764000.0,CLOSED_UNIQUE,1279418000.0,,LAF,CLOSED_PF_GE700,2025-03-03,True,DIRECT,
1575965,0001575965-25-000008,20250220,"GAMING & LEISURE PROPERTIES, INC.",1-LAF,LAF,CLOSED,CLOSED_OPERATING_NON_SHELL,OPERATING,operating,CLOSED_UNIQUE,11800000000.0,2024-06-30,f306e11a486b100a4bebd027c72dfa143eae5802bc66d7f08e00865a694aa700,CLOSED_UNIQUE,1440392000.0,CLOSED_UNIQUE,1311685000.0,,LAF,CLOSED_PF_GE700,2025-03-03,True,DIRECT,
1576018,0001576018-25-000010,20250221,SIRIUSPOINT LTD,1-LAF,LAF,CLOSED,CLOSED_OPERATING_NON_SHELL,OPERATING,operating,CLOSED_UNIQUE,1200000000.0,2024-06-30,55dd67e9e7fade2a3b847183a6540f565775c55010a111f96b8ca919f54b1d22,CLOSED_UNIQUE,2737300000.0,CLOSED_UNIQUE,2105600000.0,,LAF,CLOSED_PF_GE700,2025-03-03,True,DIRECT,
1576197,0001641172-25-014117,20250606,"STRATEGIC ENVIRONMENTAL & ENERGY RESOURCES, INC.",4-NON,NAF,CLOSED,CLOSED_OPERATING_NON_SHELL,OPERATING,operating,CLOSED_UNIQUE,4918581.0,2024-06-30,0f290f9c81b26102d9c6ed6937f09e861c3d0a2e8c15c73c0cdc3745ef95b2a3,CLOSED_UNIQUE,2899600.0,CLOSED_UNIQUE,4137900.0,2025-03-31,NAF,CLOSED_PF_LT60,2025-03-31,False,LATE,
1576280,0001576280-25-000044,20250220,"GUARDANT HEALTH, INC.",1-LAF,LAF,CLOSED,CLOSED_OPERATING_NON_SHELL,OPERATING,operating,CLOSED_UNIQUE,3400000000.0,2024-06-30,d391cd30d653d2a4b51364e090d82d3ad0d8660214394dd5a38efa08b3764ce3,CLOSED_UNIQUE,563948000.0,CLOSED_UNIQUE,449538000.0,,LAF,CLOSED_PF_GE700,2025-03-03,True,DIRECT,
1576427,0001576427-25-000031,20250228,CRITEO S.A.,1-LAF,LAF,CLOSED,CLOSED_OPERATING_NON_SHELL,OPERATING,operating,CLOSED_UNIQUE,2016000000.0,2024-06-28,430e7f1b8831994ef30a4640341ec6b78bbbdf0a2f5464f60e92c826bda9a260,CLOSED_UNIQUE,1949445000.0,CLOSED_UNIQUE,2017003000.0,,LAF,CLOSED_PF_GE700,2025-03-03,True,DIRECT,
1576940,0001576940-25-000006,20250130,"CENTURY COMMUNITIES, INC.",1-LAF,LAF,CLOSED,CLOSED_OPERATING_NON_SHELL,OPERATING,operating,CLOSED_UNIQUE,2300000000.0,2024-06-30,c40a9da054853becc7e872c4bee14a001a90686a30a2dd50948f31a2427cb547,CLOSED_UNIQUE,3692185000.0,CLOSED_UNIQUE,4505916000.0,,LAF,CLOSED_PF_GE700,2025-03-03,True,DIRECT,
1577134,0001577134-25-000004,20250314,"TERRA INCOME FUND 6, LLC",4-NON,NAF,CLOSED,CLOSED_OPERATING_NON_SHELL,OPERATING,operating,CLOSED_UNIQUE,0.0,2024-06-30,3ab1198fa8e9c9167b4ad12b01f870d4a44e23ec550223eeec8a32b88d79a501,CLOSED_UNIQUE,10314295.0,NO_WHITELIST_TOPLINE,,,NAF,CLOSED_PF_LT60,2025-03-31,True,DIRECT,
1577445,0001641172-25-000677,20250326,ODYSIGHT.AI INC.,4-NON,NAF,CLOSED,CLOSED_OPERATING_NON_SHELL,OPERATING,operating,CLOSED_UNIQUE,21100000.0,2024-06-28,471c51eb6e162a9677694409f8fea6e658b11e46925fd210fc3bc16136748a51,CLOSED_UNIQUE,3033000.0,CLOSED_UNIQUE,665000.0,,NAF,CLOSED_PF_LT60,2025-03-31,True,DIRECT,
1577670,0001577670-25-000010,20250210,LADDER CAPITAL CORP,1-LAF,LAF,CLOSED,CLOSED_OPERATING_NON_SHELL,OPERATING,operating,CLOSED_UNIQUE,1276191725.0,2024-06-30,6747763fc36548d02cce854e6bc2c7c6a6ae2259f7700f306a9b4c6638317911,NO_WHITELIST_TOPLINE,,NO_WHITELIST_TOPLINE,,,LAF,CLOSED_PF_GE700,2025-03-03,True,DIRECT,
1578732,0001578732-25-000015,20250227,"MARCUS & MILLICHAP, INC.",1-LAF,LAF,CLOSED,CLOSED_OPERATING_NON_SHELL,OPERATING,operating,CLOSED_UNIQUE,735200000.0,2024-06-30,af634ad4ffcde89627fe0ee07b9efd19a8a8c425ce975e6d3f252fb5b63b84d8,CLOSED_UNIQUE,645927000.0,CLOSED_UNIQUE,1301710000.0,,LAF,CLOSED_PF_GE700,2025-03-03,True,DIRECT,
1579091,0001579091-25-000015,20250228,MAPLEBEAR INC.,4-NON,NAF,CLOSED,CLOSED_OPERATING_NON_SHELL,OPERATING,operating,CLOSED_UNIQUE,5100000000.0,2024-06-28,a01c2b216153e36e724f1268fc3bcef5af8779bef59fee5adc21f9337f371968,CLOSED_UNIQUE,3042000000.0,NO_FY2022_10K,,,LAF,CLOSED_PF_GE700,2025-03-03,True,DIRECT,
1579214,0000950170-25-039386,20250314,"EMERALD HOLDING, INC.",2-ACC,AF,CLOSED,CLOSED_OPERATING_NON_SHELL,OPERATING,operating,CLOSED_UNIQUE,105800000.0,2024-06-30,70f2c7cb241840e82c89e4cb293aa45948672c8d61ba98ead75ab6e7654c4756,CLOSED_UNIQUE,382800000.0,CLOSED_UNIQUE,325900000.0,,AF,CLOSED_PRIOR_ACC_REV_GE80_REMAIN_AF,2025-03-17,True,DIRECT,
1579241,0001579241-25-000008,20250218,ALLEGION PLC,1-LAF,LAF,CLOSED,CLOSED_OPERATING_NON_SHELL,OPERATING,operating,CLOSED_UNIQUE,10300000000.0,2024-06-30,87f5ac647de65f585cb9c2bb20fc6d5d985c8d82d5643289b70147cc9f0093f4,CLOSED_UNIQUE,3650800000.0,CLOSED_UNIQUE,3271900000.0,,LAF,CLOSED_PF_GE700,2025-03-03,True,DIRECT,
1579428,0000950170-25-022457,20250218,"AXSOME THERAPEUTICS, INC.",1-LAF,LAF,CLOSED,CLOSED_OPERATING_NON_SHELL,OPERATING,operating,CLOSED_UNIQUE,3200000000.0,2024-06-30,ad6d83d735b9e9d1a27c7db8b6d4c639cf88f0db6814f64c42a3e826957139ba,CLOSED_UNIQUE,270600000.0,NO_WHITELIST_TOPLINE,,,LAF,CLOSED_PF_GE700,2025-03-03,True,DIRECT,
1579684,0001579684-25-000007,20250220,"GANNETT CO., INC.",2-ACC,AF,CLOSED,CLOSED_OPERATING_NON_SHELL,OPERATING,operating,CLOSED_UNIQUE,648500000.0,2024-06-30,b92e0cd42b1e93bb4050441fb6b6c236fb66c93963e141c3b9df9faa3734bd90,CLOSED_UNIQUE,2663550000.0,CLOSED_UNIQUE,2945303000.0,,AF,CLOSED_PRIOR_ACC_REV_GE80_REMAIN_AF,2025-03-17,True,DIRECT,
1579733,0000950170-25-028365,20250227,"VITAL FARMS, INC.",2-ACC,AF,CLOSED,CLOSED_OPERATING_NON_SHELL,OPERATING,operating,CLOSED_UNIQUE,1560000000.0,2024-06-28,51f8951b44f321c97f0c43056571328fefeb14dfcc760e18b2c0f70ba7e6d86b,CLOSED_UNIQUE,471857000.0,CLOSED_UNIQUE,362050000.0,,LAF,CLOSED_PF_GE700,2025-03-03,True,DIRECT,
1579877,0001579877-25-000034,20250228,OUTFRONT MEDIA INC.,1-LAF,LAF,CLOSED,CLOSED_OPERATING_NON_SHELL,OPERATING,operating,CLOSED_UNIQUE,2300000000.0,2024-06-30,85eafe3b4abe7679c3cea6e20325a194a8b50b2dd5bd3496c6fb23c83e05eb71,CLOSED_UNIQUE,1820600000.0,CLOSED_UNIQUE,1772100000.0,,LAF,CLOSED_PF_GE700,2025-03-03,True,DIRECT,
1580490,0001641172-25-003678,20250411,I-ON DIGITAL CORP.,4-NON,NAF,CLOSED,CLOSED_OPERATING_NON_SHELL,OPERATING,operating,CLOSED_UNIQUE,27410234.0,2024-06-28,e237d83c87ecf09992cf317c3ba07bc7af4b9713ba29b22c3f7c73bdf1cca488,NO_WHITELIST_TOPLINE,,CLOSED_UNIQUE,0.0,2025-03-31,NAF,CLOSED_PF_LT60,2025-03-31,True,12B25,
1580560,0000950170-25-027078,20250226,FLYWIRE CORP,1-LAF,LAF,CLOSED,CLOSED_OPERATING_NON_SHELL,OPERATING,operating,CLOSED_UNIQUE,1976147414.0,2024-06-28,791a2e2a7666904939b8d6a4dc867e3ff0730a3290558c34ba0017aacecadf7b,CLOSED_UNIQUE,403094000.0,CLOSED_UNIQUE,289375000.0,,LAF,CLOSED_PF_GE700,2025-03-03,True,DIRECT,
1580808,0001580808-25-000043,20250225,"A10 NETWORKS, INC.",1-LAF,LAF,CLOSED,CLOSED_OPERATING_NON_SHELL,OPERATING,operating,CLOSED_UNIQUE,1008400000.0,2024-06-30,ecab381ce5abe026b881dbcb4e50ea0c9dc873be7f6ac68c9e48b0dc93f8c108,CLOSED_UNIQUE,251700000.0,CLOSED_UNIQUE,280338000.0,,LAF,CLOSED_PF_GE700,2025-03-03,True,DIRECT,
1580864,0000950170-25-037265,20250311,"VROOM, INC.",2-ACC,AF,CLOSED,CLOSED_OPERATING_NON_SHELL,OPERATING,operating,CLOSED_UNIQUE,15600000.0,2024-06-28,329560e8796d740347beb24281d26fcf1c8a815f598b33cc5cccdd06f0f1ec9a,CLOSED_UNIQUE,893203000.0,CLOSED_UNIQUE,1948901000.0,,NAF,CLOSED_PF_LT60,2025-03-31,True,DIRECT,
1580905,0001580905-25-000010,20250227,"INSTALLED BUILDING PRODUCTS, INC.",1-LAF,LAF,CLOSED,CLOSED_OPERATING_NON_SHELL,OPERATING,operating,CLOSED_UNIQUE,4850639060.0,2024-06-28,b84005538d7328577e2457405546dd8a1bb4f961d3cc044e1d753f12a908089c,CLOSED_UNIQUE,2778600000.0,CLOSED_UNIQUE,2669844000.0,,LAF,CLOSED_PF_GE700,2025-03-03,True,DIRECT,
1581091,0001558370-25-001224,20250220,"RE/MAX HOLDINGS, INC.",2-ACC,AF,CLOSED,CLOSED_OPERATING_NON_SHELL,OPERATING,operating,CLOSED_UNIQUE,149900000.0,2024-06-30,12f953b14ba1464dc9463dc09e60eb93bd27e2f363240a81d9ba36342dba0dd0,CLOSED_UNIQUE,325671000.0,CLOSED_UNIQUE,353386000.0,,AF,CLOSED_PRIOR_ACC_REV_GE80_REMAIN_AF,2025-03-17,True,DIRECT,
1581552,0001185185-25-000180,20250314,"ENERGY 11, L.P.",4-NON,NAF,CLOSED,CLOSED_OPERATING_NON_SHELL,OPERATING,operating,CLOSED_UNIQUE,0.0,2024-06-30,45eabfc31c8fb2b8b24440dbdaa9cc5f6e9244bc4a64630db28309fdcc9e2365,CLOSED_UNIQUE,99792852.0,CLOSED_UNIQUE,112030792.0,,NAF,CLOSED_PF_LT60,2025-03-31,True,DIRECT,
1581990,0001581990-25-000006,20250228,PLAINS GP HOLDINGS LP,1-LAF,LAF,CLOSED,CLOSED_OPERATING_NON_SHELL,OPERATING,operating,CLOSED_UNIQUE,3600000000.0,2024-06-28,a88c8f57e7cb7a884c6b815c03ee73d0dc193083f1b90ad5c8cb3b70225d2eb6,CLOSED_UNIQUE,48712000000.0,CLOSED_UNIQUE,57342000000.0,,LAF,CLOSED_PF_GE700,2025-03-03,True,DIRECT,
1582313,0000950170-25-029149,20250227,XENON PHARMACEUTICALS INC.,1-LAF,LAF,CLOSED,CLOSED_OPERATING_NON_SHELL,OPERATING,operating,CLOSED_UNIQUE,2946200000.0,2024-06-30,6871456cae60899efb3eabd49a6e7b4106b6c018ab0408fdddcad3646f35f329,NO_WHITELIST_TOPLINE,,NO_WHITELIST_TOPLINE,,,LAF,CLOSED_PF_GE700,2025-03-03,True,DIRECT,
1582554,0001641172-25-004882,20250415,"MATINAS BIOPHARMA HOLDINGS, INC.",4-NON,NAF,CLOSED,CLOSED_OPERATING_NON_SHELL,OPERATING,operating,CLOSED_UNIQUE,38700000.0,2024-06-30,ca6d5a998268d20198882a92218022e1a95645a3af456b7f659cc21f391b94bf,NO_WHITELIST_TOPLINE,,NO_WHITELIST_TOPLINE,,2025-03-31,NAF,CLOSED_PF_LT60,2025-03-31,True,12B25,
1582961,0001582961-25-000035,20250225,"DIGITALOCEAN HOLDINGS, INC.",1-LAF,LAF,CLOSED,CLOSED_OPERATING_NON_SHELL,OPERATING,operating,CLOSED_UNIQUE,3120000000.0,2024-06-30,76cccf5d0f146ce6f2e7b47f06cd0c37bfb96e801d478830c79e48362d71788a,CLOSED_UNIQUE,692884000.0,CLOSED_UNIQUE,576322000.0,,LAF,CLOSED_PF_GE700,2025-03-03,True,DIRECT,
1583648,0000950170-25-047212,20250331,"PALVELLA THERAPEUTICS, INC.",4-NON,NAF,CLOSED,CLOSED_OPERATING_NON_SHELL,OPERATING,operating,CLOSED_UNIQUE,9200000.0,2024-06-28,75be22a2831c3d7e89255c51542d1f2fc797d15db66aa9a8ced4d31bfd86067d,CLOSED_UNIQUE,42810000.0,CLOSED_UNIQUE,25902000.0,,NAF,CLOSED_PF_LT60,2025-03-31,True,DIRECT,
1583771,0001641172-25-003250,20250408,"HEPION PHARMACEUTICALS, INC.",4-NON,NAF,CLOSED,CLOSED_OPERATING_NON_SHELL,OPERATING,operating,CLOSED_UNIQUE,5900000.0,2024-06-30,c3895aceb47b3a3c1ac73ad4b9d80f938bc6f549e709c60a376109356b9f6423,CLOSED_UNIQUE,0.0,CLOSED_UNIQUE,0.0,2025-04-01,NAF,CLOSED_PF_LT60,2025-03-31,True,12B25,
1584831,0001641172-25-000736,20250326,OXBRIDGE RE HOLDINGS LTD,4-NON,NAF,CLOSED,CLOSED_OPERATING_NON_SHELL,OPERATING,operating,CLOSED_UNIQUE,13202393.0,2024-06-30,33e974daf02b03257ae79945297f48c22329d4e35a5ba9a87a31f62843cba09e,CLOSED_UNIQUE,-7049000.0,CLOSED_UNIQUE,850000.0,,NAF,CLOSED_PF_LT60,2025-03-31,True,DIRECT,
1585101,0001585101-25-000017,20250326,"HINES GLOBAL INCOME TRUST, INC.",4-NON,NAF,CLOSED,CLOSED_OPERATING_NON_SHELL,OPERATING,operating,CLOSED_UNIQUE,0.0,2024-06-30,4496f61a4e1f41a6d83e045bc9aad5da2d6d9ff893dccb5a17436982a08e2beb,CLOSED_UNIQUE,313182000.0,CLOSED_UNIQUE,259519000.0,,NAF,CLOSED_PF_LT60,2025-03-31,True,DIRECT,
1585364,0001585364-25-000014,20250228,PERRIGO CO PLC,1-LAF,LAF,CLOSED,CLOSED_OPERATING_NON_SHELL,OPERATING,operating,CLOSED_UNIQUE,3502398592.0,2024-06-28,1f756ffbaeb184bc0a8d796d71bdee2c1559b8f8a03a3e506ac04b97853cf292,CLOSED_UNIQUE,4655600000.0,CLOSED_UNIQUE,4451600000.0,,LAF,CLOSED_PF_GE700,2025-03-03,True,DIRECT,
1585389,0000950170-25-037896,20250312,"SMARTSTOP SELF STORAGE REIT, INC.",4-NON,NAF,CLOSED,CLOSED_OPERATING_NON_SHELL,OPERATING,operating,CLOSED_UNIQUE,0.0,2024-06-30,b3a19e2b4b3f357d6404c6e8642d6890a37eeda5d7e8f8f0dec20f24bb9e2d12,CLOSED_UNIQUE,232991744.0,CLOSED_UNIQUE,212643094.0,,NAF,CLOSED_PF_LT60,2025-03-31,True,DIRECT,
1585689,0001585689-25-000008,20250206,HILTON WORLDWIDE HOLDINGS INC.,1-LAF,LAF,CLOSED,CLOSED_OPERATING_NON_SHELL,OPERATING,operating,CLOSED_UNIQUE,53020000000.0,2024-06-30,8076a4474a7d5eb05050020e653b1b96c36ab65c35d2892736a814d6206c58c8,CLOSED_UNIQUE,10235000000.0,CLOSED_UNIQUE,8773000000.0,,LAF,CLOSED_PF_GE700,2025-03-03,True,DIRECT,
1586554,0001410578-25-000510,20250327,TARGET GROUP INC.,4-NON,NAF,CLOSED,CLOSED_OPERATING_NON_SHELL,OPERATING,operating,CLOSED_UNIQUE,4627695.0,2024-06-30,154f281cab5a4bce654729b54e276e6d359fc093cb053140ef4f040b6df35f2b,CLOSED_UNIQUE,3720169.0,NO_WHITELIST_TOPLINE,,,NAF,CLOSED_PF_LT60,2025-03-31,True,DIRECT,
1587523,0001587523-25-000010,20250213,KNOWLES CORP,1-LAF,LAF,CLOSED,CLOSED_OPERATING_NON_SHELL,OPERATING,operating,CLOSED_UNIQUE,1500000000.0,2024-06-30,3e6aed8f004bdde938a2c8d9d969e764333ef22f5b2b289faaf329537ad58e19,CLOSED_UNIQUE,707600000.0,CLOSED_UNIQUE,764700000.0,,LAF,CLOSED_PF_GE700,2025-03-03,True,DIRECT,
1587732,0001587732-25-000013,20250220,"ONE GAS, INC.",1-LAF,LAF,CLOSED,CLOSED_OPERATING_NON_SHELL,OPERATING,operating,CLOSED_UNIQUE,3500000000.0,2024-06-30,3e15e76a0c7cba0fefe479eafe68d70bea1ca0752ebefe0ccf2721ea153cca50,NO_WHITELIST_TOPLINE,,CLOSED_UNIQUE,2578005000.0,,LAF,CLOSED_PF_GE700,2025-03-03,True,DIRECT,
1588014,0001641172-25-001794,20250331,"ADM ENDEAVORS, INC.",4-NON,NAF,CLOSED,CLOSED_OPERATING_NON_SHELL,OPERATING,operating,CLOSED_UNIQUE,5215491.0,2024-06-30,80bacf4811f61e23fb340aaa088a1e1a11f6e68fd18730ded8b5e4b3e50266cd,CLOSED_UNIQUE,5188930.0,CLOSED_UNIQUE,5624500.0,,NAF,CLOSED_PF_LT60,2025-03-31,True,DIRECT,
1588489,0000950170-25-029408,20250228,GRAYSCALE BITCOIN TRUST ETF,1-LAF,LAF,CLOSED,CLOSED_OPERATING_NON_SHELL,OPERATING,operating,CLOSED_UNIQUE,16524689285.0,2024-06-30,cfaa2f454dc499ab41e11ed9f00cd0ed939f1c6627755f979e62ffa521a7a3d3,NO_WHITELIST_TOPLINE,,NO_WHITELIST_TOPLINE,,,LAF,CLOSED_PF_GE700,2025-03-03,True,DIRECT,
1589061,0001437749-25-009691,20250328,"GYRODYNE, LLC",4-NON,NAF,CLOSED,CLOSED_OPERATING_NON_SHELL,OPERATING,operating,CLOSED_UNIQUE,4893000.0,2024-06-30,1a784a62961831fe0754afb74d1e0e45f60a92afee3347b2e222194c72424083,NO_WHITELIST_TOPLINE,,NO_WHITELIST_TOPLINE,,,NAF,CLOSED_PF_LT60,2025-03-31,True,DIRECT,
1590364,0001590364-25-000006,20250303,FTAI AVIATION LTD.,1-LAF,LAF,CLOSED,CLOSED_OPERATING_NON_SHELL,OPERATING,operating,CLOSED_UNIQUE,10400000000.0,2024-06-30,9624e2d65f854ecd23da6d25ac98e43f8dab999fd8b58b8a8ab6a732ead4c067,CLOSED_UNIQUE,1170896000.0,CLOSED_UNIQUE,708411000.0,,LAF,CLOSED_PF_GE700,2025-03-03,True,DIRECT,
1590418,0001683168-25-001278,20250228,FOCUS UNIVERSAL INC.,4-NON,NAF,CLOSED,CLOSED_OPERATING_NON_SHELL,OPERATING,operating,CLOSED_UNIQUE,8047937.0,2024-06-30,6e9032e91059b8f962925271c2327f5ec154017935f629a79514f951d7bbec99,CLOSED_UNIQUE,1052198.0,CLOSED_UNIQUE,353619.0,,NAF,CLOSED_PF_LT60,2025-03-31,True,DIRECT,
1590560,0001558370-25-001699,20250227,UNIQURE N.V.,2-ACC,AF,CLOSED,CLOSED_OPERATING_NON_SHELL,OPERATING,operating,CLOSED_UNIQUE,218150000.0,2024-06-30,96643d1c061c9ce1e067a658248cf52b539e28807bcb4f7ea374d2bdbd51b464,CLOSED_UNIQUE,15843000.0,CLOSED_UNIQUE,106483000.0,,NAF,CLOSED_PRIOR_ACC_REV_LT80_EXIT_NAF,2025-03-31,True,DIRECT,
1590584,0001590584-25-000037,20250227,CIVEO CORP,2-ACC,AF,CLOSED,CLOSED_OPERATING_NON_SHELL,OPERATING,operating,CLOSED_UNIQUE,342546231.0,2024-06-30,c23c774844e392fdcd6738c586d107f75efb01c5232fae8789d178d459a72542,CLOSED_UNIQUE,700805000.0,CLOSED_UNIQUE,697052000.0,,AF,CLOSED_PRIOR_ACC_REV_GE80_REMAIN_AF,2025-03-17,True,DIRECT,
1590714,0001590714-25-000022,20250219,ELEMENT SOLUTIONS INC,1-LAF,LAF,CLOSED,CLOSED_OPERATING_NON_SHELL,OPERATING,operating,CLOSED_UNIQUE,6060000000.0,2024-06-30,ff27e4506fde98ecde3cf5f2aceaca68438ffb05926d90bd1a346483b36a7677,CLOSED_UNIQUE,2333200000.0,CLOSED_UNIQUE,2549400000.0,,LAF,CLOSED_PF_GE700,2025-03-03,True,DIRECT,
1590717,0001628280-25-005118,20250212,"CARETRUST REIT, INC.",1-LAF,LAF,CLOSED,CLOSED_OPERATING_NON_SHELL,OPERATING,operating,CLOSED_UNIQUE,3900000000.0,2024-06-30,f85d692a83b663d4ab4a172b4913a4d5f99d0471b878a5cff3a25e719e6a5c52,CLOSED_UNIQUE,217770000.0,CLOSED_UNIQUE,196132000.0,,LAF,CLOSED_PF_GE700,2025-03-03,True,DIRECT,
1590750,0001590750-25-000004,20250303,"VIRIDIAN THERAPEUTICS, INC.DE",1-LAF,LAF,CLOSED,CLOSED_OPERATING_NON_SHELL,OPERATING,operating,CLOSED_UNIQUE,731800000.0,2024-06-28,8b8f649feae3368130244bcc7437d8bad50b21a23db91d74c7ee5efbfc4d38c6,NO_WHITELIST_TOPLINE,,NO_WHITELIST_TOPLINE,,,LAF,CLOSED_PF_GE700,2025-03-03,True,DIRECT,
1590877,0000950170-25-038770,20250313,REGENXBIO INC.,1-LAF,LAF,CLOSED,CLOSED_OPERATING_NON_SHELL,OPERATING,operating,CLOSED_UNIQUE,536344977.0,2024-06-30,a54b0b06484160017e1c31c25c7bbf9c20705f77bbb2d6bbefe03f3b4217b0bd,CLOSED_UNIQUE,90242000.0,CLOSED_UNIQUE,112724000.0,,AF,CLOSED_PRIOR_LAF_CUR80_100_PREV_GE100_EXIT_AF,2025-03-17,True,DIRECT,
1590895,0001590895-25-000068,20250225,"CAESARS ENTERTAINMENT, INC.",1-LAF,LAF,CLOSED,CLOSED_OPERATING_NON_SHELL,OPERATING,operating,CLOSED_UNIQUE,8200000000.0,2024-06-30,bfaf5e377844c6e042191841fbdd8fba19bc72ffea52a74e3edf31275d28e7de,CLOSED_UNIQUE,11528000000.0,CLOSED_UNIQUE,10821000000.0,,LAF,CLOSED_PF_GE700,2025-03-03,True,DIRECT,
1590955,0000950170-25-024136,20250220,"PAYCOM SOFTWARE, INC.",1-LAF,LAF,CLOSED,CLOSED_OPERATING_NON_SHELL,OPERATING,operating,CLOSED_UNIQUE,7200000000.0,2024-06-28,bfb389b2a98765dc02a69501cb3bb917c29948a544ba3db4e0fed6c2da6b7c8e,CLOSED_UNIQUE,1693674000.0,CLOSED_UNIQUE,1375218000.0,,LAF,CLOSED_PF_GE700,2025-03-03,True,DIRECT,
1591913,0001213900-25-026455,20250331,"INNOVATIVE PAYMENT SOLUTIONS, INC.",4-NON,NAF,CLOSED,CLOSED_OPERATING_NON_SHELL,OPERATING,operating,CLOSED_UNIQUE,2000025.0,2024-06-30,64886bacdc6c30b53f9a8f7225dc72cac7f861fa55af8227782cfefdaf38150e,CLOSED_UNIQUE,410.0,CLOSED_UNIQUE,847.0,,NAF,CLOSED_PF_LT60,2025-03-31,True,DIRECT,
1591956,0001628280-25-015457,20250328,SPHERE 3D CORP.,4-NON,NAF,CLOSED,CLOSED_OPERATING_NON_SHELL,OPERATING,operating,CLOSED_UNIQUE,21300000.0,2024-06-30,88b9d802ecf81d6221aaabe875b29dc50a8f92b9e88fa1939fff17f64174c0d7,CLOSED_UNIQUE,21906000.0,CLOSED_UNIQUE,6077000.0,,NAF,CLOSED_PF_LT60,2025-03-31,True,DIRECT,
1592386,0001592386-25-000055,20250221,"VIRTU FINANCIAL, INC.",1-LAF,LAF,CLOSED,CLOSED_OPERATING_NON_SHELL,OPERATING,operating,CLOSED_UNIQUE,1833000000.0,2024-06-28,f96c370dfec2e0de70e88adf2a3c3e88411f278fac8a0f3468cf059f72d3b15f,CLOSED_UNIQUE,2293373000.0,CLOSED_UNIQUE,2364812000.0,,LAF,CLOSED_PF_GE700,2025-03-03,True,DIRECT,
1593275,0001593275-25-000023,20250227,"HAMILTON INSURANCE GROUP, LTD.",4-NON,NAF,CLOSED,CLOSED_OPERATING_NON_SHELL,OPERATING,operating,CLOSED_UNIQUE,597100000.0,2024-06-30,4c07b09696a7c5def1f86ade6b807227c8389866d8fb83f43f3e7e3c2860b9f8,CLOSED_UNIQUE,1571045000.0,NO_FY2022_10K,,,AF,CLOSED_PRIOR_NON_REV_GE100_ENTER_AF,2025-03-17,True,DIRECT,
1593548,0001437749-25-006461,20250306,"PLAYAGS, INC.",2-ACC,AF,CLOSED,CLOSED_OPERATING_NON_SHELL,OPERATING,operating,CLOSED_UNIQUE,445653164.0,2024-06-30,601f431bd53380fcd3e4a025cbc1de396f08902823f978b86c33c2f0e63d5ca2,CLOSED_UNIQUE,356536000.0,CLOSED_UNIQUE,309436000.0,,AF,CLOSED_PRIOR_ACC_REV_GE80_REMAIN_AF,2025-03-17,True,DIRECT,
1594204,0001214659-25-005881,20250415,ZHEN DING RESOURCES INC.,4-NON,NAF,CLOSED,CLOSED_OPERATING_NON_SHELL,OPERATING,operating,CLOSED_UNIQUE,0.0,2024-06-30,67f4e32b4867d22246163fa16dd6354bd7d6b7fdfd148318eeb3cef6831e1251,NO_WHITELIST_TOPLINE,,NO_WHITELIST_TOPLINE,,2025-04-01,NAF,CLOSED_PF_LT60,2025-03-31,True,12B25,
1594968,0001683168-25-002612,20250415,"VESTIAGE, INC.",4-NON,NAF,CLOSED,CLOSED_OPERATING_NON_SHELL,OPERATING,operating,CLOSED_UNIQUE,1230142.0,2024-06-30,5a3c7d94fdf0b69dd8ea38a12e4a45e49c769319a4cc197c91cd31625ffaee07,CLOSED_UNIQUE,0.0,NO_FY2022_10K,,2025-03-31,NAF,CLOSED_PF_LT60,2025-03-31,True,12B25,
1595248,0001437749-25-010311,20250401,"GENPREX, INC.",4-NON,NAF,CLOSED,CLOSED_OPERATING_NON_SHELL,OPERATING,operating,CLOSED_UNIQUE,4800000.0,2024-06-28,6ed90cb200282d26f92ebd8f3a2c77cca278835262d5e56b7932635b30b7cea2,CLOSED_UNIQUE,0.0,CLOSED_UNIQUE,0.0,2025-04-01,NAF,CLOSED_PF_LT60,2025-03-31,True,12B25,
1595527,0001628280-25-013880,20250319,AMERICAN STRATEGIC INVESTMENT CO.,4-NON,NAF,CLOSED,CLOSED_OPERATING_NON_SHELL,OPERATING,operating,CLOSED_UNIQUE,12800000.0,2024-06-30,3824d4af0f9d452a4e97160ba7d710c4b67dcae7001b6975fc4e02966e5365ba,NO_WHITELIST_TOPLINE,,NO_WHITELIST_TOPLINE,,,NAF,CLOSED_PF_LT60,2025-03-31,True,DIRECT,
1595974,0001595974-25-000008,20250226,"MAGNITE, INC.",1-LAF,LAF,CLOSED,CLOSED_OPERATING_NON_SHELL,OPERATING,operating,CLOSED_UNIQUE,1332741135.0,2024-06-30,d3b9b917de1809acc363696bd5eba791f21d8c1d94793e809efb6a800ec7e1b2,CLOSED_UNIQUE,619710000.0,CLOSED_UNIQUE,577069000.0,,LAF,CLOSED_PF_GE700,2025-03-03,True,DIRECT,
1596532,0001596532-25-000028,20250219,"ARISTA NETWORKS, INC.",1-LAF,LAF,CLOSED,CLOSED_OPERATING_NON_SHELL,OPERATING,operating,CLOSED_UNIQUE,90200000000.0,2024-06-28,5f7b0d7669ce86154bca1cbba694b373063b229b95220c14e869a6cf63fce9f5,CLOSED_UNIQUE,5860168000.0,CLOSED_UNIQUE,4381310000.0,,LAF,CLOSED_PF_GE700,2025-03-03,True,DIRECT,
1596961,0001596961-25-000024,20250314,"RUMBLEON, INC.",2-ACC,AF,CLOSED,CLOSED_OPERATING_NON_SHELL,OPERATING,operating,CLOSED_UNIQUE,65500000.0,2024-06-30,fd86a0db785c8229af48d4eb0f44a6279ca8ff1b875827a10c36059392ad5203,CLOSED_UNIQUE,1366400000.0,CLOSED_UNIQUE,1793368000.0,,AF,CLOSED_PRIOR_ACC_REV_GE80_REMAIN_AF,2025-03-17,True,DIRECT,
1596967,0000950170-25-029070,20250227,MOELIS & CO,1-LAF,LAF,CLOSED,CLOSED_OPERATING_NON_SHELL,OPERATING,operating,CLOSED_UNIQUE,3989000000.0,2024-06-30,0147e5700eff9739f14e9ea0ffb6ea4ac0b2bd2bfbfa54f59597046562ce597b,CLOSED_UNIQUE,854748000.0,CLOSED_UNIQUE,985297000.0,,LAF,CLOSED_PF_GE700,2025-03-03,True,DIRECT,
1597033,0001597033-25-000027,20250220,SABRE CORP,1-LAF,LAF,CLOSED,CLOSED_OPERATING_NON_SHELL,OPERATING,operating,CLOSED_UNIQUE,682381656.0,2024-06-30,940fd25cd307f9fce7843d53ea5f236636ad6c1e60065abdcc98b49de070cfb6,CLOSED_UNIQUE,2907738000.0,CLOSED_UNIQUE,2537015000.0,,LAF,CLOSED_PRIOR_LAF_PF_GE560,2025-03-03,True,DIRECT,
1597264,0001558370-25-000953,20250213,BLUEPRINT MEDICINES CORP,1-LAF,LAF,CLOSED,CLOSED_OPERATING_NON_SHELL,OPERATING,operating,CLOSED_UNIQUE,6747459120.0,2024-06-30,ef49e50994e47293289f4dd8e29f4676389297a2bbb79cb833a2479119326f67,CLOSED_UNIQUE,249380000.0,CLOSED_UNIQUE,204036000.0,,LAF,CLOSED_PF_GE700,2025-03-03,True,DIRECT,
1597553,0000950170-25-017909,20250211,"SAGE THERAPEUTICS, INC.",1-LAF,LAF,CLOSED,CLOSED_OPERATING_NON_SHELL,OPERATING,operating,CLOSED_UNIQUE,590463402.0,2024-06-28,66560e64b54f27df393475a34a06c3e7f11990796f8b2be3886898b6d4c893de,CLOSED_UNIQUE,86455000.0,CLOSED_UNIQUE,7686000.0,,LAF,CLOSED_PRIOR_LAF_PF_GE560,2025-03-03,True,DIRECT,
1597672,0001597672-25-000008,20250306,RAYONIER ADVANCED MATERIALS INC.,2-ACC,AF,CLOSED,CLOSED_OPERATING_NON_SHELL,OPERATING,operating,CLOSED_UNIQUE,345496271.0,2024-06-29,c94fbd69fd5915ed67636884450d2baf83e3707dc664c10ec9492d526a0a348b,CLOSED_UNIQUE,1643330000.0,CLOSED_UNIQUE,1717267000.0,,AF,CLOSED_PRIOR_ACC_REV_GE80_REMAIN_AF,2025-03-17,True,DIRECT,
1597846,0001641172-25-003336,20250409,GREENPRO CAPITAL CORP.,4-NON,NAF,CLOSED,CLOSED_OPERATING_NON_SHELL,OPERATING,operating,CLOSED_UNIQUE,4370143.0,2024-06-28,09f5b217affb19ade210af820a8495580e990c64e6e7e2c0d7913bdd6313e224,CLOSED_UNIQUE,3477664.0,CLOSED_UNIQUE,3673997.0,2025-03-25,NAF,CLOSED_PF_LT60,2025-03-31,True,12B25,
1598428,0000950170-25-029085,20250227,METALLUS INC.,1-LAF,LAF,CLOSED,CLOSED_OPERATING_NON_SHELL,OPERATING,operating,CLOSED_UNIQUE,852555470.0,2024-06-30,b84c414ceb53263d3e718be46bfdd31d17920b083ac984107b2429f6001fd467,CLOSED_UNIQUE,1362400000.0,CLOSED_UNIQUE,1329900000.0,,LAF,CLOSED_PF_GE700,2025-03-03,True,DIRECT,
1598981,0001641172-25-000290,20250324,SKYX PLATFORMS CORP.,4-NON,NAF,CLOSED,CLOSED_OPERATING_NON_SHELL,OPERATING,operating,CLOSED_UNIQUE,70495818.0,2024-06-28,56aa6fdb97d3c152c33d34493faf081b13173ae91db735f2673703fb279b3a24,CLOSED_UNIQUE,58785762.0,CLOSED_UNIQUE,32022.0,,NAF,CLOSED_PRIOR_NON_PF_LT75,2025-03-31,True,DIRECT,
1599117,0001641172-25-001620,20250331,"MENTOR CAPITAL, INC.",4-NON,NAF,CLOSED,CLOSED_OPERATING_NON_SHELL,OPERATING,operating,CLOSED_UNIQUE,1373789.0,2024-06-30,3a9b700a2d12cc739210b7b502b87899602719d9f3fe187b4abd628dea606a20,NO_WHITELIST_TOPLINE,,CLOSED_UNIQUE,7705715.0,,NAF,CLOSED_PF_LT60,2025-03-31,True,DIRECT,
1599298,0001599298-25-000048,20250224,SUMMIT THERAPEUTICS INC.,4-NON,NAF,CLOSED,CLOSED_OPERATING_NON_SHELL,OPERATING,operating,CLOSED_UNIQUE,827300000.0,2024-06-30,b08f77d8bf5a82628382ec95a862aaa02eb247595ef6c079ff484c52c6bfd424,CLOSED_UNIQUE,0.0,CLOSED_UNIQUE,705000.0,,LAF,CLOSED_PF_GE700,2025-03-03,True,DIRECT,
1599407,0001213900-25-026414,20250331,1847 HOLDINGS LLC,4-NON,NAF,CLOSED,CLOSED_OPERATING_NON_SHELL,OPERATING,operating,CLOSED_UNIQUE,8500000.0,2024-06-28,1808b560676772307056c8f04450cf4dcf8a99d32c38a4055501f51436c2a7fb,CLOSED_UNIQUE,68681818.0,CLOSED_UNIQUE,48929124.0,,NAF,CLOSED_PF_LT60,2025-03-31,True,DIRECT,
1599901,0001599901-25-000059,20250227,"AVIDITY BIOSCIENCES, INC.",1-LAF,LAF,CLOSED,CLOSED_OPERATING_NON_SHELL,OPERATING,operating,CLOSED_UNIQUE,4400000000.0,2024-06-30,11b74e2125d9f7daa040b3aa89cdf4d109deb82706ddfd76cd72e44729a2061d,NO_WHITELIST_TOPLINE,,NO_WHITELIST_TOPLINE,,,LAF,CLOSED_PF_GE700,2025-03-03,True,DIRECT,
1600620,0001600620-25-000011,20250227,AURINIA PHARMACEUTICALS INC.,1-LAF,LAF,CLOSED,CLOSED_OPERATING_NON_SHELL,OPERATING,operating,CLOSED_UNIQUE,800000000.0,2024-06-30,527d9d10701645ed347369ab7249171a08749a79ec2d30d7f1b5405a9ec33029,NO_WHITELIST_TOPLINE,,NO_WHITELIST_TOPLINE,,,LAF,CLOSED_PF_GE700,2025-03-03,True,DIRECT,
1601485,0001601485-25-000049,20250331,"ELICIO THERAPEUTICS, INC.",4-NON,NAF,CLOSED,CLOSED_OPERATING_NON_SHELL,OPERATING,operating,CLOSED_UNIQUE,33200000.0,2024-06-28,1047d9e98a2ddaef522cdc357d3dde5b0c1dff288826db183a80db02c4d95cd9,NO_WHITELIST_TOPLINE,,CLOSED_UNIQUE,2301000.0,,NAF,CLOSED_PF_LT60,2025-03-31,True,DIRECT,
1601548,0001601548-25-000009,20250224,"V2X, INC.",2-ACC,AF,CLOSED,CLOSED_OPERATING_NON_SHELL,OPERATING,operating,CLOSED_UNIQUE,588612936.0,2024-06-28,ec8dd31ab04bd8f4b28a096e6f6cfa82487babedcbfa2d42dd62ca6edcbcfc92,CLOSED_UNIQUE,3963126000.0,CLOSED_UNIQUE,2890860000.0,,AF,CLOSED_PRIOR_ACC_REV_GE80_REMAIN_AF,2025-03-17,True,DIRECT,
1601712,0001601712-25-000044,20250207,SYNCHRONY FINANCIAL,1-LAF,LAF,CLOSED,CLOSED_OPERATING_NON_SHELL,OPERATING,operating,CLOSED_UNIQUE,18645501294.0,2024-06-30,1781d524043f816101bcbbab644c4c6bbe9db0265f2c3dd34e802b82f596f9cd,NO_WHITELIST_TOPLINE,,NO_WHITELIST_TOPLINE,,,LAF,CLOSED_PF_GE700,2025-03-03,True,DIRECT,
1601830,0001601830-25-000035,20250228,"RECURSION PHARMACEUTICALS, INC.",1-LAF,LAF,CLOSED,CLOSED_OPERATING_NON_SHELL,OPERATING,operating,CLOSED_UNIQUE,1508300000.0,2024-06-30,50204088d474bbe09f5e52813ef0ec9f2164a1501ee1f005bf0a613f072dd6e6,CLOSED_UNIQUE,44575000.0,CLOSED_UNIQUE,39843000.0,,LAF,CLOSED_PF_GE700,2025-03-03,True,DIRECT,
1602065,0001602065-25-000010,20250226,"VIPER ENERGY, INC.",1-LAF,LAF,CLOSED,CLOSED_OPERATING_NON_SHELL,OPERATING,operating,CLOSED_UNIQUE,3400000000.0,2024-06-30,37872d3be5062e7afac9e4390814dd7f054226ba8fa08e4b04943f2e73afb386,NO_WHITELIST_TOPLINE,,NO_WHITELIST_TOPLINE,,,LAF,CLOSED_PF_GE700,2025-03-03,True,DIRECT,
1603145,0001603145-25-000006,20250221,"XPLR INFRASTRUCTURE, LP",1-LAF,LAF,CLOSED,CLOSED_OPERATING_NON_SHELL,OPERATING,operating,CLOSED_UNIQUE,2513554430.0,2024-06-28,705fa7dda682c7edaf36e1d0e1ea1cf26a6d657908db91f41868f0d7bbe1c745,CLOSED_UNIQUE,1078000000.0,NO_WHITELIST_TOPLINE,,,LAF,CLOSED_PF_GE700,2025-03-03,True,DIRECT,
1603923,0001603923-25-000050,20250206,WEATHERFORD INTERNATIONAL PLC,1-LAF,LAF,CLOSED,CLOSED_OPERATING_NON_SHELL,OPERATING,operating,CLOSED_UNIQUE,6600000000.0,2024-06-30,10f58ab8cf83658b3ffdf183929bc517433ff2e633bc91ba73b1476d5bd687c6,CLOSED_UNIQUE,5135000000.0,CLOSED_UNIQUE,4331000000.0,,LAF,CLOSED_PF_GE700,2025-03-03,True,DIRECT,
1603978,0001603978-25-000014,20250327,AQUABOUNTY TECHNOLOGIES INC,4-NON,NAF,CLOSED,CLOSED_OPERATING_NON_SHELL,OPERATING,operating,CLOSED_UNIQUE,6100000.0,2024-06-28,a8870e8dc648e48dea2dd7bb5c2eebbbef7b67bfc5c1c0b1dcfe2057b2d45b6b,NO_WHITELIST_TOPLINE,,NO_WHITELIST_TOPLINE,,,NAF,CLOSED_PF_LT60,2025-03-31,True,DIRECT,
1604464,0000950170-25-035507,20250307,"ATARA BIOTHERAPEUTICS, INC.",4-NON,NAF,CLOSED,CLOSED_OPERATING_NON_SHELL,OPERATING,operating,CLOSED_UNIQUE,41039683.0,2024-06-30,513e5cd60aa5fcbb52fcad6df6b4f8137a14b831302b8298aa37155b02257ef6,NO_WHITELIST_TOPLINE,,NO_WHITELIST_TOPLINE,,,NAF,CLOSED_PF_LT60,2025-03-31,True,DIRECT,
1604665,0001604665-25-000011,20250305,WESTLAKE CHEMICAL PARTNERS LP,2-ACC,AF,CLOSED,CLOSED_OPERATING_NON_SHELL,OPERATING,operating,CLOSED_UNIQUE,434900000.0,2024-06-30,85b1cb19368daa8f1dd476d9d1f40a36710c938fbc688da80c405646b73d3896,CLOSED_UNIQUE,1190791000.0,CLOSED_UNIQUE,1593147000.0,,AF,CLOSED_PRIOR_ACC_REV_GE80_REMAIN_AF,2025-03-17,True,DIRECT,
1604821,0001558370-25-001869,20250228,"NATERA, INC.",1-LAF,LAF,CLOSED,CLOSED_OPERATING_NON_SHELL,OPERATING,operating,CLOSED_UNIQUE,13150000000.0,2024-06-30,1c9fbc5ff8374847f01400fc3c9d883d8292973526a3d2d68b715af0301661ef,CLOSED_UNIQUE,1082571000.0,CLOSED_UNIQUE,820222000.0,,LAF,CLOSED_PF_GE700,2025-03-03,True,DIRECT,
1604868,0001628280-25-012661,20250313,GROWGENERATION CORP.,2-ACC,AF,CLOSED,CLOSED_OPERATING_NON_SHELL,OPERATING,operating,CLOSED_UNIQUE,120243772.0,2024-06-30,7cd075ad70322190f4ec90828a36dad8f50f4f635a98f0db846d0513025caf70,CLOSED_UNIQUE,225882000.0,NO_WHITELIST_TOPLINE,,,AF,CLOSED_PRIOR_ACC_REV_GE80_REMAIN_AF,2025-03-17,True,DIRECT,
1604950,0000950170-25-042159,20250319,SCPHARMACEUTICALS INC.,4-NON,NAF,CLOSED,CLOSED_OPERATING_NON_SHELL,OPERATING,operating,CLOSED_UNIQUE,118269088000.0,2024-06-28,e78cc38c22674b6c7e45df3aab830c37c187ab8402f2b3af0ac89a22b8f57a54,NO_WHITELIST_TOPLINE,,NO_WHITELIST_TOPLINE,,,LAF,CLOSED_PF_GE700,2025-03-03,False,LATE,
1605481,0001641172-25-000893,20250327,NEVADA CANYON GOLD CORP.,4-NON,NAF,CLOSED,CLOSED_OPERATING_NON_SHELL,OPERATING,operating,CLOSED_UNIQUE,59761832.0,2024-06-28,cbc6f59e35702bf5e59f953c2eaac1b90ca33287d48a14403e826cc6aa5b2d5f,NO_WHITELIST_TOPLINE,,NO_WHITELIST_TOPLINE,,,NAF,CLOSED_PF_LT60,2025-03-31,True,DIRECT,
1605607,0000950170-25-029096,20250227,"PARAMOUNT GROUP, INC.",1-LAF,LAF,CLOSED,CLOSED_OPERATING_NON_SHELL,OPERATING,operating,CLOSED_UNIQUE,846664000.0,2024-06-30,eeafba590fd74dcbaa235c5445ce03874a005fd2ce80a6788065b2dfb9451ade,CLOSED_UNIQUE,742788000.0,CLOSED_UNIQUE,740377000.0,,LAF,CLOSED_PF_GE700,2025-03-03,True,DIRECT,
1605888,0001605888-25-000006,20250328,ATLANTIC INTERNATIONAL CORP.,4-NON,NAF,CLOSED,CLOSED_OPERATING_NON_SHELL,OPERATING,operating,CLOSED_UNIQUE,58986912.0,2024-06-28,145936cf59a075b9571e274625914818f7d7376f009a6e1e038df7e7bb566b15,NO_WHITELIST_TOPLINE,,CONFLICTING_WHITELIST_VALUES,,,NAF,CLOSED_PF_LT60,2025-03-31,True,DIRECT,
1606163,0001628280-25-011745,20250310,"LIMBACH HOLDINGS, INC.",2-ACC,AF,CLOSED,CLOSED_OPERATING_NON_SHELL,OPERATING,operating,CLOSED_UNIQUE,579000000.0,2024-06-28,de7b650e4655b72f72315f70e88c7a99f53344e5b78b005a86197f202c02ae94,CLOSED_UNIQUE,516350000.0,CLOSED_UNIQUE,496782000.0,,AF,CLOSED_PRIOR_ACC_REV_GE80_REMAIN_AF,2025-03-17,True,DIRECT,
1606366,0001606366-25-000008,20250307,"EL POLLO LOCO HOLDINGS, INC.",2-ACC,AF,CLOSED,CLOSED_OPERATING_NON_SHELL,OPERATING,operating,CLOSED_UNIQUE,140000000.0,2024-06-26,2f919376e36d6a81f97183b9a5d203e5836ae3d9fff9d2f551fc6472dcbcfe47,CLOSED_UNIQUE,468664000.0,CLOSED_UNIQUE,469959000.0,,AF,CLOSED_PRIOR_ACC_REV_GE80_REMAIN_AF,2025-03-17,True,DIRECT,
1606498,0001606498-25-000024,20250226,"AVANOS MEDICAL, INC.",1-LAF,LAF,CLOSED,CLOSED_OPERATING_NON_SHELL,OPERATING,operating,CLOSED_UNIQUE,907273471.0,2024-06-30,49d80510cbf7046f184c5327653b438b8b6467f839475440c7ab77c828cdb9fe,CLOSED_UNIQUE,673300000.0,CLOSED_UNIQUE,820000000.0,,LAF,CLOSED_PF_GE700,2025-03-03,True,DIRECT,
1606909,0001606909-25-000097,20250318,PANGAEA LOGISTICS SOLUTIONS LTD.,2-ACC,AF,CLOSED,CLOSED_OPERATING_NON_SHELL,OPERATING,operating,CLOSED_UNIQUE,243730000.0,2024-06-30,c3516361a1a7d1723d5e222a91e3c839e857a7e88dc177528d07151f73cb9f72,CLOSED_UNIQUE,499267834.0,CLOSED_UNIQUE,699706906.0,2025-03-18,AF,CLOSED_PRIOR_ACC_REV_GE80_REMAIN_AF,2025-03-17,True,12B25,
1607678,0000950170-25-027824,20250226,"VIKING THERAPEUTICS, INC.",1-LAF,LAF,CLOSED,CLOSED_OPERATING_NON_SHELL,OPERATING,operating,CLOSED_UNIQUE,4004347676.0,2024-06-30,89162941a730c22f52251680c35e176a79853b46aecb4022737426069e1a7a04,CLOSED_UNIQUE,0.0,CLOSED_UNIQUE,0.0,,LAF,CLOSED_PF_GE700,2025-03-03,True,DIRECT,
1607939,0001607939-25-000011,20250219,"UDEMY, INC.",1-LAF,LAF,CLOSED,CLOSED_OPERATING_NON_SHELL,OPERATING,operating,CLOSED_UNIQUE,947100000.0,2024-06-28,f2aee1a928d31e4f0a64f7594e4931cdb6566651b03549c043a7cd3d55936587,CLOSED_UNIQUE,728937000.0,CLOSED_UNIQUE,629097000.0,,LAF,CLOSED_PF_GE700,2025-03-03,True,DIRECT,
1607962,0001178913-25-000736,20250307,LIFEWARD LTD.,4-NON,NAF,CLOSED,CLOSED_OPERATING_NON_SHELL,OPERATING,operating,CLOSED_UNIQUE,33850860.0,2024-06-28,213beb43b50769015f42e10038ce911a542c0ce47a83489bae29ac5a2e8eb4ab,CLOSED_UNIQUE,13854000.0,CLOSED_UNIQUE,5511000.0,,NAF,CLOSED_PF_LT60,2025-03-31,True,DIRECT,
1609065,0000950170-25-047820,20250331,"PATHFINDER BANCORP, INC.",4-NON,NAF,CLOSED,CLOSED_OPERATING_NON_SHELL,OPERATING,operating,CLOSED_UNIQUE,67500000.0,2024-06-30,0111d0c4f900c33855e51372200c03b8863e7e033be7b09fe15e1c565264f4a2,NO_WHITELIST_TOPLINE,,NO_WHITELIST_TOPLINE,,,NAF,CLOSED_PRIOR_NON_PF_LT75,2025-03-31,True,DIRECT,
1609151,0001609151-25-000022,20250313,"WEAVE COMMUNICATIONS, INC.",2-ACC,AF,CLOSED,CLOSED_OPERATING_NON_SHELL,OPERATING,operating,CLOSED_UNIQUE,417300000.0,2024-06-30,e866169670d8dcc772180e7b857430f51c90d1624fd02fa25cba2297f4765ec9,CLOSED_UNIQUE,170468000.0,CLOSED_UNIQUE,142117000.0,,AF,CLOSED_PRIOR_ACC_REV_GE80_REMAIN_AF,2025-03-17,True,DIRECT,
1609253,0001609253-25-000027,20250303,CALIFORNIA RESOURCES CORP,1-LAF,LAF,CLOSED,CLOSED_OPERATING_NON_SHELL,OPERATING,operating,CLOSED_UNIQUE,3592717138.0,2024-06-30,4a86292f0143331510129ae31ef4d6ec7da991c1c4c3f96680ea25879bed232a,CLOSED_UNIQUE,2801000000.0,CLOSED_UNIQUE,2707000000.0,,LAF,CLOSED_PF_GE700,2025-03-03,True,DIRECT,
1609550,0001609550-25-000011,20250210,"INSPIRE MEDICAL SYSTEMS, INC.",1-LAF,LAF,CLOSED,CLOSED_OPERATING_NON_SHELL,OPERATING,operating,CLOSED_UNIQUE,3929568386.0,2024-06-28,55a63bec30f550cf2bae87f9a6bcd2975f9d8a81fd094040a767a38b5bd6d68c,CLOSED_UNIQUE,624799000.0,CLOSED_UNIQUE,407856000.0,,LAF,CLOSED_PF_GE700,2025-03-03,True,DIRECT,
1609711,0001609711-25-000023,20250220,GODADDY INC.,1-LAF,LAF,CLOSED,CLOSED_OPERATING_NON_SHELL,OPERATING,operating,CLOSED_UNIQUE,19700000000.0,2024-06-30,b247ad6e10c9cbe647f1e49e5f0f3993bc1e00419a2ac52f43c3c3841622d9ab,CLOSED_UNIQUE,4254100000.0,CLOSED_UNIQUE,4091300000.0,,LAF,CLOSED_PF_GE700,2025-03-03,True,DIRECT,
1609804,0001609804-25-000007,20250220,ORION S.A.,1-LAF,LAF,CLOSED,CLOSED_OPERATING_NON_SHELL,OPERATING,operating,CLOSED_UNIQUE,1280000000.0,2024-06-30,252da810a963ef9a67d9d933670c4374b05b81908a3435b19fe4f18449c65eda,CLOSED_UNIQUE,1893900000.0,CLOSED_UNIQUE,2030900000.0,,LAF,CLOSED_PF_GE700,2025-03-03,True,DIRECT,
1609809,0000950170-25-038427,20250313,"SERES THERAPEUTICS, INC.",4-NON,NAF,CLOSED,CLOSED_OPERATING_NON_SHELL,OPERATING,operating,CLOSED_UNIQUE,87098863.0,2024-06-28,a1bfb57259872542f174f0086f1dfb09ee2f71893d3b2ab6384202507b867679,CLOSED_UNIQUE,126325000.0,CLOSED_UNIQUE,7128000.0,,AF,CLOSED_PRIOR_NON_REV_GE100_ENTER_AF,2025-03-17,True,DIRECT,
1610618,0001610618-25-000017,20250306,"CIDARA THERAPEUTICS, INC.",4-NON,NAF,CLOSED,CLOSED_OPERATING_NON_SHELL,OPERATING,operating,CLOSED_UNIQUE,53300000.0,2024-06-28,2262615d507ae86ef0ad2c13756a57a89a02e3e35907939c413f9010dbb65b57,CLOSED_UNIQUE,63905000.0,CLOSED_UNIQUE,64288000.0,,NAF,CLOSED_PF_LT60,2025-03-31,True,DIRECT,
1610853,0001558370-25-003619,20250325,"HELIUS MEDICAL TECHNOLOGIES, INC.",4-NON,NAF,CLOSED,CLOSED_OPERATING_NON_SHELL,OPERATING,operating,CLOSED_UNIQUE,3094103.0,2024-06-30,609012380374f8a27799026e6630595f1aa0493d5dbcc742405f815671bd7edb,CLOSED_UNIQUE,644000.0,CLOSED_UNIQUE,787000.0,,NAF,CLOSED_PF_LT60,2025-03-31,True,DIRECT,
1611052,0001628280-25-008121,20250226,"PROCORE TECHNOLOGIES, INC.",1-LAF,LAF,CLOSED,CLOSED_OPERATING_NON_SHELL,OPERATING,operating,CLOSED_UNIQUE,7044400000.0,2024-06-30,3ddef1d61e19ffd7f0e9b7424aa0790eb15a98579524ee8f33a224c864254680,CLOSED_UNIQUE,950010000.0,CLOSED_UNIQUE,720203000.0,,LAF,CLOSED_PF_GE700,2025-03-03,True,DIRECT,
1611647,0001611647-25-000007,20250220,"FRESHPET, INC.",1-LAF,LAF,CLOSED,CLOSED_OPERATING_NON_SHELL,OPERATING,operating,CLOSED_UNIQUE,6200000000.0,2024-06-30,117b0aa86c5ebf76da60e34d5e3d90e89b1843987c2440164429f6536a451b03,CLOSED_UNIQUE,766895000.0,CLOSED_UNIQUE,595344000.0,,LAF,CLOSED_PF_GE700,2025-03-03,True,DIRECT,
1611983,0001558370-25-001788,20250227,LIBERTY BROADBAND CORP,1-LAF,LAF,CLOSED,CLOSED_OPERATING_NON_SHELL,OPERATING,operating,CLOSED_UNIQUE,7100000000.0,2024-06-30,e1c5f1ced953ba569a6f9a8f755153a2a87e76bb134bb0e130b04bf8043c871d,CLOSED_UNIQUE,981000000.0,CLOSED_UNIQUE,975000000.0,,LAF,CLOSED_PF_GE700,2025-03-03,True,DIRECT,
1612630,0001628280-25-012702,20250314,JOINT CORP,2-ACC,AF,CLOSED,CLOSED_OPERATING_NON_SHELL,OPERATING,operating,CLOSED_UNIQUE,205700000.0,2024-06-28,d8d8a3108c48d872084c0da356e343640c4707a0ff22fd045c00dc4eaeee36d3,CLOSED_UNIQUE,117696356.0,CLOSED_UNIQUE,101911409.0,,AF,CLOSED_PRIOR_ACC_REV_GE80_REMAIN_AF,2025-03-17,True,DIRECT,
1612720,0001628280-25-008841,20250228,NEXTDECADE CORP.,4-NON,NAF,CLOSED,CLOSED_OPERATING_NON_SHELL,OPERATING,operating,CLOSED_UNIQUE,1100000000.0,2024-06-28,28846f54923f1adc91438487c57c4fe165727d250d5a36ecbed6b09b4dc77ef5,CLOSED_UNIQUE,0.0,CLOSED_UNIQUE,0.0,,LAF,CLOSED_PF_GE700,2025-03-03,True,DIRECT,
1615063,0001641172-25-000737,20250326,"INSPIRED ENTERTAINMENT, INC.",2-ACC,AF,CLOSED,CLOSED_OPERATING_NON_SHELL,OPERATING,operating,CLOSED_UNIQUE,199500000.0,2024-06-30,eaacb975964ce871769bcc291f34f23778cc268c9b29f997217109f5a32d175f,CLOSED_UNIQUE,323000000.0,CLOSED_UNIQUE,285400000.0,2025-03-17,AF,CLOSED_PRIOR_ACC_REV_GE80_REMAIN_AF,2025-03-17,True,12B25,
1615165,0000950170-25-048602,20250401,"VERITONE, INC.",2-ACC,AF,CLOSED,CLOSED_OPERATING_NON_SHELL,OPERATING,operating,CLOSED_UNIQUE,74200000.0,2024-06-28,745d2404e6760b365b4cc825e689512ad3296151ec67dc365317b2fdb07088bf,CLOSED_UNIQUE,127560000.0,CLOSED_UNIQUE,149728000.0,2025-03-17,AF,CLOSED_PRIOR_ACC_REV_GE80_REMAIN_AF,2025-03-17,True,12B25,
1615219,0001615219-25-000037,20250321,"SALARIUS PHARMACEUTICALS, INC.",4-NON,NAF,CLOSED,CLOSED_OPERATING_NON_SHELL,OPERATING,operating,CLOSED_UNIQUE,1500431.0,2024-06-28,32b613ac111469ae4dc08a99a17ca5db4718560b73453d41de88a0853ff20b37,NO_WHITELIST_TOPLINE,,NO_WHITELIST_TOPLINE,,,NAF,CLOSED_PF_LT60,2025-03-31,True,DIRECT,
1615222,0001999371-25-003519,20250331,"MOODY NATIONAL REIT II, INC.",4-NON,NAF,CLOSED,CLOSED_OPERATING_NON_SHELL,OPERATING,operating,CLOSED_UNIQUE,0.0,2024-06-30,8a48e75c91613032fa00f97b96b13116756220b8329700dd0e7003bcaf550173,NO_WHITELIST_TOPLINE,,CLOSED_UNIQUE,77374000.0,,NAF,CLOSED_PF_LT60,2025-03-31,True,DIRECT,
1616000,0001616000-25-000022,20250225,"XENIA HOTELS & RESORTS, INC.",1-LAF,LAF,CLOSED,CLOSED_OPERATING_NON_SHELL,OPERATING,operating,CLOSED_UNIQUE,1450000000.0,2024-06-28,d876acd13aacea780bfcfee0fd0d162e232c4740de4c6c2a0a4e40fc3e30cd94,CLOSED_UNIQUE,1025443000.0,CLOSED_UNIQUE,997607000.0,,LAF,CLOSED_PF_GE700,2025-03-03,True,DIRECT,
1616707,0001616707-25-000022,20250220,WAYFAIR INC.,1-LAF,LAF,CLOSED,CLOSED_OPERATING_NON_SHELL,OPERATING,operating,CLOSED_UNIQUE,5000000000.0,2024-06-30,453f847416da13d540d7e506867c07cc9b2f1c64f6020a3664afde808745c7c7,CLOSED_UNIQUE,12003000000.0,CLOSED_UNIQUE,12218000000.0,,LAF,CLOSED_PF_GE700,2025-03-03,True,DIRECT,
1616862,0001616862-25-000013,20250213,AXALTA COATING SYSTEMS LTD.,1-LAF,LAF,CLOSED,CLOSED_OPERATING_NON_SHELL,OPERATING,operating,CLOSED_UNIQUE,7475000000.0,2024-06-30,5decd597193ba06924b857b8f68e52a2daa2cfcae7942153a3142833d2caff92,CLOSED_UNIQUE,5184100000.0,CLOSED_UNIQUE,4884400000.0,,LAF,CLOSED_PF_GE700,2025-03-03,True,DIRECT,
1617406,0001617406-25-000006,20250220,PARK HOTELS & RESORTS INC.,1-LAF,LAF,CLOSED,CLOSED_OPERATING_NON_SHELL,OPERATING,operating,CLOSED_UNIQUE,3080000000.0,2024-06-30,00d2e71ebfd49447e62d8be2ee149ad5fb59ab0547e124bd297b28c6ba1cade4,CLOSED_UNIQUE,2698000000.0,CLOSED_UNIQUE,2501000000.0,,LAF,CLOSED_PF_GE700,2025-03-03,True,DIRECT,
1617553,0001617553-25-000011,20250225,"ZIPRECRUITER, INC.",1-LAF,LAF,CLOSED,CLOSED_OPERATING_NON_SHELL,OPERATING,operating,CLOSED_UNIQUE,652900000.0,2024-06-30,9591c2e7beba10ac0e8436f39a5f06fcfe06ca0327067f5fea3255ca01f193d8,CLOSED_UNIQUE,645722000.0,CLOSED_UNIQUE,904649000.0,,LAF,CLOSED_PRIOR_LAF_PF_GE560,2025-03-03,True,DIRECT,
1617640,0001617640-25-000016,20250211,"ZILLOW GROUP, INC.",1-LAF,LAF,CLOSED,CLOSED_OPERATING_NON_SHELL,OPERATING,operating,CLOSED_UNIQUE,9400000000.0,2024-06-28,42705083daf084c256688102778c986db7eed297b9337b848f7a6ffb1fae288f,CLOSED_UNIQUE,1945000000.0,CLOSED_UNIQUE,1958000000.0,,LAF,CLOSED_PF_GE700,2025-03-03,True,DIRECT,
1618563,0001628280-25-008656,20250227,NATIONAL STORAGE AFFILIATES TRUST,1-LAF,LAF,CLOSED,CLOSED_OPERATING_NON_SHELL,OPERATING,operating,CLOSED_UNIQUE,3100000000.0,2024-06-30,cd544efe39b0ad17b5eca7b5b33b536938fc79e5aa587b766d46cd0241b13ff6,CLOSED_UNIQUE,858063000.0,CLOSED_UNIQUE,801569000.0,,LAF,CLOSED_PF_GE700,2025-03-03,True,DIRECT,
1618756,0001618756-25-000087,20250221,RESTAURANT BRANDS INTERNATIONAL INC.,1-LAF,LAF,CLOSED,CLOSED_OPERATING_NON_SHELL,OPERATING,operating,CLOSED_UNIQUE,22028437126.0,2024-06-30,f47fc0c0f1bd166b85bbc09cbe35ce836b5aa0e4b90d303c64e75b04d4648ba4,CLOSED_UNIQUE,7022000000.0,CLOSED_UNIQUE,6505000000.0,,LAF,CLOSED_PF_GE700,2025-03-03,True,DIRECT,
1619227,0001640334-25-000318,20250227,"CLOUDWEB, INC.",4-NON,NAF,CLOSED,CLOSED_OPERATING_NON_SHELL,OPERATING,operating,CLOSED_UNIQUE,55414.0,2024-06-30,bdd1c7d25bd6330e5b4dea9d89038da55b083dcfeb41fa44e90ea1cc1af88800,NO_WHITELIST_TOPLINE,,NO_WHITELIST_TOPLINE,,,NAF,CLOSED_PF_LT60,2025-03-31,True,DIRECT,
1619312,0001185185-25-000226,20250326,"LIGHTSTONE VALUE PLUS REIT IV, INC.",4-NON,NAF,CLOSED,CLOSED_OPERATING_NON_SHELL,OPERATING,operating,CLOSED_UNIQUE,0.0,2024-06-30,8845386b67b6ff1c0e1f1a8e6cfbc0dd64c02d3d6546949739fa4795a3340468,NO_WHITELIST_TOPLINE,,NO_WHITELIST_TOPLINE,,,NAF,CLOSED_PF_LT60,2025-03-31,True,DIRECT,
1620393,0000950170-25-027741,20250226,"NEXPOINT RESIDENTIAL TRUST, INC.",1-LAF,LAF,CLOSED,CLOSED_OPERATING_NON_SHELL,OPERATING,operating,CLOSED_UNIQUE,951000000.0,2024-06-28,a659f3afe123461615b9d958b7d8c6686c3cceb418d100cd90397759c995fbda,CLOSED_UNIQUE,277526000.0,CLOSED_UNIQUE,263952000.0,,LAF,CLOSED_PF_GE700,2025-03-03,True,DIRECT,
1620533,0001620533-25-000016,20250221,SHAKE SHACK INC.,1-LAF,LAF,CLOSED,CLOSED_OPERATING_NON_SHELL,OPERATING,operating,CLOSED_UNIQUE,3362867392.0,2024-06-26,e21b564024644281576824f5483ee49aa0dde4b88f167a61742d9c8ffd63b0ab,CLOSED_UNIQUE,1087533000.0,CLOSED_UNIQUE,900486000.0,,LAF,CLOSED_PF_GE700,2025-03-03,True,DIRECT,
1621221,0001640334-25-000335,20250303,"ARTELO BIOSCIENCES, INC.",4-NON,NAF,CLOSED,CLOSED_OPERATING_NON_SHELL,OPERATING,operating,CLOSED_UNIQUE,4289305.0,2024-06-30,f0a0bf18977cad4c7992dacfe0774681006a49d529a014ae5a8e3985efd662c9,NO_WHITELIST_TOPLINE,,NO_WHITELIST_TOPLINE,,,NAF,CLOSED_PF_LT60,2025-03-31,True,DIRECT,
1621434,0001628280-25-007730,20250225,"BLACK STONE MINERALS, L.P.",1-LAF,LAF,CLOSED,CLOSED_OPERATING_NON_SHELL,OPERATING,operating,CLOSED_UNIQUE,2689761110.0,2024-06-28,b539640d0db66ec5ccd80fdbba3e7667f1bc8a71576e5892aa2ab2ca0779ca5f,CLOSED_UNIQUE,592216000.0,CLOSED_UNIQUE,663604000.0,,LAF,CLOSED_PF_GE700,2025-03-03,True,DIRECT,
1621832,0001437749-25-010177,20250331,"AQUA METALS, INC.",4-NON,NAF,CLOSED,CLOSED_OPERATING_NON_SHELL,OPERATING,operating,CLOSED_UNIQUE,40948468.0,2024-06-30,e5a8384dc1c318e3dd445d6024d00316cdeb8932fda3a7c92921cf2ffa2982d8,NO_WHITELIST_TOPLINE,,NO_WHITELIST_TOPLINE,,,NAF,CLOSED_PF_LT60,2025-03-31,True,DIRECT,
1621906,0001213900-25-032203,20250415,WESTERN URANIUM & VANADIUM CORP.,4-NON,NAF,CLOSED,CLOSED_OPERATING_NON_SHELL,OPERATING,operating,CLOSED_UNIQUE,63900000.0,2024-06-30,cd52c9098b9a44467550edd6270b16c3fc502fd3c657d3c9a95a65703eaf620b,CLOSED_UNIQUE,431065.0,CLOSED_UNIQUE,7858972.0,2025-04-01,NAF,CLOSED_PRIOR_NON_PF_LT75,2025-03-31,True,12B25,
1622194,0000950170-25-026749,20250225,"EASTERLY GOVERNMENT PROPERTIES, INC.",1-LAF,LAF,CLOSED,CLOSED_OPERATING_NON_SHELL,OPERATING,operating,CLOSED_UNIQUE,1190000000.0,2024-06-30,b409388b46f757eef0ebe24f16e4710d8876373cc9a50f76bd2876628d038bbe,CLOSED_UNIQUE,287227000.0,CLOSED_UNIQUE,293606000.0,,LAF,CLOSED_PF_GE700,2025-03-03,True,DIRECT,
1622229,0000950170-25-026115,20250225,"COGENT BIOSCIENCES, INC.",1-LAF,LAF,CLOSED,CLOSED_OPERATING_NON_SHELL,OPERATING,operating,CLOSED_UNIQUE,869300000.0,2024-06-30,a8e7ad6e5700ba23ad44daedb1aee928b7ba1b24eab433600b7c258bcacedad5,NO_WHITELIST_TOPLINE,,NO_WHITELIST_TOPLINE,,,LAF,CLOSED_PF_GE700,2025-03-03,True,DIRECT,
1622244,0001641172-25-013341,20250603,"ONE WORLD PRODUCTS, INC.",4-NON,NAF,CLOSED,CLOSED_OPERATING_NON_SHELL,OPERATING,operating,CLOSED_UNIQUE,3735670.0,2024-06-30,8273ca4f7546b8659e474ab3df4799037ddcda9cad96a7abbe3fa652eeb29257,CLOSED_UNIQUE,7589.0,CLOSED_UNIQUE,125662.0,2025-04-01,NAF,CLOSED_PF_LT60,2025-03-31,False,LATE,
1622345,0001641172-25-001504,20250331,"POLAR POWER, INC.",4-NON,NAF,CLOSED,CLOSED_OPERATING_NON_SHELL,OPERATING,operating,CLOSED_UNIQUE,4752158.0,2024-06-28,a0be4dac8050b2480b17bbf0b9a760f620cd1faa63e7697bbbbef159633f77fc,CLOSED_UNIQUE,15293000.0,CLOSED_UNIQUE,16056000.0,,NAF,CLOSED_PF_LT60,2025-03-31,True,DIRECT,
1623925,0001558370-25-000862,20250212,ANTERO MIDSTREAM CORP,1-LAF,LAF,CLOSED,CLOSED_OPERATING_NON_SHELL,OPERATING,operating,CLOSED_UNIQUE,5000000000.0,2024-06-30,174536232fa299c18597b9491bcf2a034c0e71dd79d2def41651069963505bda,CLOSED_UNIQUE,1041771000.0,CLOSED_UNIQUE,919985000.0,,LAF,CLOSED_PF_GE700,2025-03-03,True,DIRECT,
1624326,0001641172-25-000364,20250324,PAVMED INC.,4-NON,NAF,CLOSED,CLOSED_OPERATING_NON_SHELL,OPERATING,operating,CLOSED_UNIQUE,7000000.0,2024-06-30,70c62fefdc85c31152f9cecf0293baf56c166713c7de81fa4e1a86b649d68fd1,CLOSED_UNIQUE,2452000.0,CLOSED_UNIQUE,377000.0,,NAF,CLOSED_PF_LT60,2025-03-31,True,DIRECT,
1625278,0001625278-25-000019,20250219,"NERDWALLET, INC.",2-ACC,AF,CLOSED,CLOSED_OPERATING_NON_SHELL,OPERATING,operating,CLOSED_UNIQUE,570000000.0,2024-06-30,06deb43f9af2c5942e3f990326acd48adcf728960e66141401e83edaf672944a,CLOSED_UNIQUE,599400000.0,CLOSED_UNIQUE,538900000.0,,AF,CLOSED_PRIOR_ACC_REV_GE80_REMAIN_AF,2025-03-17,True,DIRECT,
1625641,0001625641-25-000027,20250220,"CS DISCO, INC.",2-ACC,AF,CLOSED,CLOSED_OPERATING_NON_SHELL,OPERATING,operating,CLOSED_UNIQUE,165700000.0,2024-06-30,f320f22aca06aaa0f92421dd91afad326fd6b1ea3de7e90090064f85d2770233,CLOSED_UNIQUE,138090000.0,CLOSED_UNIQUE,135190000.0,,AF,CLOSED_PRIOR_ACC_REV_GE80_REMAIN_AF,2025-03-17,True,DIRECT,
1625941,0001558370-25-002412,20250306,ARES INDUSTRIAL REAL ESTATE INCOME TRUST INC.,4-NON,NAF,CLOSED,CLOSED_OPERATING_NON_SHELL,OPERATING,operating,CLOSED_UNIQUE,0.0,2024-06-30,b8ae223e7fe6db0e292b0d952a7ea11854b0fe995ed7bc3d957b287c1fd89835,CLOSED_UNIQUE,470095000.0,CLOSED_UNIQUE,392025000.0,,NAF,CLOSED_PF_LT60,2025-03-31,True,DIRECT,
1626115,0000950170-25-029132,20250227,PJT PARTNERS INC.,1-LAF,LAF,CLOSED,CLOSED_OPERATING_NON_SHELL,OPERATING,operating,CLOSED_UNIQUE,2500000000.0,2024-06-30,31fe5340ff406b484405e6fde0467bf531567ceb545a8920ff3a8ac03c790523,CLOSED_UNIQUE,1153182000.0,CONFLICTING_WHITELIST_VALUES,,,LAF,CLOSED_PF_GE700,2025-03-03,True,DIRECT,
1626450,0000950170-25-029211,20250227,"BIGCOMMERCE HOLDINGS, INC.",1-LAF,LAF,CLOSED,CLOSED_OPERATING_NON_SHELL,OPERATING,operating,CLOSED_UNIQUE,506800000.0,2024-06-30,f4fcc270f4357120ef4af3f6bc4002252f0d8e222210201247754b8e6220deaf,CLOSED_UNIQUE,309394000.0,CLOSED_UNIQUE,279075000.0,,AF,CLOSED_PRIOR_LAF_REV_GE100_EXIT_AF,2025-03-17,True,DIRECT,
1626971,0001558370-25-003621,20250325,"CORVUS PHARMACEUTICALS, INC.",4-NON,NAF,CLOSED,CLOSED_OPERATING_NON_SHELL,OPERATING,operating,CLOSED_UNIQUE,69000000.0,2024-06-30,1b4fda427a29c1194de1200321154d42c68b18cc7dd6bd1f774641dab012e94b,NO_WHITELIST_TOPLINE,,NO_WHITELIST_TOPLINE,,,NAF,CLOSED_PRIOR_NON_PF_LT75,2025-03-31,True,DIRECT,
1627223,0000950170-25-021787,20250218,CHEMOURS CO,1-LAF,LAF,CLOSED,CLOSED_OPERATING_NON_SHELL,OPERATING,operating,CLOSED_UNIQUE,3400000000.0,2024-06-28,a37b59b9608a539ce3d98f08d9387dbfe6721dcbd93133f626939287f2b5b46f,CLOSED_UNIQUE,6027000000.0,CLOSED_UNIQUE,6794000000.0,,LAF,CLOSED_PF_GE700,2025-03-03,True,DIRECT,
1627282,0001627282-25-000028,20250331,CALIBERCOS INC.,4-NON,NAF,CLOSED,CLOSED_OPERATING_NON_SHELL,OPERATING,operating,CLOSED_UNIQUE,9200000.0,2024-06-30,8dab438cd1cd218ea73926284c5c4fbaf1eeb788e0f69e9d14efd687267247de,CLOSED_UNIQUE,90937000.0,NO_FY2022_10K,,,NAF,CLOSED_PF_LT60,2025-03-31,True,DIRECT,
1627475,0001627475-25-000011,20250213,"UPWORK, INC",1-LAF,LAF,CLOSED,CLOSED_OPERATING_NON_SHELL,OPERATING,operating,CLOSED_UNIQUE,1316960538.0,2024-06-28,c829ded0258fef395b89b0f64d87fa222ef15b975afee5a917a58423c912e901,CLOSED_UNIQUE,689136000.0,CLOSED_UNIQUE,618318000.0,,LAF,CLOSED_PF_GE700,2025-03-03,True,DIRECT,
1628063,0000950170-25-047860,20250331,SERITAGE GROWTH PROPERTIES,2-ACC,AF,CLOSED,CLOSED_OPERATING_NON_SHELL,OPERATING,operating,CLOSED_UNIQUE,198000000.0,2024-06-30,ac2887bcbe5ee22c44548f2806b10f309e4943d406ba524e0dcefb66e72c7d69,CLOSED_UNIQUE,20779000.0,NO_WHITELIST_TOPLINE,,,NAF,CLOSED_PRIOR_ACC_REV_LT80_EXIT_NAF,2025-03-31,True,DIRECT,
1628171,0000950170-25-027736,20250226,"REVOLUTION MEDICINES, INC.",1-LAF,LAF,CLOSED,CLOSED_OPERATING_NON_SHELL,OPERATING,operating,CLOSED_UNIQUE,6500000000.0,2024-06-30,1874294befb1a6139fcf13c88fac7189445bb89c2c1cef296300603e56e7bce6,CLOSED_UNIQUE,11580000.0,CLOSED_UNIQUE,35380000.0,,LAF,CLOSED_PF_GE700,2025-03-03,True,DIRECT,
1628369,0001628369-25-000005,20250221,CUSHMAN & WAKEFIELD PLC,1-LAF,LAF,CLOSED,CLOSED_OPERATING_NON_SHELL,OPERATING,operating,CLOSED_UNIQUE,2300000000.0,2024-06-30,633c72863cef13696c346aa1d9ff1b28215003da1d43c663fbef9dea4c56a1d4,CLOSED_UNIQUE,9493700000.0,CLOSED_UNIQUE,10105700000.0,,LAF,CLOSED_PF_GE700,2025-03-03,True,DIRECT,
1628908,0001628908-25-000020,20250221,"EVOLENT HEALTH, INC.",1-LAF,LAF,CLOSED,CLOSED_OPERATING_NON_SHELL,OPERATING,operating,CLOSED_UNIQUE,2200000000.0,2024-06-30,270ca79fb269edde44878c336492caa0ca98785eee0a8df82adfe11f2aa6ee9f,CLOSED_UNIQUE,1963896000.0,CLOSED_UNIQUE,1352013000.0,,LAF,CLOSED_PF_GE700,2025-03-03,True,DIRECT,
1629019,0001558370-25-001941,20250228,MERCHANTS BANCORP,2-ACC,AF,CLOSED,CLOSED_OPERATING_NON_SHELL,OPERATING,operating,CLOSED_UNIQUE,1200000000.0,2024-06-30,1919a6cc719536517e3f9f482ce9b9abd67333c5ca13e730c07ea0643de7305e,NO_WHITELIST_TOPLINE,,NO_WHITELIST_TOPLINE,,,LAF,CLOSED_PF_GE700,2025-03-03,True,DIRECT,
1630212,0001213900-25-026308,20250331,AVALON GLOBOCARE CORP.,4-NON,NAF,CLOSED,CLOSED_OPERATING_NON_SHELL,OPERATING,operating,CLOSED_UNIQUE,2757095.0,2024-06-28,15f7b6b43770b2240b496b9fae228970138a288b92e1096dff49d2948499b980,NO_WHITELIST_TOPLINE,,CLOSED_UNIQUE,1202169.0,,NAF,CLOSED_PF_LT60,2025-03-31,True,DIRECT,
1630627,0000950170-25-029029,20250227,"TREACE MEDICAL CONCEPTS, INC.",1-LAF,LAF,CLOSED,CLOSED_OPERATING_NON_SHELL,OPERATING,operating,CLOSED_UNIQUE,309800000.0,2024-06-28,8d34d73df8ac85ef6b9ce101959f4cd66c4b93cdf6178f15b1ebb822aefb4e66,CLOSED_UNIQUE,187118000.0,CLOSED_UNIQUE,141838000.0,,AF,CLOSED_PRIOR_LAF_REV_GE100_EXIT_AF,2025-03-17,True,DIRECT,
1630805,0001630805-25-000007,20250331,"BABCOCK & WILCOX ENTERPRISES, INC.",2-ACC,AF,CLOSED,CLOSED_OPERATING_NON_SHELL,OPERATING,operating,CLOSED_UNIQUE,71900000.0,2024-06-28,0955bf52882daca2253b0549923668917051db1bf6fce36dcf929e8612f078af,CLOSED_UNIQUE,999354000.0,CLOSED_UNIQUE,889815000.0,2025-03-17,AF,CLOSED_PRIOR_ACC_REV_GE80_REMAIN_AF,2025-03-17,True,12B25,
1631569,0001631569-25-000015,20250218,COMMUNITY HEALTHCARE TRUST INC,1-LAF,LAF,CLOSED,CLOSED_OPERATING_NON_SHELL,OPERATING,operating,CLOSED_UNIQUE,628000000.0,2024-06-30,93d696f2e28baee7154f39dd2d36b73861a210d1cdf0eeb24a2e86963dfe89e9,CLOSED_UNIQUE,112845000.0,CLOSED_UNIQUE,97679000.0,,LAF,CLOSED_PRIOR_LAF_PF_GE560,2025-03-03,True,DIRECT,
1632121,0001641172-25-004842,20250415,"BALANCE LABS, INC.",4-NON,NAF,CLOSED,CLOSED_OPERATING_NON_SHELL,OPERATING,operating,CLOSED_UNIQUE,5418500.0,2024-06-28,6eaef44049c90785892d622fff8bf17c9da9c5afea00f331af33739ca70750f0,NO_WHITELIST_TOPLINE,,NO_WHITELIST_TOPLINE,,2025-03-31,NAF,CLOSED_PF_LT60,2025-03-31,True,12B25,
1632127,0001632127-25-000033,20250228,"CABLE ONE, INC.",1-LAF,LAF,CLOSED,CLOSED_OPERATING_NON_SHELL,OPERATING,operating,CLOSED_UNIQUE,2000000000.0,2024-06-28,6cbea4ba12876075fcc5cf4a7b818fde05eadf5cb411dc4e0ebac1a66cdaff4d,CLOSED_UNIQUE,1678081000.0,CLOSED_UNIQUE,1706043000.0,,LAF,CLOSED_PF_GE700,2025-03-03,True,DIRECT,
1632970,0001632970-25-000018,20250228,"AMERICAN HEALTHCARE REIT, INC.",4-NON,NAF,CLOSED,CLOSED_OPERATING_NON_SHELL,OPERATING,operating,CLOSED_UNIQUE,942277000.0,2024-06-30,80c82773c5b08067c38f7f67db3d31671c61dc3a44210a4a5cb6727d80befe75,NO_WHITELIST_TOPLINE,,NO_WHITELIST_TOPLINE,,,LAF,CLOSED_PF_GE700,2025-03-03,True,DIRECT,
1633917,0001633917-25-000019,20250204,"PAYPAL HOLDINGS, INC.",1-LAF,LAF,CLOSED,CLOSED_OPERATING_NON_SHELL,OPERATING,operating,CLOSED_UNIQUE,59800000000.0,2024-06-30,ae8bd42a2b8e3408cec541f41662cb61a03a4829bce684a51b25d2b63eed2fd2,CLOSED_UNIQUE,29771000000.0,CLOSED_UNIQUE,27518000000.0,,LAF,CLOSED_PF_GE700,2025-03-03,True,DIRECT,
1633931,0001558370-25-001495,20250225,TOPBUILD CORP,1-LAF,LAF,CLOSED,CLOSED_OPERATING_NON_SHELL,OPERATING,operating,CLOSED_UNIQUE,11700000000.0,2024-06-30,92670a4763ee563b00df27d2c36012c5a8546ba9ce302c46527c07ad1ea3591c,CLOSED_UNIQUE,5194694000.0,CLOSED_UNIQUE,5008744000.0,,LAF,CLOSED_PF_GE700,2025-03-03,True,DIRECT,
1635077,0001683168-25-002351,20250409,"ACLARION, INC.",4-NON,NAF,CLOSED,CLOSED_OPERATING_NON_SHELL,OPERATING,operating,CLOSED_UNIQUE,2332716.0,2024-06-28,1f0456a3054b4aa81e864e0a34fc4746eb84a3a0a8773f1adf6f4a4bf1dce7bd,CLOSED_UNIQUE,75404.0,CLOSED_UNIQUE,60444.0,2025-03-31,NAF,CLOSED_PF_LT60,2025-03-31,True,12B25,
1635282,0001635282-25-000029,20250227,"RIMINI STREET, INC.",2-ACC,AF,CLOSED,CLOSED_OPERATING_NON_SHELL,OPERATING,operating,CLOSED_UNIQUE,167612000.0,2024-06-28,0b74423bb8f69f28e25ccde2d1e26e75650a29faaed6bbb1e5af1eefef8fbf31,CLOSED_UNIQUE,431496000.0,CLOSED_UNIQUE,409662000.0,,AF,CLOSED_PRIOR_ACC_REV_GE80_REMAIN_AF,2025-03-17,True,DIRECT,
1636222,0001636222-25-000008,20250219,WINGSTOP INC.,1-LAF,LAF,CLOSED,CLOSED_OPERATING_NON_SHELL,OPERATING,operating,CLOSED_UNIQUE,12400000000.0,2024-06-28,aa7579a8cba99db9d9a3ef894a3d99f5e6403781b3bd4a3ef42d34e0e0b47db6,CLOSED_UNIQUE,460055000.0,CLOSED_UNIQUE,357521000.0,,LAF,CLOSED_PF_GE700,2025-03-03,True,DIRECT,
1636282,0001636282-25-000020,20250227,"SPYRE THERAPEUTICS, INC.",4-NON,NAF,CLOSED,CLOSED_OPERATING_NON_SHELL,OPERATING,operating,CLOSED_UNIQUE,1100000000.0,2024-06-30,59b348437e58790c22aedf2ec086e49f0c21a19dbf3570eb05614c86a90ee083,CLOSED_UNIQUE,886000.0,CLOSED_UNIQUE,2329000.0,,LAF,CLOSED_PF_GE700,2025-03-03,True,DIRECT,
1637207,0001637207-25-000016,20250225,"PLANET FITNESS, INC.",1-LAF,LAF,CLOSED,CLOSED_OPERATING_NON_SHELL,OPERATING,operating,CLOSED_UNIQUE,6200000000.0,2024-06-30,bbe5b61cd51f7cd95ec983c204fa61cc45d6a5d0bfa5d3c7d3c6559bf3540220,CLOSED_UNIQUE,1071326000.0,CLOSED_UNIQUE,936772000.0,,LAF,CLOSED_PF_GE700,2025-03-03,True,DIRECT,
1637459,0001637459-25-000011,20250213,KRAFT HEINZ CO,1-LAF,LAF,CLOSED,CLOSED_OPERATING_NON_SHELL,OPERATING,operating,CLOSED_UNIQUE,28500000000.0,2024-06-29,665f96e24525549dc8483c4fa2a92a1f9519d66da27fdef43066ad1a560786b8,CLOSED_UNIQUE,26640000000.0,CLOSED_UNIQUE,26485000000.0,,LAF,CLOSED_PF_GE700,2025-03-03,True,DIRECT,
1637715,0000950170-25-036252,20250310,"ONKURE THERAPEUTICS, INC.",4-NON,NAF,CLOSED,CLOSED_OPERATING_NON_SHELL,OPERATING,operating,CLOSED_UNIQUE,27700000.0,2024-06-28,90209ffaf8e8323726b501717826ae13015ab996398939083febed72bcb56bdb,NO_WHITELIST_TOPLINE,,NO_WHITELIST_TOPLINE,,,NAF,CLOSED_PF_LT60,2025-03-31,True,DIRECT,
1637757,0001637757-25-000004,20250225,CLEARWAY ENERGY LLC,4-NON,NAF,CLOSED,CLOSED_OPERATING_NON_SHELL,OPERATING,operating,CLOSED_UNIQUE,0.0,2024-06-30,9de751e897804f9bd5436d55bd4ef9f4e5dcf644bb10db4a39249a93634f0ef9,CLOSED_UNIQUE,1314000000.0,CLOSED_UNIQUE,1190000000.0,,NAF,CLOSED_PF_LT60,2025-03-31,True,DIRECT,
1637873,0001628280-25-006439,20250219,ACV AUCTIONS INC.,1-LAF,LAF,CLOSED,CLOSED_OPERATING_NON_SHELL,OPERATING,operating,CLOSED_UNIQUE,2800000000.0,2024-06-28,a3d949a3e831d51513758ae968a71d786987ff2c07d0ff693ed205c6798fe1ad,CLOSED_UNIQUE,481234000.0,CLOSED_UNIQUE,421529000.0,,LAF,CLOSED_PF_GE700,2025-03-03,True,DIRECT,
1637880,0001637880-25-000010,20250319,"TRI-STATE GENERATION & TRANSMISSION ASSOCIATION, INC.",4-NON,NAF,CLOSED,CLOSED_OPERATING_NON_SHELL,OPERATING,operating,CLOSED_UNIQUE,0.0,2024-06-30,92f4de4bc4e2c10110a6cad149f322bf0c2f29f105f296af1f21d68b8c579d63,CLOSED_UNIQUE,1467416000.0,CLOSED_UNIQUE,1533571000.0,,NAF,CLOSED_PF_LT60,2025-03-31,True,DIRECT,
1638097,0001178913-25-001112,20250328,ENTERA BIO LTD.,4-NON,NAF,CLOSED,CLOSED_OPERATING_NON_SHELL,OPERATING,operating,CLOSED_UNIQUE,58800000.0,2024-06-30,367ed9cc076c940bdbb760d3134bac6ae07fa180ab6c9c78a76a7cc35bd3d924,CLOSED_UNIQUE,0.0,CLOSED_UNIQUE,134000.0,,NAF,CLOSED_PF_LT60,2025-03-31,True,DIRECT,
1638287,0001558370-25-003386,20250320,METAVIA INC.,4-NON,NAF,CLOSED,CLOSED_OPERATING_NON_SHELL,OPERATING,operating,CLOSED_UNIQUE,13800000.0,2024-06-30,2dfc6ff0e09bd6a586b9c04e8036b83654c0b5230c6e6f1db2b54fcb1c03b6f5,NO_WHITELIST_TOPLINE,,NO_WHITELIST_TOPLINE,,,NAF,CLOSED_PF_LT60,2025-03-31,True,DIRECT,
1638833,0001638833-25-000053,20250307,"SURGERY PARTNERS, INC.",1-LAF,LAF,CLOSED,CLOSED_OPERATING_NON_SHELL,OPERATING,operating,CLOSED_UNIQUE,2600000000.0,2024-06-30,daa925e6049de76f1c2c2d7ae2743f8cdce6f768d3e37d6cc17b7634d659b1e3,CLOSED_UNIQUE,2743300000.0,CLOSED_UNIQUE,2539300000.0,2025-03-04,LAF,CLOSED_PF_GE700,2025-03-03,True,12B25,
1638911,0001213900-25-025286,20250320,DUKE ROBOTICS CORP.,4-NON,NAF,CLOSED,CLOSED_OPERATING_NON_SHELL,OPERATING,operating,CLOSED_UNIQUE,1598701.0,2024-06-30,9cefc13e50f89246a55187cf66d6372a5879f34871f1df12ff72fe6348eeeb7a,NO_WHITELIST_TOPLINE,,NO_WHITELIST_TOPLINE,,,NAF,CLOSED_PF_LT60,2025-03-31,True,DIRECT,
1639068,0001641172-25-008843,20250506,HUBILU VENTURE CORP,4-NON,NAF,CLOSED,CLOSED_OPERATING_NON_SHELL,OPERATING,operating,CLOSED_UNIQUE,69630.0,2024-06-30,7aa0c681dbd5c8dd47c90feb54195830b1229e4c9fd48e57f63d7927cac78eca,NO_WHITELIST_TOPLINE,,NO_WHITELIST_TOPLINE,,2025-04-01,NAF,CLOSED_PF_LT60,2025-03-31,False,LATE,
1639691,0001639691-25-000010,20250225,LIVANOVA PLC,1-LAF,LAF,CLOSED,CLOSED_OPERATING_NON_SHELL,OPERATING,operating,CLOSED_UNIQUE,3000000000.0,2024-06-30,56141da99fc734fdcc1fb5b5e30458d6285d72ca3ccbb1b5c5ba087d854a96f6,CLOSED_UNIQUE,1153545000.0,CLOSED_UNIQUE,1021805000.0,,LAF,CLOSED_PF_GE700,2025-03-03,True,DIRECT,
1640428,0000950170-25-026724,20250225,"EVERQUOTE, INC.",2-ACC,AF,CLOSED,CLOSED_OPERATING_NON_SHELL,OPERATING,operating,CLOSED_UNIQUE,543500000.0,2024-06-28,5d8b34668ee64af1a5e58559e3d96d941aa284e4b42dcf0e870d3cb0296879a7,CLOSED_UNIQUE,287921000.0,CLOSED_UNIQUE,404127000.0,,AF,CLOSED_PRIOR_ACC_REV_GE80_REMAIN_AF,2025-03-17,True,DIRECT,
1640982,0001558370-25-003285,20250319,"ATEL 17, LLC",4-NON,NAF,CLOSED,CLOSED_OPERATING_NON_SHELL,OPERATING,operating,CLOSED_UNIQUE,0.0,2024-06-30,3b019a4c09f475eda149421c281adf449cd19c37ae2938bbb44bd7d5515369dd,CLOSED_UNIQUE,1735000.0,CLOSED_UNIQUE,1991000.0,,NAF,CLOSED_PF_LT60,2025-03-31,True,DIRECT,
1641281,0000950170-25-043873,20250324,"BOLT BIOTHERAPEUTICS, INC.",4-NON,NAF,CLOSED,CLOSED_OPERATING_NON_SHELL,OPERATING,operating,CLOSED_UNIQUE,21900000.0,2024-06-28,3a3cb3efa54577d61baff934f143556bac7bef2ee9436a6cbf6128b411069b61,NO_WHITELIST_TOPLINE,,NO_WHITELIST_TOPLINE,,,NAF,CLOSED_PF_LT60,2025-03-31,True,DIRECT,
1641398,0001213900-25-024635,20250318,GD CULTURE GROUP LTD,4-NON,NAF,CLOSED,CLOSED_OPERATING_NON_SHELL,OPERATING,operating,CLOSED_UNIQUE,10878943.85,2024-06-30,83ca5e3972ebd74b9097326065791a078b20bd0e60030a57bbebffa0e1591fa8,NO_WHITELIST_TOPLINE,,CLOSED_UNIQUE,153304.0,,NAF,CLOSED_PF_LT60,2025-03-31,True,DIRECT,
1641489,0001641489-25-000014,20250320,VTV THERAPEUTICS INC.,4-NON,NAF,CLOSED,CLOSED_OPERATING_NON_SHELL,OPERATING,operating,CLOSED_UNIQUE,23162697.0,2024-06-30,74abc075a8407847c50512842c226616a68298cdff0fd0c06da1dd70e6c7efba,CLOSED_UNIQUE,0.0,CLOSED_UNIQUE,2018000.0,,NAF,CLOSED_PF_LT60,2025-03-31,True,DIRECT,
1641614,0001558370-25-002098,20250304,CPI CARD GROUP INC.,2-ACC,AF,CLOSED,CLOSED_OPERATING_NON_SHELL,OPERATING,operating,CLOSED_UNIQUE,129200000.0,2024-06-30,60090c94dcdfad74bcb9258e39b295ba3326008a16ca95a14b1f1fa4b8b32957,CLOSED_UNIQUE,444547000.0,CLOSED_UNIQUE,475745000.0,,AF,CLOSED_PRIOR_ACC_REV_GE80_REMAIN_AF,2025-03-17,True,DIRECT,
1642159,0001641172-25-004740,20250415,"SIGYN THERAPEUTICS, INC.",4-NON,NAF,CLOSED,CLOSED_OPERATING_NON_SHELL,OPERATING,operating,CLOSED_UNIQUE,3605453.0,2024-06-30,0bdef2d871fde526e19f9a9a9066be50dceeed99501ee6636eb9772bc171650e,NO_WHITELIST_TOPLINE,,NO_WHITELIST_TOPLINE,,2025-03-31,NAF,CLOSED_PF_LT60,2025-03-31,True,12B25,
1642380,0000950170-25-043852,20250324,ONCOCYTE CORP,4-NON,NAF,CLOSED,CLOSED_OPERATING_NON_SHELL,OPERATING,operating,CLOSED_UNIQUE,24600000.0,2024-06-30,58255ca772cd0bacd3065f91a48f3c35041dfb0bbe4d85e635ad2e34f79c783f,CLOSED_UNIQUE,1503000.0,CLOSED_UNIQUE,958000.0,,NAF,CLOSED_PF_LT60,2025-03-31,True,DIRECT,
1643154,0000950170-25-043874,20250324,"IANTHUS CAPITAL HOLDINGS, INC.",4-NON,NAF,CLOSED,CLOSED_OPERATING_NON_SHELL,OPERATING,operating,CLOSED_UNIQUE,25600000.0,2024-06-30,1473266a2d00f0beb0c2f208fcfc7c126a8aaac86983144f0358990123309cc5,NO_WHITELIST_TOPLINE,,NO_WHITELIST_TOPLINE,,,NAF,CLOSED_PF_LT60,2025-03-31,True,DIRECT,
1643615,0000950170-25-030806,20250303,"MONTROSE ENVIRONMENTAL GROUP, INC.",1-LAF,LAF,CLOSED,CLOSED_OPERATING_NON_SHELL,OPERATING,operating,CLOSED_UNIQUE,1520000000.0,2024-06-28,31143de72484acffecf4c675d25b3032ae40eb6f3050d89ef8c09588b0b32343,CLOSED_UNIQUE,624208000.0,CLOSED_UNIQUE,544416000.0,,LAF,CLOSED_PF_GE700,2025-03-03,True,DIRECT,
1643953,0001213900-25-023815,20250314,"PURPLE INNOVATION, INC.",2-ACC,AF,CLOSED,CLOSED_OPERATING_NON_SHELL,OPERATING,operating,CLOSED_UNIQUE,58500000.0,2024-06-30,7187ae7480e8af4535a1f959a2ca9f66923711e7a989edf5652e153d18e1e0bc,NO_WHITELIST_TOPLINE,,NO_WHITELIST_TOPLINE,,,NAF,CLOSED_PF_LT60,2025-03-31,True,DIRECT,
1644963,0001437749-25-010196,20250331,"AVENUE THERAPEUTICS, INC.",4-NON,NAF,CLOSED,CLOSED_OPERATING_NON_SHELL,OPERATING,operating,CLOSED_UNIQUE,3910957.0,2024-06-30,775caf3981ebbfa4f012e342434f4ecd85381439c666e8bc658a145931e9cfb8,NO_WHITELIST_TOPLINE,,NO_WHITELIST_TOPLINE,,,NAF,CLOSED_PF_LT60,2025-03-31,True,DIRECT,
1645113,0001645113-25-000002,20250227,NOVOCURE LTD,1-LAF,LAF,CLOSED,CLOSED_OPERATING_NON_SHELL,OPERATING,operating,CLOSED_UNIQUE,860375045.0,2024-06-30,8b303ac86b19b8d7102c27c5b822b0c5b2ee430396fd2e2cfccf3445c1ce0131,CLOSED_UNIQUE,509338000.0,CLOSED_UNIQUE,537840000.0,,LAF,CLOSED_PF_GE700,2025-03-03,True,DIRECT,
1645155,0001641172-25-008374,20250502,WEBSTAR TECHNOLOGY GROUP INC.,4-NON,NAF,CLOSED,CLOSED_OPERATING_NON_SHELL,OPERATING,operating,CLOSED_UNIQUE,10487729.0,2024-06-30,b9688a7a67b7daf24acd844caeb9e32851e99d6158d5caf8409299375a6bdeb2,NO_WHITELIST_TOPLINE,,NO_WHITELIST_TOPLINE,,2025-03-31,NAF,CLOSED_PF_LT60,2025-03-31,False,LATE,
1645460,0000950170-25-047677,20250331,"CUE BIOPHARMA, INC.",4-NON,NAF,CLOSED,CLOSED_OPERATING_NON_SHELL,OPERATING,operating,CLOSED_UNIQUE,59900000.0,2024-06-28,f42fbf3b6d54cbd399f6eec6417d422212afb05f9faf93837766b379d91e706f,NO_WHITELIST_TOPLINE,,NO_WHITELIST_TOPLINE,,,NAF,CLOSED_PF_LT60,2025-03-31,True,DIRECT,
1645469,0001437749-25-009979,20250331,MONOPAR THERAPEUTICS,4-NON,NAF,CLOSED,CLOSED_OPERATING_NON_SHELL,OPERATING,operating,CLOSED_UNIQUE,6413187.0,2024-06-30,29b47ac0b4cfe8e131453cefe9dd9d8ea6d8abdc3d6165d1419265ac8d22ce5a,NO_WHITELIST_TOPLINE,,NO_WHITELIST_TOPLINE,,,NAF,CLOSED_PF_LT60,2025-03-31,True,DIRECT,
1645666,0001645666-25-000010,20250325,"KEZAR LIFE SCIENCES, INC.",4-NON,NAF,CLOSED,CLOSED_OPERATING_NON_SHELL,OPERATING,operating,CLOSED_UNIQUE,43000000.0,2024-06-30,94633f89a2b498f8bf1a164fb7795f1b5ecead43c3e3765e51c5d8efe9c37b87,NO_WHITELIST_TOPLINE,,NO_WHITELIST_TOPLINE,,,NAF,CLOSED_PF_LT60,2025-03-31,True,DIRECT,
1646188,0001213900-25-022968,20250312,ONDAS HOLDINGS INC.,4-NON,NAF,CLOSED,CLOSED_OPERATING_NON_SHELL,OPERATING,operating,CLOSED_UNIQUE,34600000.0,2024-06-28,f0c981e8f3043ff7e5a9e6a90037d85fe5c5860d6c0ce07cb2e26dd2378d79dd,NO_WHITELIST_TOPLINE,,NO_WHITELIST_TOPLINE,,,NAF,CLOSED_PF_LT60,2025-03-31,True,DIRECT,
1647088,0001647088-25-000009,20250220,WILLSCOT HOLDINGS CORP,1-LAF,LAF,CLOSED,CLOSED_OPERATING_NON_SHELL,OPERATING,operating,CLOSED_UNIQUE,6900000000.0,2024-06-28,e9f14d11ab6342335939b3ff2918a16446bdbf9fcc51216edc339ec01cdb3cba,CLOSED_UNIQUE,2364767000.0,CLOSED_UNIQUE,2142623000.0,,LAF,CLOSED_PF_GE700,2025-03-03,True,DIRECT,
1647639,0001647639-25-000018,20250214,"UPSTART HOLDINGS, INC.",1-LAF,LAF,CLOSED,CLOSED_OPERATING_NON_SHELL,OPERATING,operating,CLOSED_UNIQUE,1827095157.0,2024-06-28,5cad89b20d3281208b3fec3c74f4bb3816ffe57fb4cdc90359a0ef5adfc8a407,NO_WHITELIST_TOPLINE,,CLOSED_UNIQUE,842444000.0,,LAF,CLOSED_PF_GE700,2025-03-03,True,DIRECT,
1648960,0001013762-25-004290,20250331,"DATCHAT, INC.",4-NON,NAF,CLOSED,CLOSED_OPERATING_NON_SHELL,OPERATING,operating,CLOSED_UNIQUE,2732900.0,2024-06-28,239825d63515f3e108602d65e8a0ab6ed5f453d1aeb02c06f36515918c9be65c,CLOSED_UNIQUE,672.0,CLOSED_UNIQUE,46214.0,,NAF,CLOSED_PF_LT60,2025-03-31,True,DIRECT,
1649094,0001649094-25-000028,20250225,"VAXCYTE, INC.",1-LAF,LAF,CLOSED,CLOSED_OPERATING_NON_SHELL,OPERATING,operating,CLOSED_UNIQUE,7200000000.0,2024-06-30,d0c87e2d5029a51d490a30692fcd2def46cdd9af2ad61c0c364a4154e6071d20,NO_WHITELIST_TOPLINE,,NO_WHITELIST_TOPLINE,,,LAF,CLOSED_PF_GE700,2025-03-03,True,DIRECT,
1649096,0001437749-25-003988,20250214,CLIPPER REALTY INC.,2-ACC,AF,CLOSED,CLOSED_OPERATING_NON_SHELL,OPERATING,operating,CLOSED_UNIQUE,49096593.0,2024-06-30,c78fbdf148056f312cb172f020d97fca87a72c6e373c97c0207cd88799423687,NO_WHITELIST_TOPLINE,,NO_WHITELIST_TOPLINE,,,NAF,CLOSED_PF_LT60,2025-03-31,True,DIRECT,
1649739,0001649739-25-000106,20250325,BAYFIRST FINANCIAL CORP.,4-NON,NAF,CLOSED,CLOSED_OPERATING_NON_SHELL,OPERATING,operating,CLOSED_UNIQUE,40874500.0,2024-06-30,5d695d460e00dfdb25f17819bbba6beebf25e01239de5023767b585480f90644,NO_WHITELIST_TOPLINE,,NO_WHITELIST_TOPLINE,,,NAF,CLOSED_PF_LT60,2025-03-31,True,DIRECT,
1649749,0001649749-25-000035,20250225,FB FINANCIAL CORP,1-LAF,LAF,CLOSED,CLOSED_OPERATING_NON_SHELL,OPERATING,operating,CLOSED_UNIQUE,1363325628.0,2024-06-30,035887c08219f070d42d63d802a39518738e7ac40c7ee595ea735887ef2a7246,NO_WHITELIST_TOPLINE,,NO_WHITELIST_TOPLINE,,,LAF,CLOSED_PF_GE700,2025-03-03,True,DIRECT,
1649904,0001558370-25-001889,20250228,"RHYTHM PHARMACEUTICALS, INC.",1-LAF,LAF,CLOSED,CLOSED_OPERATING_NON_SHELL,OPERATING,operating,CLOSED_UNIQUE,2400000000.0,2024-06-28,5de335cc6b874c34f3e5d2c0d2a3e8c765e9f60eb34b1765ea19c586283926b7,CLOSED_UNIQUE,77428000.0,CLOSED_UNIQUE,23638000.0,,LAF,CLOSED_PF_GE700,2025-03-03,True,DIRECT,
1650132,0000950170-25-020029,20250213,"FOUR CORNERS PROPERTY TRUST, INC.",1-LAF,LAF,CLOSED,CLOSED_OPERATING_NON_SHELL,OPERATING,operating,CLOSED_UNIQUE,2230681629.0,2024-06-30,4a232d319d105bcc2c3de7b07252cf71d19152a777534e2f2a67baed270b64a2,CLOSED_UNIQUE,250606000.0,CLOSED_UNIQUE,223194000.0,,LAF,CLOSED_PF_GE700,2025-03-03,True,DIRECT,
1650164,0001650164-25-000072,20250226,"TOAST, INC.",1-LAF,LAF,CLOSED,CLOSED_OPERATING_NON_SHELL,OPERATING,operating,CLOSED_UNIQUE,12000000000.0,2024-06-28,8a6f2b8a32d08420f62b621400679ce2e0b44810d2ee200c0ec0fa68772007cc,CLOSED_UNIQUE,3865000000.0,CLOSED_UNIQUE,2731000000.0,,LAF,CLOSED_PF_GE700,2025-03-03,True,DIRECT,
1650648,0000950170-25-030056,20250228,"4D MOLECULAR THERAPEUTICS, INC.",4-NON,NAF,CLOSED,CLOSED_OPERATING_NON_SHELL,OPERATING,operating,CLOSED_UNIQUE,1044134011.0,2024-06-30,3f6f3a8bb7217e71cd0f1692bb34a1a15413535b7b948fb973a5953e52009ffa,NO_WHITELIST_TOPLINE,,NO_WHITELIST_TOPLINE,,,LAF,CLOSED_PF_GE700,2025-03-03,True,DIRECT,
1650696,0001437749-25-005236,20250226,"LAIRD SUPERFOOD, INC.",4-NON,NAF,CLOSED,CLOSED_OPERATING_NON_SHELL,OPERATING,operating,CLOSED_UNIQUE,47200000.0,2024-06-28,ab0ab7890b3c5aaf00c9f796e694fd226748992d8b6d55c4ad78edb0c87685f7,NO_WHITELIST_TOPLINE,,NO_WHITELIST_TOPLINE,,,NAF,CLOSED_PF_LT60,2025-03-31,True,DIRECT,
1650729,0001650729-25-000004,20250220,"SITEONE LANDSCAPE SUPPLY, INC.",1-LAF,LAF,CLOSED,CLOSED_OPERATING_NON_SHELL,OPERATING,operating,CLOSED_UNIQUE,5399556652.0,2024-06-30,aa6e6cd84629bccd47e383160dd144f53613a76fa0cbc441735c0d9ce8c1c7f7,CLOSED_UNIQUE,4301200000.0,CLOSED_UNIQUE,4014500000.0,,LAF,CLOSED_PF_GE700,2025-03-03,True,DIRECT,
1651407,0001410578-25-000528,20250328,"CHECKPOINT THERAPEUTICS, INC.",4-NON,NAF,CLOSED,CLOSED_OPERATING_NON_SHELL,OPERATING,operating,CLOSED_UNIQUE,69336565.0,2024-06-30,99f60862cc931a5fa05115e0588b0546c1ecfba74a1827d107f7d2b611667ddd,NO_WHITELIST_TOPLINE,,NO_WHITELIST_TOPLINE,,,NAF,CLOSED_PRIOR_NON_PF_LT75,2025-03-31,True,DIRECT,
1651562,0001651562-25-000013,20250224,"COURSERA, INC.",1-LAF,LAF,CLOSED,CLOSED_OPERATING_NON_SHELL,OPERATING,operating,CLOSED_UNIQUE,1000000000.0,2024-06-30,ace0b16e488ecff7193828d0ea62080f718ee0fedb732e25aff139bcac498749,CLOSED_UNIQUE,635764000.0,CLOSED_UNIQUE,523756000.0,,LAF,CLOSED_PF_GE700,2025-03-03,True,DIRECT,
1651992,0001477932-25-002769,20250416,"APPSOFT TECHNOLOGIES, INC.",4-NON,NAF,CLOSED,CLOSED_OPERATING_NON_SHELL,OPERATING,operating,CLOSED_UNIQUE,903262.0,2024-06-30,e2fdea44840af10484bc41141a063dc892ed1f29ac8ca040ad9bdb772550b743,CLOSED_UNIQUE,0.0,CLOSED_UNIQUE,0.0,2025-04-01,NAF,CLOSED_PF_LT60,2025-03-31,False,LATE,
1652044,0001652044-25-000014,20250205,ALPHABET INC.,1-LAF,LAF,CLOSED,CLOSED_OPERATING_NON_SHELL,OPERATING,operating,CLOSED_UNIQUE,2000000000000.0,2024-06-28,7cfae3fca282330909cc648be4544b70045fabeaa39ed4d3aeb21b89249a010c,CLOSED_UNIQUE,307394000000.0,CLOSED_UNIQUE,282836000000.0,,LAF,CLOSED_PF_GE700,2025-03-03,True,DIRECT,
1652130,0000950170-25-029007,20250227,"INTELLIA THERAPEUTICS, INC.",1-LAF,LAF,CLOSED,CLOSED_OPERATING_NON_SHELL,OPERATING,operating,CLOSED_UNIQUE,1916954312.0,2024-06-30,2f90adcb15da103c606cead0ae1e792d9410a126df3ffe5cc602282e030024f3,NO_WHITELIST_TOPLINE,,NO_WHITELIST_TOPLINE,,,LAF,CLOSED_PF_GE700,2025-03-03,True,DIRECT,
1652535,0001628280-25-006992,20250221,"ICHOR HOLDINGS, LTD.",1-LAF,LAF,CLOSED,CLOSED_OPERATING_NON_SHELL,OPERATING,operating,CLOSED_UNIQUE,1280861000.0,2024-06-28,d1dd4f305df8349515eba8df27b83654ff7a651bb59e8420f61c8d8789495d33,CLOSED_UNIQUE,811120000.0,CLOSED_UNIQUE,1280069000.0,,LAF,CLOSED_PF_GE700,2025-03-03,True,DIRECT,
1652539,0001062993-25-009309,20250514,SUSGLOBAL ENERGY CORP.,4-NON,NAF,CLOSED,CLOSED_OPERATING_NON_SHELL,OPERATING,operating,CLOSED_UNIQUE,6600264.0,2024-06-30,b32809fbc4bc891ea3cc9254ae550379740748f0895c01d88b619cc275e19232,CLOSED_UNIQUE,610461.0,CLOSED_UNIQUE,589035.0,2025-04-01,NAF,CLOSED_PF_LT60,2025-03-31,False,LATE,
1652561,0001641172-25-001448,20250331,DSWISS INC,4-NON,NAF,CLOSED,CLOSED_OPERATING_NON_SHELL,OPERATING,operating,CLOSED_UNIQUE,0.0,2024-06-28,cd2dc7104d756239846ef44cad4b48f5710a6e3d29361a7506042140481f66a0,CLOSED_UNIQUE,1470071.0,CLOSED_UNIQUE,1849047.0,,NAF,CLOSED_PF_LT60,2025-03-31,True,DIRECT,
1652958,0001683168-25-003051,20250502,"EDGEMODE, INC.",4-NON,NAF,CLOSED,CLOSED_OPERATING_NON_SHELL,OPERATING,operating,CLOSED_UNIQUE,64345.0,2024-06-30,2d8a29e70f572bc791c0188095ed114940595b9d1a63458f31bdc32dd62142c8,CLOSED_UNIQUE,0.0,CLOSED_UNIQUE,438042.0,2025-03-31,NAF,CLOSED_PF_LT60,2025-03-31,False,LATE,
1653087,0000950170-25-027758,20250226,"ALECTOR, INC.",2-ACC,AF,CLOSED,CLOSED_OPERATING_NON_SHELL,OPERATING,operating,CLOSED_UNIQUE,311200000.0,2024-06-30,3d92cca213f044150c1a071d2105139039e9a4cc2e4660155cada7b1d620bbac,CLOSED_UNIQUE,97062000.0,CLOSED_UNIQUE,133617000.0,,AF,CLOSED_PRIOR_ACC_REV_GE80_REMAIN_AF,2025-03-17,True,DIRECT,
1653477,0001653477-25-000015,20250219,INGEVITY CORP,1-LAF,LAF,CLOSED,CLOSED_OPERATING_NON_SHELL,OPERATING,operating,CLOSED_UNIQUE,1582951662.0,2024-06-30,ed432e405d61d089b21a08f9dd2b1a653f36299b7c8f051cc9c6d05ab5e14eac,CLOSED_UNIQUE,1692100000.0,CLOSED_UNIQUE,1668300000.0,,LAF,CLOSED_PF_GE700,2025-03-03,True,DIRECT,
1653558,0001653558-25-000039,20250306,"PRIORITY TECHNOLOGY HOLDINGS, INC.",4-NON,NAF,CLOSED,CLOSED_OPERATING_NON_SHELL,OPERATING,operating,CLOSED_UNIQUE,93100000.0,2024-06-30,a473cd63769f871d3f9a851d0d0bb9c0a2d67c776a033a1cfede2563aeabad98,CLOSED_UNIQUE,755612000.0,CLOSED_UNIQUE,663641000.0,,AF,CLOSED_PRIOR_NON_REV_GE100_ENTER_AF,2025-03-17,True,DIRECT,
1653653,0001653653-25-000004,20250221,"RED ROCK RESORTS, INC.",1-LAF,LAF,CLOSED,CLOSED_OPERATING_NON_SHELL,OPERATING,operating,CLOSED_UNIQUE,2800000000.0,2024-06-30,1e26ee6abc4598cc5b6af0c35b4b5d09fba66b62a4df3479c33098e914f5fdca,CLOSED_UNIQUE,1724086000.0,CLOSED_UNIQUE,1663786000.0,,LAF,CLOSED_PF_GE700,2025-03-03,True,DIRECT,
1653909,0001628280-25-012130,20250312,"ALLBIRDS, INC.",2-ACC,AF,CLOSED,CLOSED_OPERATING_NON_SHELL,OPERATING,operating,CLOSED_UNIQUE,57200000.0,2024-06-30,87d27173ec6b9516e93227b70d4a9482df6282f95e64807b25b95221f293cdf9,CLOSED_UNIQUE,254065000.0,CLOSED_UNIQUE,297766000.0,,NAF,CLOSED_PF_LT60,2025-03-31,True,DIRECT,
1655210,0001655210-25-000034,20250305,"BEYOND MEAT, INC.",1-LAF,LAF,CLOSED,CLOSED_OPERATING_NON_SHELL,OPERATING,operating,CLOSED_UNIQUE,400000000.0,2024-06-28,7a6bf0a2702bb604d7a58b00bf9fd3979b05fe564aedfaaad10bd38d3f2f97d6,CLOSED_UNIQUE,343376000.0,CLOSED_UNIQUE,418933000.0,,AF,CLOSED_PRIOR_LAF_REV_GE100_EXIT_AF,2025-03-17,True,DIRECT,
1655759,0001655759-25-000016,20250211,"ARVINAS, INC.",1-LAF,LAF,CLOSED,CLOSED_OPERATING_NON_SHELL,OPERATING,operating,CLOSED_UNIQUE,1796600000.0,2024-06-28,1141a4ae7164fee406e6c915d9e19c249a564ba3e1e95586f340e6ee6cb57d49,CLOSED_UNIQUE,78500000.0,CLOSED_UNIQUE,131400000.0,,LAF,CLOSED_PF_GE700,2025-03-03,True,DIRECT,
1656472,0001656472-25-000014,20250227,CRONOS GROUP INC.,2-ACC,AF,CLOSED,CLOSED_OPERATING_NON_SHELL,OPERATING,operating,CLOSED_UNIQUE,458200000.0,2024-06-28,fd4162b4f1b9258cf44210277fbf1aaf21b13667fba31af6620e9a18be8baa51,CLOSED_UNIQUE,87241000.0,CLOSED_UNIQUE,91904000.0,,AF,CLOSED_PRIOR_ACC_REV_GE80_REMAIN_AF,2025-03-17,True,DIRECT,
1657312,0001657312-25-000010,20250227,VERONA PHARMA PLC,1-LAF,LAF,CLOSED,CLOSED_OPERATING_NON_SHELL,OPERATING,operating,CLOSED_UNIQUE,1100000000.0,2024-06-30,d9588364adfb7816e9205aedac53edaa3a235a9823c223fa06c67aa890b20947,CLOSED_UNIQUE,0.0,CLOSED_UNIQUE,458000.0,,LAF,CLOSED_PF_GE700,2025-03-03,True,DIRECT,
1657573,0000950170-25-026655,20250225,"XOMETRY, INC.",1-LAF,LAF,CLOSED,CLOSED_OPERATING_NON_SHELL,OPERATING,operating,CLOSED_UNIQUE,496000000.0,2024-06-30,040edd7651a74c56a4c7594887457037cbcf0ae0389e77ccc2599a0b01b257e7,CLOSED_UNIQUE,463406000.0,CLOSED_UNIQUE,381053000.0,,AF,CLOSED_PRIOR_LAF_REV_GE100_EXIT_AF,2025-03-17,True,DIRECT,
1657642,0001437749-25-009335,20250326,"SKYLINE BANKSHARES, INC.",4-NON,NAF,CLOSED,CLOSED_OPERATING_NON_SHELL,OPERATING,operating,CLOSED_UNIQUE,52479467.0,2024-06-30,2bec6ae34d64576324fe65e324cc8a93c2ec5820f7c99ee59efceee7c50d2903,NO_WHITELIST_TOPLINE,,NO_WHITELIST_TOPLINE,,,NAF,CLOSED_PF_LT60,2025-03-31,True,DIRECT,
1657788,0001558370-25-001800,20250227,"KIMBELL ROYALTY PARTNERS, LP",1-LAF,LAF,CLOSED,CLOSED_OPERATING_NON_SHELL,OPERATING,operating,CLOSED_UNIQUE,1300000000.0,2024-06-30,e6e9035ec1f90264f9f943bcc6e48d363f226733d852d3323d9e58e0403a75a8,CONFLICTING_WHITELIST_VALUES,,CLOSED_UNIQUE,248059185.0,,LAF,CLOSED_PF_GE700,2025-03-03,True,DIRECT,
1658247,0000950170-25-029050,20250227,"CRINETICS PHARMACEUTICALS, INC.",1-LAF,LAF,CLOSED,CLOSED_OPERATING_NON_SHELL,OPERATING,operating,CLOSED_UNIQUE,3500000000.0,2024-06-30,de3b161b82cec551fb0d145217a1aedf011b5c831c6d0c7dbfb156014db9ef4d,CLOSED_UNIQUE,4013000.0,CLOSED_UNIQUE,4737000.0,,LAF,CLOSED_PF_GE700,2025-03-03,True,DIRECT,
1658551,0000950170-25-031309,20250304,"AMYLYX PHARMACEUTICALS, INC.",1-LAF,LAF,CLOSED,CLOSED_OPERATING_NON_SHELL,OPERATING,operating,CLOSED_UNIQUE,117600000000.0,2024-06-30,9f9ef2e2cf33b6b0d92784f40feef0ad83aeb4609877ab57fb258f4862d5da91,CLOSED_UNIQUE,380786000.0,CLOSED_UNIQUE,22230000.0,,LAF,CLOSED_PF_GE700,2025-03-03,False,LATE,
1658566,0001658566-25-000014,20250226,PERMIAN RESOURCES CORP,1-LAF,LAF,CLOSED,CLOSED_OPERATING_NON_SHELL,OPERATING,operating,CLOSED_UNIQUE,9949142920.0,2024-06-28,f9a19a340333408fe81253f42cc0a5b14a208afa299ebcb9c4c39cf5347c88a5,NO_WHITELIST_TOPLINE,,NO_WHITELIST_TOPLINE,,,LAF,CLOSED_PF_GE700,2025-03-03,True,DIRECT,
1659166,0001659166-25-000024,20250225,FORTIVE CORP,1-LAF,LAF,CLOSED,CLOSED_OPERATING_NON_SHELL,OPERATING,operating,CLOSED_UNIQUE,25900000000.0,2024-06-28,6a1244fed4c165d19246d8937e9aa87ed0e94cdc82c447e95856962d4242a059,CLOSED_UNIQUE,6065300000.0,CLOSED_UNIQUE,5825700000.0,,LAF,CLOSED_PF_GE700,2025-03-03,True,DIRECT,
1659323,0000950170-25-015857,20250207,ITERUM THERAPEUTICS PLC,4-NON,NAF,CLOSED,CLOSED_OPERATING_NON_SHELL,OPERATING,operating,CLOSED_UNIQUE,19200000.0,2024-06-30,873996957a1d0ba134b489c6d17d8b35fe50e31990d738ed1f26a5cbb60e5bd2,NO_WHITELIST_TOPLINE,,NO_WHITELIST_TOPLINE,,,NAF,CLOSED_PF_LT60,2025-03-31,True,DIRECT,
1660280,0001660280-25-000034,20250224,"TENABLE HOLDINGS, INC.",1-LAF,LAF,CLOSED,CLOSED_OPERATING_NON_SHELL,OPERATING,operating,CLOSED_UNIQUE,5100000000.0,2024-06-30,eef91601106661228d37b6d04166218ac742ace06565808ace5ca6dc1f0b8c0a,CLOSED_UNIQUE,798710000.0,CLOSED_UNIQUE,683191000.0,,LAF,CLOSED_PF_GE700,2025-03-03,True,DIRECT,
1661059,0001558370-25-002402,20250306,"NEXTCURE, INC.",4-NON,NAF,CLOSED,CLOSED_OPERATING_NON_SHELL,OPERATING,operating,CLOSED_UNIQUE,43600000.0,2024-06-28,548bc69245a709a057e9fb76176392e75fd239d819388b1eec633a2227dac55d,NO_WHITELIST_TOPLINE,,NO_WHITELIST_TOPLINE,,,NAF,CLOSED_PF_LT60,2025-03-31,True,DIRECT,
1661600,0001683168-25-002119,20250331,SATIVUS TECH CORP.,4-NON,NAF,CLOSED,CLOSED_OPERATING_NON_SHELL,OPERATING,operating,CLOSED_UNIQUE,0.0,2024-06-30,dc075e8ba9d0210d9e7ee41f868216f0d5eb18ba037af97bc7fb71a0d116f649,NO_WHITELIST_TOPLINE,,NO_WHITELIST_TOPLINE,,,NAF,CLOSED_PF_LT60,2025-03-31,True,DIRECT,
1662684,0001410578-25-000551,20250331,"KULR TECHNOLOGY GROUP, INC.",4-NON,NAF,CLOSED,CLOSED_OPERATING_NON_SHELL,OPERATING,operating,CLOSED_UNIQUE,66136722.0,2024-06-30,41268c42c13688df4a3cc8c5e0fbb482cd3151880a1d1b8de5cb4ce599c3b268,CLOSED_UNIQUE,9830166.0,CLOSED_UNIQUE,3994634.0,,NAF,CLOSED_PRIOR_NON_PF_LT75,2025-03-31,True,DIRECT,
1662774,0001662774-25-000012,20250324,"QUINCE THERAPEUTICS, INC.",4-NON,NAF,CLOSED,CLOSED_OPERATING_NON_SHELL,OPERATING,operating,CLOSED_UNIQUE,23200000.0,2024-06-28,d4a355d57c12daf893b5bb890051f263d48725b759c0ed74d54ea357b9d9b2a2,NO_WHITELIST_TOPLINE,,NO_WHITELIST_TOPLINE,,,NAF,CLOSED_PF_LT60,2025-03-31,True,DIRECT,
1662972,0001662972-25-000027,20250307,"BLACKSTONE REAL ESTATE INCOME TRUST, INC.",4-NON,NAF,CLOSED,CLOSED_OPERATING_NON_SHELL,OPERATING,operating,CLOSED_UNIQUE,0.0,2024-06-30,921b7592dd34e22a399f26bd7c9b309b72b48f43cddceb3b11768d084bca3c3c,CLOSED_UNIQUE,8934405000.0,CLOSED_UNIQUE,7646378000.0,,NAF,CLOSED_PF_LT60,2025-03-31,True,DIRECT,
1664703,0001628280-25-008747,20250227,BLOOM ENERGY CORP,1-LAF,LAF,CLOSED,CLOSED_OPERATING_NON_SHELL,OPERATING,operating,CLOSED_UNIQUE,1700000000.0,2024-06-30,d813bb25ca18a2962ad997d796c1fccf619adc73f29168b25d3ef279a8ef85db,CLOSED_UNIQUE,1333470000.0,CLOSED_UNIQUE,1199125000.0,,LAF,CLOSED_PF_GE700,2025-03-03,True,DIRECT,
1664710,0001664710-25-000018,20250226,"KEROS THERAPEUTICS, INC.",1-LAF,LAF,CLOSED,CLOSED_OPERATING_NON_SHELL,OPERATING,operating,CLOSED_UNIQUE,1300000000.0,2024-06-28,236474f3e02241bdd3278d90307e3f37481bfd2c8f144ea96de08c39f77c0adf,CLOSED_UNIQUE,151000.0,CLOSED_UNIQUE,0.0,,LAF,CLOSED_PF_GE700,2025-03-03,True,DIRECT,
1664740,0001493152-25-009930,20250312,MBC FUNDING II CORP.,4-NON,NAF,CLOSED,CLOSED_OPERATING_NON_SHELL,OPERATING,operating,CLOSED_UNIQUE,0.0,2024-06-30,a628ef6df8769dc01f9b73727d0e861ae6545c71cb5451a511a77b978040f98c,CLOSED_UNIQUE,887979.0,CLOSED_UNIQUE,769733.0,,NAF,CLOSED_PF_LT60,2025-03-31,True,DIRECT,
1665918,0001665918-25-000017,20250213,US FOODS HOLDING CORP.,1-LAF,LAF,CLOSED,CLOSED_OPERATING_NON_SHELL,OPERATING,operating,CLOSED_UNIQUE,13400000000.0,2024-06-29,792b76178880584a7f9a69e3485fe2b9aa1676d9ecece0b8b691be36413c3b24,CLOSED_UNIQUE,35597000000.0,CLOSED_UNIQUE,34057000000.0,,LAF,CLOSED_PF_GE700,2025-03-03,True,DIRECT,
1665988,0001628280-25-011831,20250311,BIOVENTUS INC.,2-ACC,AF,CLOSED,CLOSED_OPERATING_NON_SHELL,OPERATING,operating,CLOSED_UNIQUE,176600000.0,2024-06-29,1b19e4bc1df6e4683eb50db755b0a1069b780e9747f414814c90f3464cff0bf2,CLOSED_UNIQUE,512345000.0,CLOSED_UNIQUE,512117000.0,,AF,CLOSED_PRIOR_ACC_REV_GE80_REMAIN_AF,2025-03-17,True,DIRECT,
1666071,0001666071-25-000034,20250312,"CARDLYTICS, INC.",2-ACC,AF,CLOSED,CLOSED_OPERATING_NON_SHELL,OPERATING,operating,CLOSED_UNIQUE,400000000.0,2024-06-28,40c3f5f0c13610740731ad47781fcedcddb77705ab62d7c71ab83c7bbbef33b7,CLOSED_UNIQUE,309204000.0,CLOSED_UNIQUE,298542000.0,,AF,CLOSED_PRIOR_ACC_REV_GE80_REMAIN_AF,2025-03-17,True,DIRECT,
1666134,0001666134-25-000003,20250221,"BLACKLINE, INC.",1-LAF,LAF,CLOSED,CLOSED_OPERATING_NON_SHELL,OPERATING,operating,CLOSED_UNIQUE,2787000000.0,2024-06-30,034d3306801c9c80d77518eeb177cda2e836d02b6cb51e8bfb2a5b95a9b9e0e8,CLOSED_UNIQUE,589996000.0,CLOSED_UNIQUE,522938000.0,,LAF,CLOSED_PF_GE700,2025-03-03,True,DIRECT,
1666291,0000950170-25-023258,20250219,"CLAROS MORTGAGE TRUST, INC.",1-LAF,LAF,CLOSED,CLOSED_OPERATING_NON_SHELL,OPERATING,operating,CLOSED_UNIQUE,641000000.0,2024-06-30,5c12af16c0f6787726edafb3dc4a1022a72de3c7c0afc3138be2bc9e47f8c466,CLOSED_UNIQUE,306552000.0,CLOSED_UNIQUE,287201000.0,,LAF,CLOSED_PRIOR_LAF_PF_GE560,2025-03-03,True,DIRECT,
1666700,0001666700-25-000005,20250214,"DUPONT DE NEMOURS, INC.",1-LAF,LAF,CLOSED,CLOSED_OPERATING_NON_SHELL,OPERATING,operating,CLOSED_UNIQUE,34000000000.0,2024-06-30,bfbee393550c8fa0ced263e2fc17caa16a5731cbe299d6fccf31d639f95268d0,CLOSED_UNIQUE,12068000000.0,CLOSED_UNIQUE,13017000000.0,,LAF,CLOSED_PF_GE700,2025-03-03,True,DIRECT,
1668010,0001641172-25-003320,20250409,"DIGITAL BRANDS GROUP, INC.",4-NON,NAF,CLOSED,CLOSED_OPERATING_NON_SHELL,OPERATING,operating,CLOSED_UNIQUE,3341932.0,2024-06-28,a68ca23e3af3fc31472aad49506c78327e7d9596a919926535c0cc9c5060f88b,CLOSED_UNIQUE,14916422.0,CLOSED_UNIQUE,13971178.0,2025-03-31,NAF,CLOSED_PF_LT60,2025-03-31,True,12B25,
1668340,0001552781-25-000058,20250306,"BANCORP 34, INC.",4-NON,NAF,CLOSED,CLOSED_OPERATING_NON_SHELL,OPERATING,operating,CLOSED_UNIQUE,44700000.0,2024-06-30,bf06fbfdc28fd1839b8dc42b2bfdbecd5680bbe4809e5457492e3e4441230637,NO_WHITELIST_TOPLINE,,NO_FY2022_10K,,,NAF,CLOSED_PF_LT60,2025-03-31,True,DIRECT,
1668397,0001668397-25-000017,20250211,"MEDPACE HOLDINGS, INC.",1-LAF,LAF,CLOSED,CLOSED_OPERATING_NON_SHELL,OPERATING,operating,CLOSED_UNIQUE,10500000000.0,2024-06-30,71a4c1eb327d1957579762a151cef6006cb48ee9ef9381c063e624aeb798d208,CLOSED_UNIQUE,1885842000.0,NO_WHITELIST_TOPLINE,,,LAF,CLOSED_PF_GE700,2025-03-03,True,DIRECT,
1669162,0001669162-25-000010,20250221,"KINSALE CAPITAL GROUP, INC.",1-LAF,LAF,CLOSED,CLOSED_OPERATING_NON_SHELL,OPERATING,operating,CLOSED_UNIQUE,7793514938.0,2024-06-30,0c0351fb8e102b9704e05951bdb32967f4ed7fee6afb867c2069ca107198af31,CLOSED_UNIQUE,1224449000.0,CLOSED_UNIQUE,819200000.0,,LAF,CLOSED_PF_GE700,2025-03-03,True,DIRECT,
1669779,0001558370-25-001939,20250228,"CAMPING WORLD HOLDINGS, INC.",1-LAF,LAF,CLOSED,CLOSED_OPERATING_NON_SHELL,OPERATING,operating,CLOSED_UNIQUE,749458912.0,2024-06-30,3cea533d52166ca61651ae090b74b8dfb81526811e9ce95092c0211c717f9e99,CLOSED_UNIQUE,6226547000.0,CLOSED_UNIQUE,6967013000.0,,LAF,CLOSED_PF_GE700,2025-03-03,True,DIRECT,
1669811,0000950170-25-022207,20250218,"DONNELLEY FINANCIAL SOLUTIONS, INC.",1-LAF,LAF,CLOSED,CLOSED_OPERATING_NON_SHELL,OPERATING,operating,CLOSED_UNIQUE,1600000000.0,2024-06-30,662c8ae829ee3b5528126333a6dbd33744ef8c1906a3aa7fbd77f30ca9472f9b,CLOSED_UNIQUE,797200000.0,CLOSED_UNIQUE,833600000.0,,LAF,CLOSED_PF_GE700,2025-03-03,True,DIRECT,
1670076,0001670076-25-000041,20250218,"FRONTIER GROUP HOLDINGS, INC.",2-ACC,AF,CLOSED,CLOSED_OPERATING_NON_SHELL,OPERATING,operating,CLOSED_UNIQUE,257000000.0,2024-06-28,af95b9ebd1e5e28a5d11a6100b75617eedab45644f208c7a0904815695467d80,CLOSED_UNIQUE,3589000000.0,CLOSED_UNIQUE,3326000000.0,,AF,CLOSED_PRIOR_ACC_REV_GE80_REMAIN_AF,2025-03-17,True,DIRECT,
1670592,0001670592-25-000008,20250224,"YETI HOLDINGS, INC.",1-LAF,LAF,CLOSED,CLOSED_OPERATING_NON_SHELL,OPERATING,operating,CLOSED_UNIQUE,2304198846.0,2024-06-28,966a3e98e57b2719617cec0bd7ecd7747d0e1c4a6aaf69379d9e10868dd6adbc,CLOSED_UNIQUE,1658713000.0,CLOSED_UNIQUE,1595222000.0,,LAF,CLOSED_PF_GE700,2025-03-03,True,DIRECT,
1671284,0001671284-25-000004,20250321,"NEUEHEALTH, INC.",4-NON,NAF,CLOSED,CLOSED_OPERATING_NON_SHELL,OPERATING,operating,CLOSED_UNIQUE,22018509.0,2024-06-30,a2a41f0b01b9bca01e3f8ce36cd1f17e24c72f14317816f8850962387e652950,CLOSED_UNIQUE,1160802000.0,CLOSED_UNIQUE,2412030000.0,,NAF,CLOSED_PF_LT60,2025-03-31,True,DIRECT,
1671502,0001410578-25-000336,20250313,"QUOIN PHARMACEUTICALS, LTD.",4-NON,NAF,CLOSED,CLOSED_OPERATING_NON_SHELL,OPERATING,operating,CLOSED_UNIQUE,2300000.0,2024-06-30,399d08bdc665972e57fb54580291f43ac4a84dd9099dbc2d43434ceb88a7ff75,NO_WHITELIST_TOPLINE,,NO_WHITELIST_TOPLINE,,,NAF,CLOSED_PF_LT60,2025-03-31,True,DIRECT,
1671584,0000950170-25-020467,20250214,APTEVO THERAPEUTICS INC.,4-NON,NAF,CLOSED,CLOSED_OPERATING_NON_SHELL,OPERATING,operating,CLOSED_UNIQUE,1200000.0,2024-06-30,07ba3f6dcc0575863d1b4349c83eb7bc4993476fa6384827ef795ce2aedaaeb3,NO_WHITELIST_TOPLINE,,NO_WHITELIST_TOPLINE,,,NAF,CLOSED_PF_LT60,2025-03-31,True,DIRECT,
1671927,0001671927-25-000006,20250226,IMMUNOCORE HOLDINGS PLC,1-LAF,LAF,CLOSED,CLOSED_OPERATING_NON_SHELL,OPERATING,operating,CLOSED_UNIQUE,1600000000.0,2024-06-28,2ed3257446eee0c75792c358032b3558b22bd5502fa9a91288ac02dbb15109e4,CLOSED_UNIQUE,249428000.0,NO_FY2022_10K,,,LAF,CLOSED_PF_GE700,2025-03-03,True,DIRECT,
1671933,0001671933-25-000029,20250221,"TRADE DESK, INC.",1-LAF,LAF,CLOSED,CLOSED_OPERATING_NON_SHELL,OPERATING,operating,CLOSED_UNIQUE,43514637327.0,2024-06-28,304718ff76de0614ec032153148a9d1cb00ae4cfea4dcce2b68d15bf31f598b8,CLOSED_UNIQUE,1946120000.0,CLOSED_UNIQUE,1577795000.0,,LAF,CLOSED_PF_GE700,2025-03-03,True,DIRECT,
1672013,0001672013-25-000009,20250227,ACUSHNET HOLDINGS CORP.,1-LAF,LAF,CLOSED,CLOSED_OPERATING_NON_SHELL,OPERATING,operating,CLOSED_UNIQUE,1800000000.0,2024-06-28,6b317a12cbac79e4903b5985ee8fbee52f2881f77e8675a126a91aca1a4ad5bc,CLOSED_UNIQUE,2381995000.0,CLOSED_UNIQUE,2270336000.0,,LAF,CLOSED_PF_GE700,2025-03-03,True,DIRECT,
1673358,0000950170-25-029134,20250227,"YUM CHINA HOLDINGS, INC.",1-LAF,LAF,CLOSED,CLOSED_OPERATING_NON_SHELL,OPERATING,operating,CLOSED_UNIQUE,11900000000.0,2024-06-30,5a1adbbfc15124635aaf02cae27dbff96cc41c51c7a711a182004765a3307c51,CLOSED_UNIQUE,10978000000.0,CLOSED_UNIQUE,9569000000.0,,LAF,CLOSED_PF_GE700,2025-03-03,True,DIRECT,
1673985,0001673985-25-000011,20250221,ADVANSIX INC.,1-LAF,LAF,CLOSED,CLOSED_OPERATING_NON_SHELL,OPERATING,operating,CLOSED_UNIQUE,593000000.0,2024-06-30,1406c69dbca616263fa5d8bec8bdd50a8545a65117055bc9d3b05d2ee74544ce,CLOSED_UNIQUE,1533599000.0,CLOSED_UNIQUE,1945640000.0,,LAF,CLOSED_PRIOR_LAF_PF_GE560,2025-03-03,True,DIRECT,
1674101,0001628280-25-005905,20250218,VERTIV HOLDINGS CO,1-LAF,LAF,CLOSED,CLOSED_OPERATING_NON_SHELL,OPERATING,operating,CLOSED_UNIQUE,30843122938.0,2024-06-30,fffcff9c3ee99771700f18b7e86a38dd26f161f34c69db4aa487ccffcff07421,CLOSED_UNIQUE,6863200000.0,CLOSED_UNIQUE,5691500000.0,,LAF,CLOSED_PF_GE700,2025-03-03,True,DIRECT,
1674168,0001628280-25-009254,20250303,HILTON GRAND VACATIONS INC.,1-LAF,LAF,CLOSED,CLOSED_OPERATING_NON_SHELL,OPERATING,operating,CLOSED_UNIQUE,4042000000.0,2024-06-28,ff5c8512d78dba627203934003872b58cb443a0369e6e4c778aa1fbbe873b38f,CLOSED_UNIQUE,3978000000.0,CLOSED_UNIQUE,3835000000.0,,LAF,CLOSED_PF_GE700,2025-03-03,True,DIRECT,
1674335,0001674335-25-000055,20250220,"JELD-WEN HOLDING, INC.",1-LAF,LAF,CLOSED,CLOSED_OPERATING_NON_SHELL,OPERATING,operating,CLOSED_UNIQUE,1100000000.0,2024-06-29,c79b6bca5bffec2d73fcd16b90bf4f1c53cc1e24949416689c0e4d924b9df298,CLOSED_UNIQUE,4304334000.0,CLOSED_UNIQUE,5129179000.0,,LAF,CLOSED_PF_GE700,2025-03-03,True,DIRECT,
1674356,0001674356-25-000007,20250314,"TERRA PROPERTY TRUST, INC.",4-NON,NAF,CLOSED,CLOSED_OPERATING_NON_SHELL,OPERATING,operating,CLOSED_UNIQUE,0.0,2024-06-30,c4607adbf9a16f898e7fe096740c4b2301b1f9a258b840bc1d715ea601511ea6,CLOSED_UNIQUE,67914034.0,CLOSED_UNIQUE,56614446.0,,NAF,CLOSED_PF_LT60,2025-03-31,True,DIRECT,
1674416,0000950170-25-017899,20250211,CRISPR THERAPEUTICS AG,1-LAF,LAF,CLOSED,CLOSED_OPERATING_NON_SHELL,OPERATING,operating,CLOSED_UNIQUE,4300000000.0,2024-06-28,6e2687f3ef40871c47842e0eae7083312139f120ef9e935e6999c8fbf8458a01,CLOSED_UNIQUE,371206000.0,CLOSED_UNIQUE,1198000.0,,LAF,CLOSED_PF_GE700,2025-03-03,True,DIRECT,
1674930,0000950170-25-029512,20250228,"FULGENT GENETICS, INC.",1-LAF,LAF,CLOSED,CLOSED_OPERATING_NON_SHELL,OPERATING,operating,CLOSED_UNIQUE,325600000.0,2024-06-30,c64f2c4c81dce7ffd5e81e275cd30783c1eeff555686da2bc4a77f80c9cc9e88,CLOSED_UNIQUE,289213000.0,CLOSED_UNIQUE,618968000.0,,AF,CLOSED_PRIOR_LAF_REV_GE100_EXIT_AF,2025-03-17,True,DIRECT,
1675149,0000950170-25-024242,20250220,ALCOA CORP,1-LAF,LAF,CLOSED,CLOSED_OPERATING_NON_SHELL,OPERATING,operating,CLOSED_UNIQUE,7100000000.0,2024-06-28,b017f490f0b26edcd966203ff326918e3c51cbc5233f33cd3e9c0e406c1340af,NO_WHITELIST_TOPLINE,,NO_WHITELIST_TOPLINE,,,LAF,CLOSED_PF_GE700,2025-03-03,True,DIRECT,
1676725,0000950170-25-022183,20250218,"IDEAYA BIOSCIENCES, INC.",1-LAF,LAF,CLOSED,CLOSED_OPERATING_NON_SHELL,OPERATING,operating,CLOSED_UNIQUE,2700000000.0,2024-06-28,773b4ddb686662b94e2416165a792b8ac7f353e8a5ffa55065eb431dda01a099,NO_WHITELIST_TOPLINE,,NO_WHITELIST_TOPLINE,,,LAF,CLOSED_PF_GE700,2025-03-03,True,DIRECT,
1677576,0001558370-25-001322,20250221,INNOVATIVE INDUSTRIAL PROPERTIES INC,1-LAF,LAF,CLOSED,CLOSED_OPERATING_NON_SHELL,OPERATING,operating,CLOSED_UNIQUE,3000000000.0,2024-06-28,78ab911b2e86310060493204782708359808c8b89316a808e12c07d8ae1041bd,CLOSED_UNIQUE,309506000.0,CLOSED_UNIQUE,276359000.0,,LAF,CLOSED_PF_GE700,2025-03-03,True,DIRECT,
1677703,0001677703-25-000029,20250219,CONDUENT INC,1-LAF,LAF,CLOSED,CLOSED_OPERATING_NON_SHELL,OPERATING,operating,CLOSED_UNIQUE,522734017.0,2024-06-30,36d5f2f989b85050062c2f51fc8133299e06c3e73e1bca17c245a912054b1d52,CLOSED_UNIQUE,3722000000.0,CLOSED_UNIQUE,3858000000.0,,AF,CLOSED_PRIOR_LAF_REV_GE100_EXIT_AF,2025-03-17,True,DIRECT,
1678660,0000950170-25-035921,20250310,PRELUDE THERAPEUTICS INC,4-NON,NAF,CLOSED,CLOSED_OPERATING_NON_SHELL,OPERATING,operating,CLOSED_UNIQUE,66100000.0,2024-06-30,6b5ef8d4e3054989dd419155f682933178cce46c271b1758f06500b6d11559a1,NO_WHITELIST_TOPLINE,,NO_WHITELIST_TOPLINE,,,NAF,CLOSED_PRIOR_NON_PF_LT75,2025-03-31,True,DIRECT,
1679049,0001558370-25-001691,20250227,"INTERNATIONAL SEAWAYS, INC.",1-LAF,LAF,CLOSED,CLOSED_OPERATING_NON_SHELL,OPERATING,operating,CLOSED_UNIQUE,2900000000.0,2024-06-28,b766e86d53d63492faf27f6f5aa328c6d1ee05eb451507fbc285a0bb581e5e31,NO_WHITELIST_TOPLINE,,NO_WHITELIST_TOPLINE,,,LAF,CLOSED_PF_GE700,2025-03-03,True,DIRECT,
1679688,0001679688-25-000017,20250221,"DIGITALBRIDGE GROUP, INC.",1-LAF,LAF,CLOSED,CLOSED_OPERATING_NON_SHELL,OPERATING,operating,CLOSED_UNIQUE,2400000000.0,2024-06-30,ea623ef2ffc45554bb497c96450e2bd770c0cffc896bb993ffadf140b5ebf494,CLOSED_UNIQUE,821383000.0,CLOSED_UNIQUE,1144572000.0,,LAF,CLOSED_PF_GE700,2025-03-03,True,DIRECT,
1679788,0001679788-25-000022,20250213,"COINBASE GLOBAL, INC.",1-LAF,LAF,CLOSED,CLOSED_OPERATING_NON_SHELL,OPERATING,operating,CLOSED_UNIQUE,44600000000.0,2024-06-30,9c6333640cffc0db9a543040c5d602c11dbfdd9af4f6d71fd30911e3503817d1,CLOSED_UNIQUE,3108383000.0,CLOSED_UNIQUE,3194208000.0,,LAF,CLOSED_PF_GE700,2025-03-03,True,DIRECT,
1679817,0001641172-25-004807,20250415,"OZOP ENERGY SOLUTIONS, INC.",4-NON,NAF,CLOSED,CLOSED_OPERATING_NON_SHELL,OPERATING,operating,CLOSED_UNIQUE,5965228.0,2024-06-30,7a088edc42ab21583830ffa47f6fbd946877cb2f372ef355f84863b8218ece6c,CLOSED_UNIQUE,4760705.0,CLOSED_UNIQUE,16629450.0,2025-04-01,NAF,CLOSED_PF_LT60,2025-03-31,True,12B25,
1680048,0001558370-25-003913,20250328,"MUSTANG BIO, INC.",4-NON,NAF,CLOSED,CLOSED_OPERATING_NON_SHELL,OPERATING,operating,CLOSED_UNIQUE,14800000.0,2024-06-30,33c62e568267083fe8cd3270a119d7a234a435f1a9c50b28635c3e2e9a715bd5,NO_WHITELIST_TOPLINE,,NO_WHITELIST_TOPLINE,,,NAF,CLOSED_PF_LT60,2025-03-31,True,DIRECT,
1680062,0001680062-25-000003,20250303,"ACM RESEARCH, INC.",1-LAF,LAF,CLOSED,CLOSED_OPERATING_NON_SHELL,OPERATING,operating,CLOSED_UNIQUE,1105500000.0,2024-06-28,6b1f52ba2e56545b697c8f0dbd527e1dc2bf0eb8ce716e6a4d035d68c247e3d6,CLOSED_UNIQUE,557723000.0,NO_WHITELIST_TOPLINE,,,LAF,CLOSED_PF_GE700,2025-03-03,True,DIRECT,
1680139,0001213900-25-026262,20250331,HEALTHLYNKED CORP,4-NON,NAF,CLOSED,CLOSED_OPERATING_NON_SHELL,OPERATING,operating,CLOSED_UNIQUE,14334980.0,2024-06-30,021df570cc44eb76b6687e8716a068999b9a5f9678941476c11bde3920a1c747,CLOSED_UNIQUE,5722379.0,CLOSED_UNIQUE,5858202.0,,NAF,CLOSED_PF_LT60,2025-03-31,True,DIRECT,
1680247,0001680247-25-000030,20250220,PROPETRO HOLDING CORP.,1-LAF,LAF,CLOSED,CLOSED_OPERATING_NON_SHELL,OPERATING,operating,CLOSED_UNIQUE,753400000.0,2024-06-30,f4e865df1ee342633db12c34637de6cce3900d38180eccb5dccda9e4f5b338f5,NO_WHITELIST_TOPLINE,,NO_WHITELIST_TOPLINE,,,LAF,CLOSED_PF_GE700,2025-03-03,True,DIRECT,
1680378,0001628280-25-012408,20250313,"SENESTECH, INC.",4-NON,NAF,CLOSED,CLOSED_OPERATING_NON_SHELL,OPERATING,operating,CLOSED_UNIQUE,2968000.0,2024-06-30,68c65b61ebe830d84c1f38403e752d92b2ce4775db99a369884ef1a653a9b3db,CLOSED_UNIQUE,1193000.0,CLOSED_UNIQUE,1019000.0,,NAF,CLOSED_PF_LT60,2025-03-31,True,DIRECT,
1680581,0000950170-25-026068,20250225,"FULCRUM THERAPEUTICS, INC.",4-NON,NAF,CLOSED,CLOSED_OPERATING_NON_SHELL,OPERATING,operating,CLOSED_UNIQUE,308714932000.0,2024-06-28,e84f86744d768652d125cf9039d43db05d8ea91a684523f294b5808e0599f4fa,NO_WHITELIST_TOPLINE,,NO_WHITELIST_TOPLINE,,,LAF,CLOSED_PF_GE700,2025-03-03,True,DIRECT,
1680873,0001680873-25-000006,20250317,HF FOODS GROUP INC.,2-ACC,AF,CLOSED,CLOSED_OPERATING_NON_SHELL,OPERATING,operating,CLOSED_UNIQUE,145900000.0,2024-06-30,7c90922362cdf5283be50ea126ccf850aac083fc3c632184f489228ca2f290a0,CLOSED_UNIQUE,1148493000.0,CLOSED_UNIQUE,1170467000.0,,AF,CLOSED_PRIOR_ACC_REV_GE80_REMAIN_AF,2025-03-17,True,DIRECT,
1681206,0001174947-25-000304,20250307,"NI HOLDINGS, INC.",2-ACC,AF,CLOSED,CLOSED_OPERATING_NON_SHELL,OPERATING,operating,CLOSED_UNIQUE,119000000.0,2024-06-30,1b8af6bcf98527e5a2a0352370a80b155bd2eb9dbba80ad3201fdfa5b9b42ead,CLOSED_UNIQUE,365695000.0,CLOSED_UNIQUE,324437000.0,,AF,CLOSED_PRIOR_ACC_REV_GE80_REMAIN_AF,2025-03-17,True,DIRECT,
1681459,0001681459-25-000036,20250227,TECHNIPFMC PLC,1-LAF,LAF,CLOSED,CLOSED_OPERATING_NON_SHELL,OPERATING,operating,CLOSED_UNIQUE,7800000000.0,2024-06-28,756dd0865d4ace50bb5231d6ccd5e08a1f5b4e39165dbf69d1c1ba13a015a0ec,CLOSED_UNIQUE,7824200000.0,CLOSED_UNIQUE,6700400000.0,,LAF,CLOSED_PF_GE700,2025-03-03,True,DIRECT,
1682149,0001410578-25-000600,20250331,DATAVAULT AI INC.,4-NON,NAF,CLOSED,CLOSED_OPERATING_NON_SHELL,OPERATING,operating,CLOSED_UNIQUE,12377000.0,2024-06-30,196414c66e62920577fb5a0ef7dc39a5a3a5fbeaea4836351de36df31e1c13b3,NO_WHITELIST_TOPLINE,,NO_WHITELIST_TOPLINE,,,NAF,CLOSED_PF_LT60,2025-03-31,True,DIRECT,
1682745,0000950170-25-029180,20250227,VERRA MOBILITY CORP,1-LAF,LAF,CLOSED,CLOSED_OPERATING_NON_SHELL,OPERATING,operating,CLOSED_UNIQUE,4445976517.0,2024-06-28,b0dd0031b6d3a196b28a303aec1d7c37484ffd6a72cd806395e8c995b925bc77,CLOSED_UNIQUE,817310000.0,CLOSED_UNIQUE,741598000.0,,LAF,CLOSED_PF_GE700,2025-03-03,True,DIRECT,
1682852,0001682852-25-000022,20250221,"MODERNA, INC.",1-LAF,LAF,CLOSED,CLOSED_OPERATING_NON_SHELL,OPERATING,operating,CLOSED_UNIQUE,42100000000.0,2024-06-30,0cd4b321a1b2b77660cdf4c3b27235c06b63202bcf54c0664327bdaf0e1eb993,CLOSED_UNIQUE,6848000000.0,CLOSED_UNIQUE,19263000000.0,,LAF,CLOSED_PF_GE700,2025-03-03,True,DIRECT,
1683553,0000950170-25-053945,20250415,"SPRUCE BIOSCIENCES, INC.",4-NON,NAF,CLOSED,CLOSED_OPERATING_NON_SHELL,OPERATING,operating,CLOSED_UNIQUE,18800000.0,2024-06-28,b1d78172c1ddb9974041dc9269dea4def94ffb1a2d88fb538041939b7788afba,NO_WHITELIST_TOPLINE,,NO_WHITELIST_TOPLINE,,2025-03-31,NAF,CLOSED_PF_LT60,2025-03-31,True,12B25,
1683606,0000950170-25-029023,20250227,CARS.COM INC.,1-LAF,LAF,CLOSED,CLOSED_OPERATING_NON_SHELL,OPERATING,operating,CLOSED_UNIQUE,1303529300.0,2024-06-30,89b8efdb50aeb3c3f816c700099ba0cd4450e994cc99a9759ae133c067838d13,CLOSED_UNIQUE,689183000.0,CLOSED_UNIQUE,653876000.0,,LAF,CLOSED_PF_GE700,2025-03-03,True,DIRECT,
1683695,0001683695-25-000030,20250227,"INTERNATIONAL MONEY EXPRESS, INC.",1-LAF,LAF,CLOSED,CLOSED_OPERATING_NON_SHELL,OPERATING,operating,CLOSED_UNIQUE,644000222.0,2024-06-30,c40b3c06afe2f1f3682e8d9a86c51b0a454b4e059245fb00698481b6c0bb4479,CLOSED_UNIQUE,658735000.0,CLOSED_UNIQUE,546805000.0,,LAF,CLOSED_PRIOR_LAF_PF_GE560,2025-03-03,True,DIRECT,
1684682,0001684682-25-000005,20250331,"CNL STRATEGIC CAPITAL, LLC",4-NON,NAF,CLOSED,CLOSED_OPERATING_NON_SHELL,OPERATING,operating,CLOSED_UNIQUE,30735222.0,2024-06-30,d89ed5bf8e65cbb5779827217ab3876df033f3eb913d32d73dcb7cd101b27a21,NO_WHITELIST_TOPLINE,,NO_WHITELIST_TOPLINE,,,NAF,CLOSED_PF_LT60,2025-03-31,True,DIRECT,
1685040,0001685040-25-000010,20250228,"BRIGHTHOUSE FINANCIAL, INC.",1-LAF,LAF,CLOSED,CLOSED_OPERATING_NON_SHELL,OPERATING,operating,CLOSED_UNIQUE,2600000000.0,2024-06-30,5b259716b8c54e942e7e39bfb425f5e9960f0c61234fcfd7aad8d289d75c0997,CLOSED_UNIQUE,4117000000.0,CLOSED_UNIQUE,8473000000.0,,LAF,CLOSED_PF_GE700,2025-03-03,True,DIRECT,
1687187,0001558370-25-003144,20250317,"RAMACO RESOURCES, INC.",2-ACC,AF,CLOSED,CLOSED_OPERATING_NON_SHELL,OPERATING,operating,CLOSED_UNIQUE,405000000.0,2024-06-28,6a155b9c83693d862c412f4b1fe5ddfb5fe28ec0f046a6f3ca0f5d199c76f0e5,CLOSED_UNIQUE,693524000.0,CLOSED_UNIQUE,565688000.0,,AF,CLOSED_PRIOR_ACC_REV_GE80_REMAIN_AF,2025-03-17,True,DIRECT,
1687229,0001687229-25-000008,20250227,INVITATION HOMES INC.,1-LAF,LAF,CLOSED,CLOSED_OPERATING_NON_SHELL,OPERATING,operating,CLOSED_UNIQUE,21900000000.0,2024-06-30,c2034608ca3ee307e5242e3c2747f05b991a23959f96d811581499f8f187a956,CLOSED_UNIQUE,2432278000.0,CLOSED_UNIQUE,2238121000.0,,LAF,CLOSED_PF_GE700,2025-03-03,True,DIRECT,
1687919,0001641172-25-004791,20250415,FORGE INNOVATION DEVELOPMENT CORP.,4-NON,NAF,CLOSED,CLOSED_OPERATING_NON_SHELL,OPERATING,operating,CLOSED_UNIQUE,16637252.0,2024-06-30,2ee8d1108d0a12d7730d43224b024fa72277aae0511bdeb435c951cdd7f17b7c,CLOSED_UNIQUE,438474.0,CLOSED_UNIQUE,122604.0,2025-03-31,NAF,CLOSED_PF_LT60,2025-03-31,True,12B25,
1688126,0001641172-25-015110,20250613,CRYPTO CO,4-NON,NAF,CLOSED,CLOSED_OPERATING_NON_SHELL,OPERATING,operating,CLOSED_UNIQUE,1001680.0,2024-06-30,a05a3ff4fcdae48f0c3b2cac1a016b3c5ea4c68268a386bd3d0ec05852c97a3e,NO_WHITELIST_TOPLINE,,NO_WHITELIST_TOPLINE,,2025-03-28,NAF,CLOSED_PF_LT60,2025-03-31,False,LATE,
1688757,0001688757-25-000019,20250228,ESTABLISHMENT LABS HOLDINGS INC.,1-LAF,LAF,CLOSED,CLOSED_OPERATING_NON_SHELL,OPERATING,operating,CLOSED_UNIQUE,844731145.0,2024-06-28,77d9e0d37275b7ece6400fb6c2d839fae98c0aa840aafe801f50347e5da5eac1,CLOSED_UNIQUE,165151000.0,CLOSED_UNIQUE,161700000.0,,LAF,CLOSED_PF_GE700,2025-03-03,True,DIRECT,
1689084,0001477932-25-002791,20250416,QRONS INC.,4-NON,NAF,CLOSED,CLOSED_OPERATING_NON_SHELL,OPERATING,operating,CLOSED_UNIQUE,881363.0,2024-06-30,02c9ba9cd85c9ef677f8fcc2fa3c1878eaa48afb34f0320111fdb28afa016d60,CLOSED_UNIQUE,0.0,CLOSED_UNIQUE,0.0,2025-03-31,NAF,CLOSED_PF_LT60,2025-03-31,False,LATE,
1689548,0001689548-25-000040,20250228,"PRAXIS PRECISION MEDICINES, INC.",4-NON,NAF,CLOSED,CLOSED_OPERATING_NON_SHELL,OPERATING,operating,CLOSED_UNIQUE,733000000.0,2024-06-28,9c01f289dc5806640e1fc6d8f2afe907e6730efd5328be45a8a461e5120726b6,NO_WHITELIST_TOPLINE,,NO_WHITELIST_TOPLINE,,,LAF,CLOSED_PF_GE700,2025-03-03,True,DIRECT,
1689796,0001558370-25-001099,20250218,JBG SMITH PROPERTIES,1-LAF,LAF,CLOSED,CLOSED_OPERATING_NON_SHELL,OPERATING,operating,CLOSED_UNIQUE,1300000000.0,2024-06-30,2e7815a5804ea1d027d3d88c4ddf4fb3b88dc0faa4e6928027b079d71de4b091,CLOSED_UNIQUE,604198000.0,CLOSED_UNIQUE,605824000.0,,LAF,CLOSED_PF_GE700,2025-03-03,True,DIRECT,
1690334,0000950170-25-027933,20250226,SEACOR MARINE HOLDINGS INC.,2-ACC,AF,CLOSED,CLOSED_OPERATING_NON_SHELL,OPERATING,operating,CLOSED_UNIQUE,325900000.0,2024-06-28,d43a3266d068a9e5cfbe4ef44c8ad8488786d1be6dfb580a9b1737e028708c96,CLOSED_UNIQUE,279511000.0,CLOSED_UNIQUE,217325000.0,,AF,CLOSED_PRIOR_ACC_REV_GE80_REMAIN_AF,2025-03-17,True,DIRECT,
1690384,0001731122-25-000459,20250327,"BIOCRUDE TECHNOLOGIES USA, INC.",4-NON,NAF,CLOSED,CLOSED_OPERATING_NON_SHELL,OPERATING,operating,CLOSED_UNIQUE,0.0,2024-06-30,4000a3855cd710f35072219371dcd50ca28a910742f977db21e3562d21559e3c,NO_WHITELIST_TOPLINE,,NO_WHITELIST_TOPLINE,,,NAF,CLOSED_PF_LT60,2025-03-31,True,DIRECT,
1690536,0001628280-25-014348,20250321,"FS CREDIT REAL ESTATE INCOME TRUST, INC.",4-NON,NAF,CLOSED,CLOSED_OPERATING_NON_SHELL,OPERATING,operating,CLOSED_UNIQUE,0.0,2024-06-30,9eb3a36f932fed955ec4bb61ba069322e8ec4945e9f703705c1405fbc0f61c76,NO_WHITELIST_TOPLINE,,NO_WHITELIST_TOPLINE,,,NAF,CLOSED_PF_LT60,2025-03-31,True,DIRECT,
1690820,0001690820-25-000074,20250219,CARVANA CO.,1-LAF,LAF,CLOSED,CLOSED_OPERATING_NON_SHELL,OPERATING,operating,CLOSED_UNIQUE,14700000000.0,2024-06-30,4e73424dc6d0790bfb249bff8850ea9fffda0fb11ef8e7bf423a4af565612da0,NO_WHITELIST_TOPLINE,,NO_WHITELIST_TOPLINE,,,LAF,CLOSED_PF_GE700,2025-03-03,True,DIRECT,
1691303,0001691303-25-000010,20250213,"WARRIOR MET COAL, INC.",1-LAF,LAF,CLOSED,CLOSED_OPERATING_NON_SHELL,OPERATING,operating,CLOSED_UNIQUE,3300000000.0,2024-06-30,e9ba64ecfe7e56fbf817d4bc5c13b81874f6c51d6a51696931c3869499fba034,CLOSED_UNIQUE,1676625000.0,CLOSED_UNIQUE,1738738000.0,,LAF,CLOSED_PF_GE700,2025-03-03,True,DIRECT,
1691421,0001691421-25-000031,20250226,"LEMONADE, INC.",1-LAF,LAF,CLOSED,CLOSED_OPERATING_NON_SHELL,OPERATING,operating,CLOSED_UNIQUE,842996550.0,2024-06-28,6afb6b864bd4c130d4cf0e842a95361bc15e264de2fb989e3bdc72762986d278,CLOSED_UNIQUE,429800000.0,CLOSED_UNIQUE,256700000.0,,LAF,CLOSED_PF_GE700,2025-03-03,True,DIRECT,
1692063,0001692063-25-000023,20250221,"SCHNEIDER NATIONAL, INC.",1-LAF,LAF,CLOSED,CLOSED_OPERATING_NON_SHELL,OPERATING,operating,CLOSED_UNIQUE,1275100000.0,2024-06-30,e1c0d0e75d82b051081bf72e0d0bde31ae38b5e4d862271bfa3fd91da8704aba,CLOSED_UNIQUE,5498900000.0,CLOSED_UNIQUE,6604400000.0,,LAF,CLOSED_PF_GE700,2025-03-03,True,DIRECT,
1692345,0001558370-25-003548,20250324,"PROCACCIANTI HOTEL REIT, INC.",4-NON,NAF,CLOSED,CLOSED_OPERATING_NON_SHELL,OPERATING,operating,CLOSED_UNIQUE,59409091.0,2024-06-28,1290e908d51b6fd5a285c93e015d46da63826f5b475948954cd22bb0f0bbacc2,CLOSED_UNIQUE,29980254.0,CLOSED_UNIQUE,30608705.0,,NAF,CLOSED_PF_LT60,2025-03-31,True,DIRECT,
1692412,0001692412-25-000052,20250225,PLAYA HOTELS & RESORTS N.V.,1-LAF,LAF,CLOSED,CLOSED_OPERATING_NON_SHELL,OPERATING,operating,CLOSED_UNIQUE,922400000.0,2024-06-30,0746e4275920d15e5370583279fca21499878f5708b148de51222c15f6d1b7d9,CLOSED_UNIQUE,977504000.0,CLOSED_UNIQUE,856263000.0,,LAF,CLOSED_PF_GE700,2025-03-03,True,DIRECT,
1692415,0001641172-25-000932,20250327,"CO-DIAGNOSTICS, INC.",4-NON,NAF,CLOSED,CLOSED_OPERATING_NON_SHELL,OPERATING,operating,CLOSED_UNIQUE,37000000.0,2024-06-30,679b2943f7c006337691f9f6c34862e566fb4caf114fd237a22a9d7f3f763e9f,CLOSED_UNIQUE,6812038.0,CLOSED_UNIQUE,34218209.0,,NAF,CLOSED_PF_LT60,2025-03-31,True,DIRECT,
1692427,0001437749-25-006851,20250310,"NCS MULTISTAGE HOLDINGS, INC.",4-NON,NAF,CLOSED,CLOSED_OPERATING_NON_SHELL,OPERATING,operating,CLOSED_UNIQUE,13300000.0,2024-06-30,6ceb0992d045d7637a2a7d1a3f74ce2bd0cfe2ff2574feea30f3299c325e22ea,CLOSED_UNIQUE,142471000.0,CLOSED_UNIQUE,155632000.0,,NAF,CLOSED_PF_LT60,2025-03-31,True,DIRECT,
1692787,0001692787-25-000007,20250303,KINETIK HOLDINGS INC.,2-ACC,AF,CLOSED,CLOSED_OPERATING_NON_SHELL,OPERATING,operating,CLOSED_UNIQUE,1563008393.0,2024-06-30,543a7071ce9a89873760bae630f205ee92e9458d3d752056b1ff743f36e2eadf,NO_WHITELIST_TOPLINE,,CLOSED_UNIQUE,1213490000.0,,LAF,CLOSED_PF_GE700,2025-03-03,True,DIRECT,
1692819,0001692819-25-000013,20250228,VISTRA CORP.,1-LAF,LAF,CLOSED,CLOSED_OPERATING_NON_SHELL,OPERATING,operating,CLOSED_UNIQUE,29500179937.0,2024-06-30,039cc5e6429b710e875fc4bd0028fb9169c847f4a065c352f9fc5ff11dbd702e,CLOSED_UNIQUE,14779000000.0,CLOSED_UNIQUE,13728000000.0,,LAF,CLOSED_PF_GE700,2025-03-03,True,DIRECT,
1692951,0001692951-25-000106,20250331,"COTTONWOOD COMMUNITIES, INC.",4-NON,NAF,CLOSED,CLOSED_OPERATING_NON_SHELL,OPERATING,operating,CLOSED_UNIQUE,0.0,2024-06-30,7ca43ed2bd562b1cef91734a7b1a62461be3812d0edb037f4778926c92ab8d12,CLOSED_UNIQUE,154405000.0,CLOSED_UNIQUE,138302000.0,,NAF,CLOSED_PF_LT60,2025-03-31,True,DIRECT,
1693011,0000950170-25-035940,20250310,"INOZYME PHARMA, INC.",4-NON,NAF,CLOSED,CLOSED_OPERATING_NON_SHELL,OPERATING,operating,CLOSED_UNIQUE,199349178000.0,2024-06-28,39aa18d024fa673bb3eff5c483a48be7cad92b68193baee61cf08106bdefe220,NO_WHITELIST_TOPLINE,,NO_WHITELIST_TOPLINE,,,LAF,CLOSED_PF_GE700,2025-03-03,False,LATE,
1693256,0001558370-25-001154,20250219,"SELECT WATER SOLUTIONS, INC.",1-LAF,LAF,CLOSED,CLOSED_OPERATING_NON_SHELL,OPERATING,operating,CLOSED_UNIQUE,1000000000.0,2024-06-30,8431732b34db732648e4c94c85cce5b6d8a3912701e692f80ededf4a6a3690aa,CLOSED_UNIQUE,1585353000.0,CLOSED_UNIQUE,1387420000.0,,LAF,CLOSED_PF_GE700,2025-03-03,True,DIRECT,
1693317,0001693317-25-000004,20250220,"CHENIERE CORPUS CHRISTI HOLDINGS, LLC",4-NON,NAF,CLOSED,CLOSED_OPERATING_NON_SHELL,OPERATING,operating,CLOSED_UNIQUE,0.0,2024-06-30,893b372bea53ffe9d5c7b5c6cd7fc5e53f32c1b58013d842e6349f0fa20a6095,CLOSED_UNIQUE,5465000000.0,CLOSED_UNIQUE,9363000000.0,,NAF,CLOSED_PF_LT60,2025-03-31,True,DIRECT,
1693687,0001640334-25-000494,20250327,GREENLIT VENTURES INC.,4-NON,NAF,CLOSED,CLOSED_OPERATING_NON_SHELL,OPERATING,operating,CLOSED_UNIQUE,376923.0,2024-06-30,2d0f0b30f7e5472044f7f76e898a3821f242d8c95a0b110e1fe88a6f28b10d11,NO_WHITELIST_TOPLINE,,NO_WHITELIST_TOPLINE,,,NAF,CLOSED_PF_LT60,2025-03-31,True,DIRECT,
1694028,0001694028-25-000056,20250206,LIBERTY ENERGY INC.,1-LAF,LAF,CLOSED,CLOSED_OPERATING_NON_SHELL,OPERATING,operating,CLOSED_UNIQUE,3300000000.0,2024-06-28,9111155220528977a2e3478f9e1aec06f5d9429a4c5e174a99768854ee46c97b,CLOSED_UNIQUE,4747928000.0,CONFLICTING_WHITELIST_VALUES,,,LAF,CLOSED_PF_GE700,2025-03-03,True,DIRECT,
1694426,0001694426-25-000013,20250226,"DELEK US HOLDINGS, INC.",1-LAF,LAF,CLOSED,CLOSED_OPERATING_NON_SHELL,OPERATING,operating,CLOSED_UNIQUE,1561196000.0,2024-06-28,538de44ad679f64999a952e8f161a7af70a943b0271ccc25b2720fc4a92c232d,CLOSED_UNIQUE,16917400000.0,CLOSED_UNIQUE,20245800000.0,,LAF,CLOSED_PF_GE700,2025-03-03,True,DIRECT,
1694617,0001185185-25-000271,20250409,"ROYALE ENERGY, INC.",4-NON,NAF,CLOSED,CLOSED_OPERATING_NON_SHELL,OPERATING,operating,CLOSED_UNIQUE,1545769.0,2024-06-30,6d51d56d2f3c96b485da8e85ac921292e86bb457a2af22fba57292912536d76d,CLOSED_UNIQUE,2160594.0,CLOSED_UNIQUE,2642537.0,2025-03-31,NAF,CLOSED_PF_LT60,2025-03-31,True,12B25,
1695295,0001628280-25-010266,20250305,"HYDROFARM HOLDINGS GROUP, INC.",4-NON,NAF,CLOSED,CLOSED_OPERATING_NON_SHELL,OPERATING,operating,CLOSED_UNIQUE,30000000.0,2024-06-30,9e190c3a29a8a9603b4d862c351d76e68892fee6fa7886b71b6bcebca6018ed6,CLOSED_UNIQUE,226581000.0,CLOSED_UNIQUE,344501000.0,,NAF,CLOSED_PF_LT60,2025-03-31,True,DIRECT,
1695963,0001214659-25-005139,20250401,KORTH DIRECT MORTGAGE INC.,4-NON,NAF,CLOSED,CLOSED_OPERATING_NON_SHELL,OPERATING,operating,CLOSED_UNIQUE,0.0,2024-06-30,8f7b704c3bc606d427d9d71691189c1852400064627650b715841e288a3e8d3f,CLOSED_UNIQUE,9840590.0,CLOSED_UNIQUE,9862033.0,2025-04-01,NAF,CLOSED_PF_LT60,2025-03-31,True,12B25,
1696088,0001185185-25-000219,20250326,"ENERGY RESOURCES 12, L.P.",4-NON,NAF,CLOSED,CLOSED_OPERATING_NON_SHELL,OPERATING,operating,CLOSED_UNIQUE,0.0,2024-06-30,90a4a94789e751e8f3b630f4a6ed7bad97c45ce6d9dfee0fa46333f5732a1c10,CLOSED_UNIQUE,48627263.0,CLOSED_UNIQUE,58148401.0,,NAF,CLOSED_PF_LT60,2025-03-31,True,DIRECT,
1697500,0001697500-25-000013,20250305,"SOLARIS ENERGY INFRASTRUCTURE, INC.",2-ACC,AF,CLOSED,CLOSED_OPERATING_NON_SHELL,OPERATING,operating,CLOSED_UNIQUE,213882343.0,2024-06-30,d1effbb9b3c90636cb2c1b5babfea1c1faa7ba02ff8f233fe2ad64cbd6adcc0a,CLOSED_UNIQUE,292947000.0,CONFLICTING_WHITELIST_VALUES,,,AF,CLOSED_PRIOR_ACC_REV_GE80_REMAIN_AF,2025-03-17,True,DIRECT,
1698530,0001698530-25-000019,20250318,"EXICURE, INC.",4-NON,NAF,CLOSED,CLOSED_OPERATING_NON_SHELL,OPERATING,operating,CLOSED_UNIQUE,7600000.0,2024-06-28,93b3ebf77ef58a785c0cc7b53f50c93f9242f6a40098bd071fa1c583a04f747a,CLOSED_UNIQUE,0.0,CLOSED_UNIQUE,28826000.0,,NAF,CLOSED_PF_LT60,2025-03-31,True,DIRECT,
1698990,0001698990-25-000006,20250219,MAGNOLIA OIL & GAS CORP,1-LAF,LAF,CLOSED,CLOSED_OPERATING_NON_SHELL,OPERATING,operating,CLOSED_UNIQUE,4500000000.0,2024-06-28,f9eb66dfb7e77af77a7cca8ef629693fbb092a3b5d9dfcc599ac7fdc6e07cc78,CLOSED_UNIQUE,1226979000.0,CLOSED_UNIQUE,1694493000.0,,LAF,CLOSED_PF_GE700,2025-03-03,True,DIRECT,
1698991,0001698991-25-000011,20250303,"ACCEL ENTERTAINMENT, INC.",2-ACC,AF,CLOSED,CLOSED_OPERATING_NON_SHELL,OPERATING,operating,CLOSED_UNIQUE,527000000.0,2024-06-28,c86cdd2899db8e665ec81051abf0cc58c18fa270faa28a82a7e03f09bc1d3771,CLOSED_UNIQUE,1170420000.0,CLOSED_UNIQUE,969797000.0,,AF,CLOSED_PRIOR_ACC_REV_GE80_REMAIN_AF,2025-03-17,True,DIRECT,
1699039,0001699039-25-000015,20250304,"RANGER ENERGY SERVICES, INC.",2-ACC,AF,CLOSED,CLOSED_OPERATING_NON_SHELL,OPERATING,operating,CLOSED_UNIQUE,165200000.0,2024-06-30,7afa090d01b24559abc5555c3af8c98bdd01a093a31dd7d34396220887f50f39,CLOSED_UNIQUE,636600000.0,CLOSED_UNIQUE,608500000.0,,AF,CLOSED_PRIOR_ACC_REV_GE80_REMAIN_AF,2025-03-17,True,DIRECT,
1699136,0001699136-25-000014,20250227,"CACTUS, INC.",1-LAF,LAF,CLOSED,CLOSED_OPERATING_NON_SHELL,OPERATING,operating,CLOSED_UNIQUE,3500000000.0,2024-06-28,5c1be9ed4e62813936d88b21558136e9fd601d3e07b252c0afa5c90b4c031ecc,CLOSED_UNIQUE,1096960000.0,CLOSED_UNIQUE,688369000.0,,LAF,CLOSED_PF_GE700,2025-03-03,True,DIRECT,
1699150,0001628280-25-006391,20250219,INGERSOLL RAND INC.,1-LAF,LAF,CLOSED,CLOSED_OPERATING_NON_SHELL,OPERATING,operating,CLOSED_UNIQUE,36600000000.0,2024-06-30,fa5e075d6d0957d6d8d4661c853111070f72c502cab0bccbf09f7fa95ca25f52,CLOSED_UNIQUE,6876100000.0,CLOSED_UNIQUE,5916300000.0,,LAF,CLOSED_PF_GE700,2025-03-03,True,DIRECT,
1701051,0001558370-25-003008,20250314,"WIDEOPENWEST, INC.",2-ACC,AF,CLOSED,CLOSED_OPERATING_NON_SHELL,OPERATING,operating,CLOSED_UNIQUE,271300000.0,2024-06-30,94f07b35d5055c344019cf17c9e29e0d5e0af68c9e1004d2f8eaecde6c035430,CLOSED_UNIQUE,686700000.0,CLOSED_UNIQUE,704900000.0,,AF,CLOSED_PRIOR_ACC_REV_GE80_REMAIN_AF,2025-03-17,True,DIRECT,
1701108,0000950170-25-046125,20250327,"SPERO THERAPEUTICS, INC.",4-NON,NAF,CLOSED,CLOSED_OPERATING_NON_SHELL,OPERATING,operating,CLOSED_UNIQUE,69500000.0,2024-06-28,3a427e76abbc69022b0e8fca7296f4812b078741ccbac4916690abd2b4f7d10a,CLOSED_UNIQUE,103781000.0,CLOSED_UNIQUE,53509000.0,,NAF,CLOSED_PRIOR_NON_PF_LT75,2025-03-31,True,DIRECT,
1701478,0001701478-25-000012,20250224,"AZITRA, INC.",4-NON,NAF,CLOSED,CLOSED_OPERATING_NON_SHELL,OPERATING,operating,CLOSED_UNIQUE,1954147.0,2024-06-30,46dc14056835e3dee1aaf05748b711b2e1373fd3baca91909d58dc1f39a90504,CLOSED_UNIQUE,686000.0,NO_FY2022_10K,,,NAF,CLOSED_PF_LT60,2025-03-31,True,DIRECT,
1701605,0001701605-25-000035,20250204,BAKER HUGHES CO,1-LAF,LAF,CLOSED,CLOSED_OPERATING_NON_SHELL,OPERATING,operating,CLOSED_UNIQUE,34880320572.0,2024-06-30,2cbc4b7a110089ff9029d9de3ac4812fbbb21e3f540bba493eeb33c7ab74da98,CLOSED_UNIQUE,25506000000.0,CLOSED_UNIQUE,21156000000.0,,LAF,CLOSED_PF_GE700,2025-03-03,True,DIRECT,
1701756,0001701756-25-000043,20250311,SADOT GROUP INC.,4-NON,NAF,CLOSED,CLOSED_OPERATING_NON_SHELL,OPERATING,operating,CLOSED_UNIQUE,14791574.0,2024-06-30,e05fcdfc21f9505d0ad9fa8cb24ff4929e8461b0b6ccbc1a0d142c9ed5363e19,NO_WHITELIST_TOPLINE,,CLOSED_UNIQUE,161698417.0,,NAF,CLOSED_PF_LT60,2025-03-31,True,DIRECT,
1701963,0001213900-25-026006,20250331,VERSUS SYSTEMS INC.,4-NON,NAF,CLOSED,CLOSED_OPERATING_NON_SHELL,OPERATING,operating,CLOSED_UNIQUE,3200000.0,2024-06-30,dcba366569d3731d06dd3d570b693633970883a1f0f110aa7314f2c74f18ccb3,CLOSED_UNIQUE,271169.0,NO_FY2022_10K,,,NAF,CLOSED_PF_LT60,2025-03-31,True,DIRECT,
1702750,0000950170-25-030118,20250228,"BYLINE BANCORP, INC.",2-ACC,AF,CLOSED,CLOSED_OPERATING_NON_SHELL,OPERATING,operating,CLOSED_UNIQUE,734219182.0,2024-06-30,38669f87b2e7a5fb208d85c2e1b328914c4f14fbfecabbe6acf7c61f33d179cf,NO_WHITELIST_TOPLINE,,NO_WHITELIST_TOPLINE,,,LAF,CLOSED_PF_GE700,2025-03-03,True,DIRECT,
1703056,0001703056-25-000022,20250227,ADT INC.,1-LAF,LAF,CLOSED,CLOSED_OPERATING_NON_SHELL,OPERATING,operating,CLOSED_UNIQUE,2561000000.0,2024-06-30,2ba8f99889230bd315967fefc675169169824b80a88aaf8a51c0997b895bd89b,CLOSED_UNIQUE,4982659000.0,NO_WHITELIST_TOPLINE,,,LAF,CLOSED_PF_GE700,2025-03-03,True,DIRECT,
1703057,0001628280-25-008689,20250227,ABCELLERA BIOLOGICS INC.,1-LAF,LAF,CLOSED,CLOSED_OPERATING_NON_SHELL,OPERATING,operating,CLOSED_UNIQUE,670873681.0,2024-06-30,cd663c5b6663b22053296fb754ebfa21ee068f97b477a23a7f316a42ade0a80a,CLOSED_UNIQUE,38025000.0,CLOSED_UNIQUE,485424000.0,,LAF,CLOSED_PRIOR_LAF_PF_GE560,2025-03-03,True,DIRECT,
1703157,0001017386-25-000028,20250331,"SECURETECH INNOVATIONS, INC.",4-NON,NAF,CLOSED,CLOSED_OPERATING_NON_SHELL,OPERATING,operating,CLOSED_UNIQUE,16384586.0,2024-06-30,9c36a8800023a1845128aadd7babf3dd328fcd3a4a806bd289ba52ebc572cfc4,CLOSED_UNIQUE,48024.0,CLOSED_UNIQUE,46803.0,,NAF,CLOSED_PF_LT60,2025-03-31,True,DIRECT,
1704292,0001628280-25-008409,20250227,ZAI LAB LTD,1-LAF,LAF,CLOSED,CLOSED_OPERATING_NON_SHELL,OPERATING,operating,CLOSED_UNIQUE,1700000000.0,2024-06-30,57cb1fd3694059101175c22fbc89ab0bac003a44fb094f7775fbe83150346b2a,CLOSED_UNIQUE,266719000.0,CLOSED_UNIQUE,215040000.0,,LAF,CLOSED_PF_GE700,2025-03-03,True,DIRECT,
1704711,0001704711-25-000031,20250313,"FUNKO, INC.",2-ACC,AF,CLOSED,CLOSED_OPERATING_NON_SHELL,OPERATING,operating,CLOSED_UNIQUE,385500000.0,2024-06-30,0a2b9d333629311aeba3b188852bf254e038c1303eff5b45cb8238b75d4f4d04,CLOSED_UNIQUE,1096086000.0,CLOSED_UNIQUE,1322706000.0,,AF,CLOSED_PRIOR_ACC_REV_GE80_REMAIN_AF,2025-03-17,True,DIRECT,
1704715,0001704715-25-000010,20250228,"ALPHA METALLURGICAL RESOURCES, INC.",1-LAF,LAF,CLOSED,CLOSED_OPERATING_NON_SHELL,OPERATING,operating,CLOSED_UNIQUE,1800000000.0,2024-06-30,118c059e1965700f61dad8d5ce0a324c562fc7da303db575b1e2403162d700e8,CLOSED_UNIQUE,3471417000.0,CLOSED_UNIQUE,4101592000.0,,LAF,CLOSED_PF_GE700,2025-03-03,True,DIRECT,
1705012,0001628280-25-009125,20250228,"FAT BRANDS, INC",4-NON,NAF,CLOSED,CLOSED_OPERATING_NON_SHELL,OPERATING,operating,CLOSED_UNIQUE,40700000.0,2024-06-30,9c185e2b5efadf06f9299dddfeb0da66b6bc1c5ac4bb72550d9f22c94fa58216,CLOSED_UNIQUE,480457000.0,CLOSED_UNIQUE,407224000.0,,NAF,CLOSED_PF_LT60,2025-03-31,True,DIRECT,
1705110,0001705110-25-000018,20250228,ANGI INC.,1-LAF,LAF,CLOSED,CLOSED_OPERATING_NON_SHELL,OPERATING,operating,CLOSED_UNIQUE,141731925.0,2024-06-30,4a48884987ae4538e53f803bc7529dbddb36669715727968cd70b583567d9efd,CLOSED_UNIQUE,1358748000.0,CLOSED_UNIQUE,1891524000.0,,AF,CLOSED_PRIOR_LAF_REV_GE100_EXIT_AF,2025-03-17,True,DIRECT,
1705873,0001705873-25-000018,20250313,BERRY CORP (BRY),2-ACC,AF,CLOSED,CLOSED_OPERATING_NON_SHELL,OPERATING,operating,CLOSED_UNIQUE,433500000.0,2024-06-30,7539f99d7edbc250d557162b89387bcf5ea9697b94a123a76b7dfec1a14f56df,CLOSED_UNIQUE,863454000.0,NO_WHITELIST_TOPLINE,,,AF,CLOSED_PRIOR_ACC_REV_GE80_REMAIN_AF,2025-03-17,True,DIRECT,
1706431,0001628280-25-008245,20250227,"VIR BIOTECHNOLOGY, INC.",1-LAF,LAF,CLOSED,CLOSED_OPERATING_NON_SHELL,OPERATING,operating,CLOSED_UNIQUE,745600000.0,2024-06-30,c83ca287178e9803f749079cdfb1b2f728170d4dca7d16f2094da24ff72a7c21,CLOSED_UNIQUE,86180000.0,CLOSED_UNIQUE,1615797000.0,,LAF,CLOSED_PF_GE700,2025-03-03,True,DIRECT,
1706509,0001213900-25-031761,20250415,COSMOS GROUP HOLDINGS INC.,4-NON,NAF,CLOSED,CLOSED_OPERATING_NON_SHELL,OPERATING,operating,CLOSED_UNIQUE,14811.0,2024-06-30,b5b736f3bdfe7071e9503e7e51eaa332856118ddd52a71819b6eb72031df3c20,NO_WHITELIST_TOPLINE,,NO_FY2022_10K,,2025-03-31,NAF,CLOSED_PF_LT60,2025-03-31,True,12B25,
1706946,0001706946-25-000038,20250226,"VIRGIN GALACTIC HOLDINGS, INC",1-LAF,LAF,CLOSED,CLOSED_OPERATING_NON_SHELL,OPERATING,operating,CLOSED_UNIQUE,188700000.0,2024-06-30,68035589f852881fde8ce8310013a7048de6465cf651ca2edf4c612bef3e7495,CLOSED_UNIQUE,6800000.0,CLOSED_UNIQUE,2312000.0,,NAF,CLOSED_PRIOR_LAF_REV_LT80_EXIT_NAF,2025-03-31,True,DIRECT,
1707910,0001213900-25-026307,20250331,"REBORN COFFEE, INC.",4-NON,NAF,CLOSED,CLOSED_OPERATING_NON_SHELL,OPERATING,operating,CLOSED_UNIQUE,27855356.0,2024-06-28,ab75aee12e1469f7cd9fec3866dfa5393a25d311c4e3795b4631021770eaba97,CLOSED_UNIQUE,5953986.0,CLOSED_UNIQUE,3240523.0,,NAF,CLOSED_PF_LT60,2025-03-31,True,DIRECT,
1707919,0001140361-25-011607,20250401,CENNTRO INC.,4-NON,NAF,CLOSED,CLOSED_OPERATING_NON_SHELL,OPERATING,operating,CLOSED_UNIQUE,61050733.0,2024-06-30,d66726f905d96b2437580991ea5532d40e03ff47bf28f73921c1ec31887fa3ae,CLOSED_UNIQUE,22079905.0,CLOSED_UNIQUE,8941835.0,2025-04-01,NAF,CLOSED_PRIOR_NON_PF_LT75,2025-03-31,True,12B25,
1707925,0001628280-25-007990,20250226,LINDE PLC,1-LAF,LAF,CLOSED,CLOSED_OPERATING_NON_SHELL,OPERATING,operating,CLOSED_UNIQUE,210000000000.0,2024-06-30,64c4b94e5a865600709b7b2d2a7e3a964b567332c24dac3fddd785626a9dfecf,CLOSED_UNIQUE,32854000000.0,CLOSED_UNIQUE,33364000000.0,,LAF,CLOSED_PF_GE700,2025-03-03,True,DIRECT,
1708035,0001708035-25-000070,20250228,ECOVYST INC.,1-LAF,LAF,CLOSED,CLOSED_OPERATING_NON_SHELL,OPERATING,operating,CLOSED_UNIQUE,1036993857.0,2024-06-30,5f21e725cbf3bb00e41496193e479b617c118788081c73b4f702955fb33d2956,CLOSED_UNIQUE,691118000.0,CLOSED_UNIQUE,820159000.0,,LAF,CLOSED_PF_GE700,2025-03-03,True,DIRECT,
1708055,0001558370-25-001773,20250227,RIBBON COMMUNICATIONS INC.,2-ACC,AF,CLOSED,CLOSED_OPERATING_NON_SHELL,OPERATING,operating,CLOSED_UNIQUE,240611000.0,2024-06-28,18b13e0453ca6d14d0048417afdd71fe22168e6b0fade5458b519e7cf0dc8920,CLOSED_UNIQUE,826339000.0,CLOSED_UNIQUE,819760000.0,,AF,CLOSED_PRIOR_ACC_REV_GE80_REMAIN_AF,2025-03-17,True,DIRECT,
1708176,0001013762-25-002788,20250326,HALL OF FAME RESORT & ENTERTAINMENT CO,4-NON,NAF,CLOSED,CLOSED_OPERATING_NON_SHELL,OPERATING,operating,CLOSED_UNIQUE,14034715.0,2024-06-30,f81bf9aecfd8e51559b120d103219ecf00f836f700aec77fe739d04fc5fb3da4,CLOSED_UNIQUE,24129673.0,CLOSED_UNIQUE,15979372.0,,NAF,CLOSED_PF_LT60,2025-03-31,True,DIRECT,
1708331,0001731122-25-000316,20250303,"VIRPAX PHARMACEUTICALS, INC.",4-NON,NAF,CLOSED,CLOSED_OPERATING_NON_SHELL,OPERATING,operating,CLOSED_UNIQUE,1466500.0,2024-06-30,1836855d634b234631d4a38f5f577acb79f05603e9f96eda23db089410f64633,NO_WHITELIST_TOPLINE,,NO_WHITELIST_TOPLINE,,,NAF,CLOSED_PF_LT60,2025-03-31,True,DIRECT,
1708341,0001213900-25-052248,20250609,ALLIED GAMING & ENTERTAINMENT INC.,4-NON,NAF,CLOSED,CLOSED_OPERATING_NON_SHELL,OPERATING,operating,CLOSED_UNIQUE,18771486.0,2024-06-30,7429301733399af7280a20a9aacaea30e2dad14f82c237dabf7f2b24e1f2d723,CLOSED_UNIQUE,7655039.0,CLOSED_UNIQUE,6352470.0,2025-03-31,NAF,CLOSED_PF_LT60,2025-03-31,False,LATE,
1708599,0001708599-25-000027,20250324,"SERINA THERAPEUTICS, INC.",4-NON,NAF,CLOSED,CLOSED_OPERATING_NON_SHELL,OPERATING,operating,CLOSED_UNIQUE,38400000.0,2024-06-30,a19b2effd644ace1b7d43efc327fbb9b35d6456fd3b3db2d04d3a947282b878a,CLOSED_UNIQUE,142000.0,CLOSED_UNIQUE,34000.0,,NAF,CLOSED_PF_LT60,2025-03-31,True,DIRECT,
1708646,0001193125-25-036907,20250226,GOLDMAN SACHS PHYSICAL GOLD ETF,4-NON,NAF,CLOSED,CLOSED_OPERATING_NON_SHELL,OPERATING,operating,CLOSED_UNIQUE,722042699.0,2024-06-30,6a78956df95164e92df24d4badc8ef310f5ad6ac61b4c742cbeb38ec13e156ae,NO_WHITELIST_TOPLINE,,NO_WHITELIST_TOPLINE,,,LAF,CLOSED_PF_GE700,2025-03-03,True,DIRECT,
1709164,0001709164-25-000008,20250226,HAMILTON BEACH BRANDS HOLDING CO,2-ACC,AF,CLOSED,CLOSED_OPERATING_NON_SHELL,OPERATING,operating,CLOSED_UNIQUE,110166670.0,2024-06-28,b8dc70d35f1d3d7de42fe53f93194bd7d9497cd10da0d3bb129720e715c407c9,CLOSED_UNIQUE,625625000.0,CLOSED_UNIQUE,640949000.0,,AF,CLOSED_PRIOR_ACC_REV_GE80_REMAIN_AF,2025-03-17,True,DIRECT,
1709682,0001709682-25-000006,20250304,"CUSTOM TRUCK ONE SOURCE, INC.",2-ACC,AF,CLOSED,CLOSED_OPERATING_NON_SHELL,OPERATING,operating,CLOSED_UNIQUE,211700000.0,2024-06-28,24ea1eb75b6c3a2d839a959699edcfd7d31a8024a494d535579befe2276a6c38,CLOSED_UNIQUE,1865100000.0,CLOSED_UNIQUE,1573086000.0,,AF,CLOSED_PRIOR_ACC_REV_GE80_REMAIN_AF,2025-03-17,True,DIRECT,
1710072,0001558370-25-002006,20250303,"EDGEWISE THERAPEUTICS, INC.",4-NON,NAF,CLOSED,CLOSED_OPERATING_NON_SHELL,OPERATING,operating,CLOSED_UNIQUE,1400000000.0,2024-06-30,5abdbc94fe16bf95e186c1a5cb5532ad81fdb3b0c32ed8190697ed018ab625f5,NO_WHITELIST_TOPLINE,,NO_WHITELIST_TOPLINE,,,LAF,CLOSED_PF_GE700,2025-03-03,True,DIRECT,
1710155,0001710155-25-000011,20250226,"NATIONAL VISION HOLDINGS, INC.",1-LAF,LAF,CLOSED,CLOSED_OPERATING_NON_SHELL,OPERATING,operating,CLOSED_UNIQUE,600000000.0,2024-06-29,4e89a27ade7ee23b1652a4b3011528257ca503be51e2e9da99d52e1d514805f5,CLOSED_UNIQUE,2126468000.0,CLOSED_UNIQUE,2005404000.0,,LAF,CLOSED_PRIOR_LAF_PF_GE560,2025-03-03,True,DIRECT,
1710366,0001710366-25-000010,20250220,"CORE NATURAL RESOURCES, INC.",1-LAF,LAF,CLOSED,CLOSED_OPERATING_NON_SHELL,OPERATING,operating,CLOSED_UNIQUE,2937936190.0,2024-06-30,b676623620eb559688051382ddfe8aa1736af35f320a95e58edaeacfd4d940bb,NO_WHITELIST_TOPLINE,,NO_WHITELIST_TOPLINE,,,LAF,CLOSED_PF_GE700,2025-03-03,True,DIRECT,
1711279,0001711279-25-000008,20250219,"KRYSTAL BIOTECH, INC.",1-LAF,LAF,CLOSED,CLOSED_OPERATING_NON_SHELL,OPERATING,operating,CLOSED_UNIQUE,4600000000.0,2024-06-30,4397072d4c36474044354bbfd11a89275fdb8a567c9a79bc645116580d2f9f54,NO_WHITELIST_TOPLINE,,NO_WHITELIST_TOPLINE,,,LAF,CLOSED_PF_GE700,2025-03-03,True,DIRECT,
1711786,0001013762-25-004108,20250328,"HOTH THERAPEUTICS, INC.",4-NON,NAF,CLOSED,CLOSED_OPERATING_NON_SHELL,OPERATING,operating,CLOSED_UNIQUE,4900000.0,2024-06-30,2c44ec5f2499b236bd3b6634555e7c7b18af2b37b7c6b85c2f80b180955b5962,NO_WHITELIST_TOPLINE,,NO_WHITELIST_TOPLINE,,,NAF,CLOSED_PF_LT60,2025-03-31,True,DIRECT,
1711799,0001628280-25-014230,20250321,"NUVEEN GLOBAL CITIES REIT, INC.",4-NON,NAF,CLOSED,CLOSED_OPERATING_NON_SHELL,OPERATING,operating,CLOSED_UNIQUE,0.0,2024-06-30,b35cd9f2bf1ca149d634c7ab095cb0047875168dc693051796b7e44b1cdf9aaa,CLOSED_UNIQUE,201919000.0,CLOSED_UNIQUE,130683000.0,,NAF,CLOSED_PF_LT60,2025-03-31,True,DIRECT,
1712184,0001712184-25-000031,20250219,LIBERTY LATIN AMERICA LTD.,1-LAF,LAF,CLOSED,CLOSED_OPERATING_NON_SHELL,OPERATING,operating,CLOSED_UNIQUE,1400000000.0,2024-06-30,bb2d3f7ddd9140d20c2c99bfb62bd3517374eb46dbc76278ebf2c940104e53bd,CLOSED_UNIQUE,4511100000.0,CLOSED_UNIQUE,4815100000.0,,LAF,CLOSED_PF_GE700,2025-03-03,True,DIRECT,
1712463,0001628280-25-012927,20250317,RANPAK HOLDINGS CORP.,2-ACC,AF,CLOSED,CLOSED_OPERATING_NON_SHELL,OPERATING,operating,CLOSED_UNIQUE,297700000.0,2024-06-30,f8efdad1a63b83098849ffe5388289c582c6afeab870e6c8ababd12407c61aac,CLOSED_UNIQUE,336300000.0,CLOSED_UNIQUE,326500000.0,,AF,CLOSED_PRIOR_ACC_REV_GE80_REMAIN_AF,2025-03-17,True,DIRECT,
1713407,0001713407-25-000032,20250318,BROOKFIELD REAL ESTATE INCOME TRUST INC.,4-NON,NAF,CLOSED,CLOSED_OPERATING_NON_SHELL,OPERATING,operating,CLOSED_UNIQUE,0.0,2024-06-28,49f6107e536e648777622914629d82377c7b0e52e6f41bc9baa2184a42d67607,CLOSED_UNIQUE,138647000.0,CLOSED_UNIQUE,118268000.0,,NAF,CLOSED_PF_LT60,2025-03-31,True,DIRECT,
1714899,0001714899-25-000066,20250227,DENALI THERAPEUTICS INC.,1-LAF,LAF,CLOSED,CLOSED_OPERATING_NON_SHELL,OPERATING,operating,CLOSED_UNIQUE,1900000000.0,2024-06-28,e424badb02e17bd515045845846d9708569389c09d3477c7f5ac959223a24ecd,NO_WHITELIST_TOPLINE,,NO_WHITELIST_TOPLINE,,,LAF,CLOSED_PF_GE700,2025-03-03,True,DIRECT,
1716166,0001641172-25-001750,20250331,"VIVOS THERAPEUTICS, INC.",4-NON,NAF,CLOSED,CLOSED_OPERATING_NON_SHELL,OPERATING,operating,CLOSED_UNIQUE,7400000.0,2024-06-28,dd4c72f515a2bcca8f37c42be234d75c73d10cec1344198f47410fcdd9b74e3c,CLOSED_UNIQUE,13801000.0,CLOSED_UNIQUE,16024000.0,,NAF,CLOSED_PF_LT60,2025-03-31,True,DIRECT,
1716947,0001493152-25-009703,20250310,"ENSYSCE BIOSCIENCES, INC.",4-NON,NAF,CLOSED,CLOSED_OPERATING_NON_SHELL,OPERATING,operating,CLOSED_UNIQUE,4000000.0,2024-06-28,cb029ba8495f47c9443c4e548bc594d89f3b42c7621228403a8a5748b11e4bc3,NO_WHITELIST_TOPLINE,,NO_WHITELIST_TOPLINE,,,NAF,CLOSED_PF_LT60,2025-03-31,True,DIRECT,
1717547,0001717547-25-000008,20250219,"BRIGHTSPIRE CAPITAL, INC.",1-LAF,LAF,CLOSED,CLOSED_OPERATING_NON_SHELL,OPERATING,operating,CLOSED_UNIQUE,732200000.0,2024-06-30,cb32708ac1637b27cb3221b60da9bb7d0ed3711eb06cdc0e39782c7f849d2f21,NO_WHITELIST_TOPLINE,,NO_WHITELIST_TOPLINE,,,LAF,CLOSED_PF_GE700,2025-03-03,True,DIRECT,
1718405,0001718405-25-000006,20250305,HYCROFT MINING HOLDING CORP,4-NON,NAF,CLOSED,CLOSED_OPERATING_NON_SHELL,OPERATING,operating,CLOSED_UNIQUE,49999754.0,2024-06-28,ac8e61f9311197d6429f1cf675f5e08f6368f4c8f713842ecc6b5f2ac7f3ab87,NO_WHITELIST_TOPLINE,,NO_WHITELIST_TOPLINE,,,NAF,CLOSED_PF_LT60,2025-03-31,True,DIRECT,
1718512,0001718512-25-000013,20250206,GATES INDUSTRIAL CORP PLC,1-LAF,LAF,CLOSED,CLOSED_OPERATING_NON_SHELL,OPERATING,operating,CLOSED_UNIQUE,3194100000.0,2024-06-29,d3f5ba7d14382565de514af0e8c9c6878464c212720b69b82269392657980bbf,CLOSED_UNIQUE,3570200000.0,CLOSED_UNIQUE,3554200000.0,,LAF,CLOSED_PF_GE700,2025-03-03,True,DIRECT,
1718939,0001718939-25-000080,20250331,T STAMP INC,4-NON,NAF,CLOSED,CLOSED_OPERATING_NON_SHELL,OPERATING,operating,CLOSED_UNIQUE,4668599.0,2024-06-30,74025621335f784ec53bf45b0980156c1318f90729f400c109a143080c94c724,CLOSED_UNIQUE,4560275.0,CLOSED_UNIQUE,5385077.0,,NAF,CLOSED_PF_LT60,2025-03-31,True,DIRECT,
1720265,0000950170-25-035469,20250307,GRAYSCALE ZCASH TRUST (ZEC),4-NON,NAF,CLOSED,CLOSED_OPERATING_NON_SHELL,OPERATING,operating,CLOSED_UNIQUE,16669591.0,2024-06-30,7660e26954ee0d92d262cbf6fee515c301874cafd9053559ca41743de225fbfb,NO_WHITELIST_TOPLINE,,NO_WHITELIST_TOPLINE,,,NAF,CLOSED_PF_LT60,2025-03-31,True,DIRECT,
1720286,0001477932-25-002215,20250331,INTERNET SCIENCES INC.,4-NON,NAF,CLOSED,CLOSED_OPERATING_NON_SHELL,OPERATING,operating,CLOSED_UNIQUE,0.0,2024-06-30,454f9e87a71237af5136be4df43b7d58d0894d0448bff7cfe0b7d371eb7c3a3f,CLOSED_UNIQUE,0.0,NO_FY2022_10K,,,NAF,CLOSED_PF_LT60,2025-03-31,True,DIRECT,
1720592,0000950170-25-030855,20250303,REPAY HOLDINGS CORP,1-LAF,LAF,CLOSED,CLOSED_OPERATING_NON_SHELL,OPERATING,operating,CLOSED_UNIQUE,950318825000.0,2024-06-30,f8da8c42b877adfd20eb576810a153c367d32edbf07d08a030920066c2c283f6,CLOSED_UNIQUE,296627000.0,CLOSED_UNIQUE,279227000.0,,LAF,CLOSED_PF_GE700,2025-03-03,True,DIRECT,
1720635,0001720635-25-000018,20250218,NVENT ELECTRIC PLC,1-LAF,LAF,CLOSED,CLOSED_OPERATING_NON_SHELL,OPERATING,operating,CLOSED_UNIQUE,12611244553.0,2024-06-28,d615cf4bfe33f5d0efb41e923e3190c0bb69cfe31d661b8cbd48810b5a3b292d,CLOSED_UNIQUE,3263600000.0,CLOSED_UNIQUE,2909000000.0,,LAF,CLOSED_PF_GE700,2025-03-03,True,DIRECT,
1720893,0001558370-25-003985,20250328,"BIOXCEL THERAPEUTICS, INC.",4-NON,NAF,CLOSED,CLOSED_OPERATING_NON_SHELL,OPERATING,operating,CLOSED_UNIQUE,41276960.0,2024-06-30,3ff2dc3c82ffc11fe6f15c7fa0cec9ef7a0a5c3a688f6863b131eefc80ffc80a,NO_WHITELIST_TOPLINE,,NO_WHITELIST_TOPLINE,,,NAF,CLOSED_PF_LT60,2025-03-31,True,DIRECT,
1721484,0000950170-25-029968,20250228,LONGEVERON INC.,4-NON,NAF,CLOSED,CLOSED_OPERATING_NON_SHELL,OPERATING,operating,CLOSED_UNIQUE,12438864.0,2024-06-30,28eb26822c48ed2ff579cb96ee9ee810aa3bc468a45b338c59bae5a074cd345f,CLOSED_UNIQUE,709000.0,CLOSED_UNIQUE,1222000.0,,NAF,CLOSED_PF_LT60,2025-03-31,True,DIRECT,
1721947,0001628280-25-008642,20250227,JAMF HOLDING CORP.,1-LAF,LAF,CLOSED,CLOSED_OPERATING_NON_SHELL,OPERATING,operating,CLOSED_UNIQUE,1300000000.0,2024-06-28,bf454ddd812043974d519907085d60965842617f0c09935fb676787dca2efcd3,CLOSED_UNIQUE,560571000.0,CLOSED_UNIQUE,478776000.0,,LAF,CLOSED_PF_GE700,2025-03-03,True,DIRECT,
1722684,0001722684-25-000005,20250213,"WYNDHAM HOTELS & RESORTS, INC.",1-LAF,LAF,CLOSED,CLOSED_OPERATING_NON_SHELL,OPERATING,operating,CLOSED_UNIQUE,5780000000.0,2024-06-30,9bab5db03459a961242045b951b85240b6b5d982e20a24ce38cea21813b4e5b3,CLOSED_UNIQUE,1397000000.0,CLOSED_UNIQUE,1498000000.0,,LAF,CLOSED_PF_GE700,2025-03-03,True,DIRECT,
1723059,0001013762-25-003850,20250328,BIO ESSENCE CORP,4-NON,NAF,CLOSED,CLOSED_OPERATING_NON_SHELL,OPERATING,operating,CLOSED_UNIQUE,26844590.0,2024-06-30,20b0740878269ab328572fc6ac5efb34009417668d1f351a5dc7c235f5feea42,CLOSED_UNIQUE,551506.0,CLOSED_UNIQUE,985757.0,,NAF,CLOSED_PF_LT60,2025-03-31,True,DIRECT,
1723089,0001723089-25-000025,20250205,CHAMPIONX CORP,1-LAF,LAF,CLOSED,CLOSED_OPERATING_NON_SHELL,OPERATING,operating,CLOSED_UNIQUE,6284460974.0,2024-06-28,7e965b5b5b75b1cd3b1403aed7df11860df6b34db4d272267ab7f70b2ecf064f,CLOSED_UNIQUE,3758285000.0,CLOSED_UNIQUE,3805948000.0,,LAF,CLOSED_PF_GE700,2025-03-03,True,DIRECT,
1723128,0001723128-25-000012,20250228,"AMNEAL PHARMACEUTICALS, INC.",2-ACC,AF,CLOSED,CLOSED_OPERATING_NON_SHELL,OPERATING,operating,CLOSED_UNIQUE,1600000000.0,2024-06-30,77be10c63fb53294d1c79f7fc4626210668176366a6e287412261bd6c048ca9e,CLOSED_UNIQUE,2393607000.0,CLOSED_UNIQUE,2212304000.0,,LAF,CLOSED_PF_GE700,2025-03-03,True,DIRECT,
1724521,0001724521-25-000040,20250225,"ARCUS BIOSCIENCES, INC.",1-LAF,LAF,CLOSED,CLOSED_OPERATING_NON_SHELL,OPERATING,operating,CLOSED_UNIQUE,825139210.0,2024-06-28,ef98e52282e306df19684bc56ae3c6c98a3d874b7433b1d35c67913fc0cb737e,CLOSED_UNIQUE,117000000.0,CLOSED_UNIQUE,112000000.0,,LAF,CLOSED_PF_GE700,2025-03-03,True,DIRECT,
1724965,0000950170-25-028223,20250227,TALOS ENERGY INC.,1-LAF,LAF,CLOSED,CLOSED_OPERATING_NON_SHELL,OPERATING,operating,CLOSED_UNIQUE,1529482022.0,2024-06-28,994a5924c38642136ddb1749adf1d5bc6039529301c633bd443ae9ec12051321,CLOSED_UNIQUE,1457886000.0,CLOSED_UNIQUE,1651980000.0,,LAF,CLOSED_PF_GE700,2025-03-03,True,DIRECT,
1725057,0000950170-25-029980,20250228,"DAYFORCE, INC.",1-LAF,LAF,CLOSED,CLOSED_OPERATING_NON_SHELL,OPERATING,operating,CLOSED_UNIQUE,5300000000.0,2024-06-30,1ccc5352f962b7cd715f539397fb2f20085f94ee42d849c6dd1bb174af60c931,CLOSED_UNIQUE,1513700000.0,CLOSED_UNIQUE,1246200000.0,,LAF,CLOSED_PF_GE700,2025-03-03,True,DIRECT,
1725210,0000950170-25-029411,20250228,GRAYSCALE ETHEREUM TRUST ETF,1-LAF,LAF,CLOSED,CLOSED_OPERATING_NON_SHELL,OPERATING,operating,CLOSED_UNIQUE,9738761559.0,2024-06-30,517c859884a3f8d812bc9f3aa756756d15e1a062fa288ef6c7e4641d2037620d,NO_WHITELIST_TOPLINE,,NO_WHITELIST_TOPLINE,,,LAF,CLOSED_PF_GE700,2025-03-03,True,DIRECT,
1725911,0001641172-25-006029,20250424,NETBRANDS CORP.,4-NON,NAF,CLOSED,CLOSED_OPERATING_NON_SHELL,OPERATING,operating,CLOSED_UNIQUE,610681.0,2024-06-30,8947231ff708c7008e6c21d9f107b99f0cfc6874aa7d43bed8aa7959a77c6bd1,NO_WHITELIST_TOPLINE,,NO_WHITELIST_TOPLINE,,,NAF,CLOSED_PF_LT60,2025-03-31,False,LATE,
1726711,0001213900-25-026256,20250331,"ADITXT, INC.",4-NON,NAF,CLOSED,CLOSED_OPERATING_NON_SHELL,OPERATING,operating,CLOSED_UNIQUE,2732712.0,2024-06-30,175ad70ac5f5a89b0f1749ffcc0c7eae958079e35f0f03e380b08ca7bc7ebb25,CLOSED_UNIQUE,645176.0,CLOSED_UNIQUE,933715.0,,NAF,CLOSED_PF_LT60,2025-03-31,True,DIRECT,
1726978,0001726978-25-000016,20250303,"GOOSEHEAD INSURANCE, INC.",1-LAF,LAF,CLOSED,CLOSED_OPERATING_NON_SHELL,OPERATING,operating,CLOSED_UNIQUE,1368626039.0,2024-06-30,221597593e9c8b4c022fb4dfd7a813eab91bd2d064de8b387d5acc8bc44e95a0,CLOSED_UNIQUE,261276000.0,CLOSED_UNIQUE,209390000.0,,LAF,CLOSED_PF_GE700,2025-03-03,True,DIRECT,
1727255,0001683168-25-002195,20250402,CHILEAN COBALT CORP.,4-NON,NAF,CLOSED,CLOSED_OPERATING_NON_SHELL,OPERATING,operating,CLOSED_UNIQUE,35187771.0,2024-06-30,bc0f78597fc829f00a10bc43a005bcd6750ac054ba61d78b5113bb1cd68a8218,CLOSED_UNIQUE,0.0,CLOSED_UNIQUE,0.0,2025-04-01,NAF,CLOSED_PF_LT60,2025-03-31,True,12B25,
1727263,0000950170-25-028375,20250227,"FRONTDOOR, INC.",1-LAF,LAF,CLOSED,CLOSED_OPERATING_NON_SHELL,OPERATING,operating,CLOSED_UNIQUE,2600000000.0,2024-06-30,bd0eff8ccadf2c39e901032c62ae3e20783f1bb8d6458f6eed71316f01276b37,CLOSED_UNIQUE,1780000000.0,CLOSED_UNIQUE,1662000000.0,,LAF,CLOSED_PF_GE700,2025-03-03,True,DIRECT,
1728205,0001728205-25-000047,20250226,PIEDMONT LITHIUM INC.,1-LAF,LAF,CLOSED,CLOSED_OPERATING_NON_SHELL,OPERATING,operating,CLOSED_UNIQUE,190429937.0,2024-06-30,573f322f896e29b7dea4e439050880682b328bde157c1f36ab9a2727df70ca20,CLOSED_UNIQUE,39817000.0,NO_WHITELIST_TOPLINE,,,NAF,CLOSED_PRIOR_LAF_REV_LT80_EXIT_NAF,2025-03-31,True,DIRECT,
1728951,0001728951-25-000031,20250212,"ESSENTIAL PROPERTIES REALTY TRUST, INC.",1-LAF,LAF,CLOSED,CLOSED_OPERATING_NON_SHELL,OPERATING,operating,CLOSED_UNIQUE,4800000000.0,2024-06-28,83af221d17ab1528cf50db56cf5fc875c5723fb8185012024e45fa28e0ef8fc1,CLOSED_UNIQUE,359595000.0,CLOSED_UNIQUE,286506000.0,,LAF,CLOSED_PF_GE700,2025-03-03,True,DIRECT,
1729149,0001729149-25-000056,20250310,"VIEMED HEALTHCARE, INC.",2-ACC,AF,CLOSED,CLOSED_OPERATING_NON_SHELL,OPERATING,operating,CLOSED_UNIQUE,203479883.0,2024-06-28,808a5ec0c717fcc9497b35e7e8302f61942552da78286b52b286ed79e9a3c69f,CLOSED_UNIQUE,183008000.0,CLOSED_UNIQUE,138832000.0,,AF,CLOSED_PRIOR_ACC_REV_GE80_REMAIN_AF,2025-03-17,True,DIRECT,
1730773,0001641172-25-015976,20250623,BLUE STAR FOODS CORP.,4-NON,NAF,CLOSED,CLOSED_OPERATING_NON_SHELL,OPERATING,operating,CLOSED_UNIQUE,2199788.0,2024-06-30,fbaee58b8891be9815af216ad889545602b7ac945404125caa6c7b9ce0b95b54,NO_WHITELIST_TOPLINE,,NO_WHITELIST_TOPLINE,,2025-03-31,NAF,CLOSED_PF_LT60,2025-03-31,False,LATE,
1733443,0001410578-25-000582,20250331,"5&2 STUDIOS, INC.",4-NON,NAF,CLOSED,CLOSED_OPERATING_NON_SHELL,OPERATING,operating,CLOSED_UNIQUE,0.0,2024-06-30,22738f4350e7e0a89d87fc17e50667fd30033e017399131b135235b1f0ef3656,CLOSED_UNIQUE,80929000.0,NO_FY2022_10K,,,NAF,CLOSED_PF_LT60,2025-03-31,True,DIRECT,
1734750,0001213900-25-030345,20250409,MOVANO INC.,4-NON,NAF,CLOSED,CLOSED_OPERATING_NON_SHELL,OPERATING,operating,CLOSED_UNIQUE,25177318.0,2024-06-30,2c6627a6effd79c9478279f41b7fedee47c8a1a183cc76376ece6a5ebe908bdb,NO_WHITELIST_TOPLINE,,NO_WHITELIST_TOPLINE,,2025-03-31,NAF,CLOSED_PF_LT60,2025-03-31,True,12B25,
1735041,0001013762-25-002711,20250326,GREENLAND TECHNOLOGIES HOLDING CORP.,4-NON,NAF,CLOSED,CLOSED_OPERATING_NON_SHELL,OPERATING,operating,CLOSED_UNIQUE,10810000.0,2024-06-30,1303e08dcb7eae2ab1cc8b51c31d15bdb0ff4b991e8302070b3dffb0aadea2d5,CLOSED_UNIQUE,90333240.0,CLOSED_UNIQUE,90830674.0,,NAF,CLOSED_PF_LT60,2025-03-31,True,DIRECT,
1735707,0001735707-25-000013,20250220,GARRETT MOTION INC.,1-LAF,LAF,CLOSED,CLOSED_OPERATING_NON_SHELL,OPERATING,operating,CLOSED_UNIQUE,1077000000.0,2024-06-28,506418bfd3da24b2bed208264582f9c11a8bfd330c2051c93c348a800c9b992b,NO_WHITELIST_TOPLINE,,NO_WHITELIST_TOPLINE,,,LAF,CLOSED_PF_GE700,2025-03-03,True,DIRECT,
1736243,0001558370-25-003117,20250317,"ACURX PHARMACEUTICALS, INC.",4-NON,NAF,CLOSED,CLOSED_OPERATING_NON_SHELL,OPERATING,operating,CLOSED_UNIQUE,30600000.0,2024-06-30,a216bd02d9907b729b6755ff506dd49589dec6397c05454c1a68e861e34a6c68,NO_WHITELIST_TOPLINE,,NO_WHITELIST_TOPLINE,,,NAF,CLOSED_PF_LT60,2025-03-31,True,DIRECT,
1736946,0001736946-25-000014,20250227,"ARLO TECHNOLOGIES, INC.",1-LAF,LAF,CLOSED,CLOSED_OPERATING_NON_SHELL,OPERATING,operating,CLOSED_UNIQUE,1262000000.0,2024-06-30,60e821de6c315c23cbaf29f4250776d6914f6c42532702c35ab7d6016d7e429a,CLOSED_UNIQUE,491176000.0,CLOSED_UNIQUE,490414000.0,,LAF,CLOSED_PF_GE700,2025-03-03,True,DIRECT,
1738827,0001738827-25-000041,20250313,"KLX ENERGY SERVICES HOLDINGS, INC.",2-ACC,AF,CLOSED,CLOSED_OPERATING_NON_SHELL,OPERATING,operating,CLOSED_UNIQUE,72400000.0,2024-06-30,4c382609ce27f7ff95241c26d6081e783c13df80594c4f023c87f0aa75239b5c,CLOSED_UNIQUE,888400000.0,CLOSED_UNIQUE,781600000.0,,AF,CLOSED_PRIOR_ACC_REV_GE80_REMAIN_AF,2025-03-17,True,DIRECT,
1739104,0001739104-25-000014,20250225,ELANCO ANIMAL HEALTH INC,1-LAF,LAF,CLOSED,CLOSED_OPERATING_NON_SHELL,OPERATING,operating,CLOSED_UNIQUE,7100000000.0,2024-06-30,40433719bd9471d495aa259856b09a51205c1045398b4d7a3e6db5bf97a5210f,CLOSED_UNIQUE,4417000000.0,CLOSED_UNIQUE,4411000000.0,,LAF,CLOSED_PF_GE700,2025-03-03,True,DIRECT,
1739174,0001013762-25-002283,20250325,BIOMX INC.,4-NON,NAF,CLOSED,CLOSED_OPERATING_NON_SHELL,OPERATING,operating,CLOSED_UNIQUE,21392018.0,2024-06-30,578c0e635d73ab2ea81881bae9372f6e717486a46423f10fad7567f10210ff92,NO_WHITELIST_TOPLINE,,NO_WHITELIST_TOPLINE,,,NAF,CLOSED_PF_LT60,2025-03-31,True,DIRECT,
1739410,0001739410-25-000040,20250313,RALLYBIO CORP,4-NON,NAF,CLOSED,CLOSED_OPERATING_NON_SHELL,OPERATING,operating,CLOSED_UNIQUE,36700000.0,2024-06-30,0fbb922d8a9d588ad5b71a8257938e6e5d7ee75ea6061e7ffd80f1af6ed2c214,NO_WHITELIST_TOPLINE,,NO_WHITELIST_TOPLINE,,,NAF,CLOSED_PF_LT60,2025-03-31,True,DIRECT,
1739445,0001739445-25-000026,20250228,"ARCOSA, INC.",1-LAF,LAF,CLOSED,CLOSED_OPERATING_NON_SHELL,OPERATING,operating,CLOSED_UNIQUE,4100000000.0,2024-06-30,08f9ef4c503bbfd49070e775208796b9afc2389c6674ed0b922e43134be39762,CLOSED_UNIQUE,2307900000.0,CLOSED_UNIQUE,2242800000.0,,LAF,CLOSED_PF_GE700,2025-03-03,True,DIRECT,
1739566,0001739566-25-000053,20250220,"UTZ BRANDS, INC.",1-LAF,LAF,CLOSED,CLOSED_OPERATING_NON_SHELL,OPERATING,operating,CLOSED_UNIQUE,1115800000.0,2024-06-28,c2a574ca2b2c8125c8da41bbc1870184a508f1617bacd139e7c4c5783b75cdb2,CLOSED_UNIQUE,1438237000.0,CLOSED_UNIQUE,1408401000.0,,LAF,CLOSED_PF_GE700,2025-03-03,True,DIRECT,
1739940,0001739940-25-000009,20250227,CIGNA GROUP,1-LAF,LAF,CLOSED,CLOSED_OPERATING_NON_SHELL,OPERATING,operating,CLOSED_UNIQUE,92100000000.0,2024-06-30,9be97c936ea980efe64871855f310706d643fdf2e24994a5b0dc9a07147faadc,CLOSED_UNIQUE,195265000000.0,CLOSED_UNIQUE,180516000000.0,,LAF,CLOSED_PF_GE700,2025-03-03,True,DIRECT,
1740332,0001740332-25-000010,20250220,"RESIDEO TECHNOLOGIES, INC.",1-LAF,LAF,CLOSED,CLOSED_OPERATING_NON_SHELL,OPERATING,operating,CLOSED_UNIQUE,2800000000.0,2024-06-28,e0123322a9d28cd01558926204db940d421d41a14e1a7d0af6e4898361ea450c,CLOSED_UNIQUE,6242000000.0,CLOSED_UNIQUE,6370000000.0,,LAF,CLOSED_PF_GE700,2025-03-03,True,DIRECT,
1740742,0001829126-25-002700,20250415,UNICOIN INC.,4-NON,NAF,CLOSED,CLOSED_OPERATING_NON_SHELL,OPERATING,operating,CLOSED_UNIQUE,0.0,2024-06-30,7359c380b4b039f4fbfbd1127ac71cca6c39535e46a20d6e92e63c6eac52ec9f,CLOSED_UNIQUE,20949862.0,CLOSED_UNIQUE,23213963.0,2025-03-31,NAF,CLOSED_PF_LT60,2025-03-31,True,12B25,
1741489,0001213900-25-031497,20250414,"ELVICTOR GROUP, INC.",4-NON,NAF,CLOSED,CLOSED_OPERATING_NON_SHELL,OPERATING,operating,CLOSED_UNIQUE,10361219.0,2024-06-30,4286dcafbb6cdbc62efc1569e5fa22b5c48c96fbd96ec44eaf09e05e8e7f4260,CONFLICTING_WHITELIST_VALUES,,CONFLICTING_WHITELIST_VALUES,,2025-03-31,NAF,CLOSED_PF_LT60,2025-03-31,True,12B25,
1742927,0001437749-25-010791,20250403,"REVIVA PHARMACEUTICALS HOLDINGS, INC.",4-NON,NAF,CLOSED,CLOSED_OPERATING_NON_SHELL,OPERATING,operating,CLOSED_UNIQUE,31800000.0,2024-06-28,7179f759036934c2076940ede16297acd2d8c2e248f767412b30c0b5044e36d1,NO_WHITELIST_TOPLINE,,NO_WHITELIST_TOPLINE,,2025-03-31,NAF,CLOSED_PF_LT60,2025-03-31,True,12B25,
1743759,0000950170-25-027856,20250226,"CORSAIR GAMING, INC.",1-LAF,LAF,CLOSED,CLOSED_OPERATING_NON_SHELL,OPERATING,operating,CLOSED_UNIQUE,491290024.0,2024-06-30,613ff3c929bba98993601b5040723e45640bb73ee56e6368be5eb9999b4d85a2,CLOSED_UNIQUE,1459875000.0,CLOSED_UNIQUE,1375098000.0,,AF,CLOSED_PRIOR_LAF_REV_GE100_EXIT_AF,2025-03-17,True,DIRECT,
1743881,0000950170-25-024119,20250220,"BRIDGEBIO PHARMA, INC.",1-LAF,LAF,CLOSED,CLOSED_OPERATING_NON_SHELL,OPERATING,operating,CLOSED_UNIQUE,3729400000.0,2024-06-30,b31c23efcd84d433fdd430296e35efde451fcec637e1fc134c83b11f0c102f8c,CLOSED_UNIQUE,9303000.0,CLOSED_UNIQUE,77648000.0,,LAF,CLOSED_PF_GE700,2025-03-03,True,DIRECT,
1743907,0001743907-25-000005,20250212,"SUN COUNTRY AIRLINES HOLDINGS, INC.",1-LAF,LAF,CLOSED,CLOSED_OPERATING_NON_SHELL,OPERATING,operating,CLOSED_UNIQUE,521000000.0,2024-06-30,284207ec10be2203d1a3ddd8a55afbaf7018248cc31f79460357f6913a79008b,CLOSED_UNIQUE,1049620000.0,CLOSED_UNIQUE,894444000.0,,AF,CLOSED_PRIOR_LAF_REV_GE100_EXIT_AF,2025-03-17,True,DIRECT,
1744659,0000950170-25-029514,20250228,"AKERO THERAPEUTICS, INC.",1-LAF,LAF,CLOSED,CLOSED_OPERATING_NON_SHELL,OPERATING,operating,CLOSED_UNIQUE,1569636109000.0,2024-06-30,de39d228c43e78e5cf1e420594d617dcf8e7368c2ac1052eb0af7fc64d95f80c,NO_WHITELIST_TOPLINE,,NO_WHITELIST_TOPLINE,,,LAF,CLOSED_PF_GE700,2025-03-03,True,DIRECT,
1745078,0001079973-25-000452,20250324,"VYNLEADS, INC.",4-NON,NAF,CLOSED,CLOSED_OPERATING_NON_SHELL,OPERATING,operating,CLOSED_UNIQUE,4968207.0,2024-06-30,273a8a4ec6d85bb0b0a1453b0b3429122bb09015e589a85dbf126bfd5e3b5d21,NO_WHITELIST_TOPLINE,,NO_WHITELIST_TOPLINE,,,NAF,CLOSED_PF_LT60,2025-03-31,True,DIRECT,
1745916,0001558370-25-001148,20250219,"PENNYMAC FINANCIAL SERVICES, INC.",1-LAF,LAF,CLOSED,CLOSED_OPERATING_NON_SHELL,OPERATING,operating,CLOSED_UNIQUE,2650778086.0,2024-06-30,9ba4c7d918be24cbc2a02b74a8607ee427105c962d2ac6d42eca8a148161e586,CLOSED_UNIQUE,1401656000.0,CLOSED_UNIQUE,1985755000.0,,LAF,CLOSED_PF_GE700,2025-03-03,True,DIRECT,
1745999,0000950170-25-026076,20250225,BEAM THERAPEUTICS INC.,1-LAF,LAF,CLOSED,CLOSED_OPERATING_NON_SHELL,OPERATING,operating,CLOSED_UNIQUE,1910000000.0,2024-06-28,b3137753a5e0a21dac269866396e3c8e3760890e3a55c59325a0e36759cde563,NO_WHITELIST_TOPLINE,,NO_WHITELIST_TOPLINE,,,LAF,CLOSED_PF_GE700,2025-03-03,True,DIRECT,
1746109,0001558370-25-001937,20250228,BANK FIRST CORP,1-LAF,LAF,CLOSED,CLOSED_OPERATING_NON_SHELL,OPERATING,operating,CLOSED_UNIQUE,815000000.0,2024-06-30,43f3bfa30e4ef9fc56a820690c85e000d3d2e08667c764530fef6de5c804b824,NO_WHITELIST_TOPLINE,,NO_WHITELIST_TOPLINE,,,LAF,CLOSED_PF_GE700,2025-03-03,True,DIRECT,
1746466,0000950170-25-045726,20250327,"EQUILLIUM, INC.",4-NON,NAF,CLOSED,CLOSED_OPERATING_NON_SHELL,OPERATING,operating,CLOSED_UNIQUE,15400000.0,2024-06-28,ef411389a98a65d802a4a0dd3c52013ca5322158a9f76ff5ff576dbf97c52ec7,CLOSED_UNIQUE,36084000.0,CLOSED_UNIQUE,15759000.0,,NAF,CLOSED_PF_LT60,2025-03-31,True,DIRECT,
1746473,0001746473-25-000054,20250303,"PLIANT THERAPEUTICS, INC.",1-LAF,LAF,CLOSED,CLOSED_OPERATING_NON_SHELL,OPERATING,operating,CLOSED_UNIQUE,607605287.0,2024-06-30,177828c7647d8c47e332ac55d8f5f97c1ac21dcb4d0c3a5d31617ccc1a256029,CLOSED_UNIQUE,1580000.0,CLOSED_UNIQUE,9685000.0,,LAF,CLOSED_PRIOR_LAF_PF_GE560,2025-03-03,True,DIRECT,
1746618,0000950170-25-026748,20250225,"REVOLVE GROUP, INC.",1-LAF,LAF,CLOSED,CLOSED_OPERATING_NON_SHELL,OPERATING,operating,CLOSED_UNIQUE,603000000.0,2024-06-30,69d480e7f3e1ebb6ed2e87b88337c657f1e27f235aa1066788f8dbcae14753bb,CLOSED_UNIQUE,1068719000.0,CLOSED_UNIQUE,1101416000.0,,LAF,CLOSED_PRIOR_LAF_PF_GE560,2025-03-03,True,DIRECT,
1747079,0001747079-25-000039,20250317,BALLY'S CORP,2-ACC,AF,CLOSED,CLOSED_OPERATING_NON_SHELL,OPERATING,operating,CLOSED_UNIQUE,285400000.0,2024-06-30,57deb33cb3d55ef37e5c91e0cbe2915f4892e94c88fa0f2a446c127657225c1a,CLOSED_UNIQUE,2449073000.0,CLOSED_UNIQUE,2255705000.0,,AF,CLOSED_PRIOR_ACC_REV_GE80_REMAIN_AF,2025-03-17,True,DIRECT,
1748824,0001748824-25-000016,20250227,ACADIAN ASSET MANAGEMENT INC.,1-LAF,LAF,CLOSED,CLOSED_OPERATING_NON_SHELL,OPERATING,operating,CLOSED_UNIQUE,615923637.0,2024-06-30,3ca396d5e0042a4a906e5a12c7f5e2aa1ef849a34c436930e140d48779a60cbd,CLOSED_UNIQUE,426600000.0,CLOSED_UNIQUE,417200000.0,,LAF,CLOSED_PRIOR_LAF_PF_GE560,2025-03-03,True,DIRECT,
1750155,0001750155-25-000006,20250319,"CHARLOTTE'S WEB HOLDINGS, INC.",4-NON,NAF,CLOSED,CLOSED_OPERATING_NON_SHELL,OPERATING,operating,CLOSED_UNIQUE,29100000.0,2024-06-30,4e25611368f0c89825181fced975f8fd499441800ec1a2ec87c1cced33cf522c,CLOSED_UNIQUE,63155000.0,CLOSED_UNIQUE,74139000.0,,NAF,CLOSED_PF_LT60,2025-03-31,True,DIRECT,
1751008,0001751008-25-000018,20250227,APPLOVIN CORP,1-LAF,LAF,CLOSED,CLOSED_OPERATING_NON_SHELL,OPERATING,operating,CLOSED_UNIQUE,23700000000.0,2024-06-28,9b10a178fe321bb507c089ed3705dffc7fb8b1503cc20344bff5ddbe597850af,CLOSED_UNIQUE,3283087000.0,CLOSED_UNIQUE,2817058000.0,,LAF,CLOSED_PF_GE700,2025-03-03,True,DIRECT,
1751783,0001751783-25-000012,20250325,"RHINEBECK BANCORP, INC.",4-NON,NAF,CLOSED,CLOSED_OPERATING_NON_SHELL,OPERATING,operating,CLOSED_UNIQUE,28840250.0,2024-06-30,58c6a04da9be4c5a84c46cbfa8d533484d31679d6db2353c59ce54e69eec8f42,NO_WHITELIST_TOPLINE,,NO_WHITELIST_TOPLINE,,,NAF,CLOSED_PF_LT60,2025-03-31,True,DIRECT,
1753391,0001683168-25-001892,20250326,"TANCHENG GROUP CO., LTD.",4-NON,NAF,CLOSED,CLOSED_OPERATING_NON_SHELL,OPERATING,operating,CLOSED_UNIQUE,913670.0,2024-06-28,487c2da106fc14c243b6e8a1ffeb2e59134c2bcfefa9eb13808c9e968c26cefc,CLOSED_UNIQUE,1969094.0,NO_FY2022_10K,,,NAF,CLOSED_PF_LT60,2025-03-31,True,DIRECT,
1753681,0001477932-25-002766,20250415,ELITE PERFORMANCE HOLDING CORP,4-NON,NAF,CLOSED,CLOSED_OPERATING_NON_SHELL,OPERATING,operating,CLOSED_UNIQUE,9600000.0,2024-06-30,1b57c21f88a6207bab6369815a5b4dbfbbfe075fabbc21ad7c83f2ed61e66023,CLOSED_UNIQUE,40210.0,NO_FY2022_10K,,2025-03-31,NAF,CLOSED_PF_LT60,2025-03-31,True,12B25,
1754170,0001558370-25-002624,20250311,AERSALE CORP,2-ACC,AF,CLOSED,CLOSED_OPERATING_NON_SHELL,OPERATING,operating,CLOSED_UNIQUE,240000000.0,2024-06-28,17151f0e4f188a316eaf9d4be4a3f0f1d03d7db5f148dac3c2722462ee6ca4e3,CLOSED_UNIQUE,334503000.0,CLOSED_UNIQUE,408544000.0,,AF,CLOSED_PRIOR_ACC_REV_GE80_REMAIN_AF,2025-03-17,True,DIRECT,
1754195,0001628280-25-008421,20250227,TRULIEVE CANNABIS CORP.,1-LAF,LAF,CLOSED,CLOSED_OPERATING_NON_SHELL,OPERATING,operating,CLOSED_UNIQUE,1500000000.0,2024-06-30,b75f883ec8fe46fe334ade650fc1b59e4de05642f6244b82078bff0e4af0814c,CLOSED_UNIQUE,1129193000.0,NO_WHITELIST_TOPLINE,,,LAF,CLOSED_PF_GE700,2025-03-03,True,DIRECT,
1755237,0000950170-25-032037,20250304,"CYCLERION THERAPEUTICS, INC.",4-NON,NAF,CLOSED,CLOSED_OPERATING_NON_SHELL,OPERATING,operating,CLOSED_UNIQUE,4800000.0,2024-06-30,b3181fa00b71e48c0fddc742f4297df071bc0bb7f12f42d57a36db90464902c2,CLOSED_UNIQUE,0.0,CLOSED_UNIQUE,1625000.0,,NAF,CLOSED_PF_LT60,2025-03-31,True,DIRECT,
1755755,0001755755-25-000005,20250328,"VINEBROOK HOMES TRUST, INC.",4-NON,NAF,CLOSED,CLOSED_OPERATING_NON_SHELL,OPERATING,operating,CLOSED_UNIQUE,0.0,2024-06-30,12448114649aa3cabb39d07de54ecd8a30d01036313998e8efb5d406b7d39860,CLOSED_UNIQUE,351108000.0,CLOSED_UNIQUE,269331000.0,,NAF,CLOSED_PF_LT60,2025-03-31,True,DIRECT,
1755953,0001213900-25-026404,20250331,"GRYPHON DIGITAL MINING, INC.",4-NON,NAF,CLOSED,CLOSED_OPERATING_NON_SHELL,OPERATING,operating,CLOSED_UNIQUE,37600000.0,2024-06-28,f8e97ffbd49a1f02fb08881b35bf5a90ed860a62ab2ac6a6f12a6757900d849e,CLOSED_UNIQUE,6836444.0,CLOSED_UNIQUE,13645030.0,,NAF,CLOSED_PF_LT60,2025-03-31,True,DIRECT,
1756262,0000950170-25-029104,20250227,"TRANSMEDICS GROUP, INC.",1-LAF,LAF,CLOSED,CLOSED_OPERATING_NON_SHELL,OPERATING,operating,CLOSED_UNIQUE,4870000000.0,2024-06-30,68fa56862e195f0f8234df54d0eb92c54649be2c9a16d9405e794425224bbbd8,CLOSED_UNIQUE,241623000.0,CLOSED_UNIQUE,93459000.0,,LAF,CLOSED_PF_GE700,2025-03-03,True,DIRECT,
1756761,0001756761-25-000020,20250324,INVESCO REAL ESTATE INCOME TRUST INC.,4-NON,NAF,CLOSED,CLOSED_OPERATING_NON_SHELL,OPERATING,operating,CLOSED_UNIQUE,0.0,2024-06-30,6c742abb9439ef0a1f1b0f57c4f6c9231f8d7c4ad68c4da1cd23a77caeea7381,CLOSED_UNIQUE,70006000.0,CLOSED_UNIQUE,58113000.0,,NAF,CLOSED_PF_LT60,2025-03-31,True,DIRECT,
1757073,0001757073-25-000007,20250213,ENVISTA HOLDINGS CORP,1-LAF,LAF,CLOSED,CLOSED_OPERATING_NON_SHELL,OPERATING,operating,CLOSED_UNIQUE,2200000000.0,2024-06-28,065e22282c82c28324e3db14bc8b39377a241715c24c4afe0488f83e477c44e7,CLOSED_UNIQUE,2566500000.0,CLOSED_UNIQUE,2569100000.0,,LAF,CLOSED_PF_GE700,2025-03-03,True,DIRECT,
1757499,0001493152-25-008300,20250226,"SHUTTLE PHARMACEUTICALS HOLDINGS, INC.",4-NON,NAF,CLOSED,CLOSED_OPERATING_NON_SHELL,OPERATING,operating,CLOSED_UNIQUE,4100953.0,2024-06-30,32950714d41943632d2a7a2b0a1a81fadd31f7980a80f5b52a701a5b3e550964,NO_WHITELIST_TOPLINE,,NO_WHITELIST_TOPLINE,,,NAF,CLOSED_PF_LT60,2025-03-31,True,DIRECT,
1757715,0001437749-25-009139,20250325,"ATERIAN, INC.",4-NON,NAF,CLOSED,CLOSED_OPERATING_NON_SHELL,OPERATING,operating,CLOSED_UNIQUE,20600000.0,2024-06-30,56be9a6e41a0a04b611f2f605c8a2b29f169aa5480acb0ca6fffb8c013110d0b,CLOSED_UNIQUE,142566000.0,CLOSED_UNIQUE,221170000.0,,NAF,CLOSED_PF_LT60,2025-03-31,True,DIRECT,
1758009,0001213900-25-025561,20250320,QUANTUM COMPUTING INC.,4-NON,NAF,CLOSED,CLOSED_OPERATING_NON_SHELL,OPERATING,operating,CLOSED_UNIQUE,34743396.0,2024-06-30,2f5cb426c4ef14fcc0a446780e3b7860b681841d1d1697a7acaafdba37920a61,CLOSED_UNIQUE,358047.0,CLOSED_UNIQUE,135648.0,,NAF,CLOSED_PF_LT60,2025-03-31,True,DIRECT,
1758021,0001628280-25-012816,20250314,KARAT PACKAGING INC.,2-ACC,AF,CLOSED,CLOSED_OPERATING_NON_SHELL,OPERATING,operating,CLOSED_UNIQUE,204124008.0,2024-06-30,028b784de71bb46f2e47a8fa9f096a2bacb166af3085ee0f6d618f0d98ccc0f8,CLOSED_UNIQUE,405651000.0,CLOSED_UNIQUE,422957000.0,,AF,CLOSED_PRIOR_ACC_REV_GE80_REMAIN_AF,2025-03-17,True,DIRECT,
1758488,0000950170-25-024552,20250221,ONESPAWORLD HOLDINGS LTD,1-LAF,LAF,CLOSED,CLOSED_OPERATING_NON_SHELL,OPERATING,operating,CLOSED_UNIQUE,1550948121.0,2024-06-28,fac93156911af9d852d0d913bb625f106d06165a8c2fdb91a3f1b442336165df,CLOSED_UNIQUE,794045000.0,CLOSED_UNIQUE,546259000.0,,LAF,CLOSED_PF_GE700,2025-03-03,True,DIRECT,
1758730,0001758730-25-000038,20250207,TRADEWEB MARKETS INC.,1-LAF,LAF,CLOSED,CLOSED_OPERATING_NON_SHELL,OPERATING,operating,CLOSED_UNIQUE,12200000000.0,2024-06-28,2077bb849c59a48e0335865fec4d4185deb88155d45117ca652b13f20d57291d,CLOSED_UNIQUE,1338219000.0,CLOSED_UNIQUE,1188781000.0,,LAF,CLOSED_PF_GE700,2025-03-03,True,DIRECT,
1758766,0001758766-25-000005,20250305,"STEM, INC.",1-LAF,LAF,CLOSED,CLOSED_OPERATING_NON_SHELL,OPERATING,operating,CLOSED_UNIQUE,170200000.0,2024-06-28,0e1ccfe6b352e961429541aa867709efa86b2fc1bf72b90ec54a7066317da4ed,CLOSED_UNIQUE,461515000.0,CLOSED_UNIQUE,362980000.0,,AF,CLOSED_PRIOR_LAF_REV_GE100_EXIT_AF,2025-03-17,True,DIRECT,
1759124,0001437749-25-004258,20250219,ISHARES GOLD TRUST MICRO,1-LAF,LAF,CLOSED,CLOSED_OPERATING_NON_SHELL,OPERATING,operating,CLOSED_UNIQUE,1201379000.0,2024-06-30,9a4dddf3b8df2ccf33dc4f3c894a75222e6545353492c78d6b62df427cd408b1,NO_WHITELIST_TOPLINE,,NO_WHITELIST_TOPLINE,,,LAF,CLOSED_PF_GE700,2025-03-03,True,DIRECT,
1759425,0001759425-25-000014,20250226,"MIRUM PHARMACEUTICALS, INC.",1-LAF,LAF,CLOSED,CLOSED_OPERATING_NON_SHELL,OPERATING,operating,CLOSED_UNIQUE,1500000000.0,2024-06-28,1664edaf3e4ec73f4256fbe8f326468cbb57bc0056c7a59b5364fec834de433d,CLOSED_UNIQUE,186374000.0,CLOSED_UNIQUE,77062000.0,,LAF,CLOSED_PF_GE700,2025-03-03,True,DIRECT,
1759509,0001759509-25-000025,20250214,"LYFT, INC.",1-LAF,LAF,CLOSED,CLOSED_OPERATING_NON_SHELL,OPERATING,operating,CLOSED_UNIQUE,5600000000.0,2024-06-28,4ddb2770e89bd4f8e8ce0959c495b8a913e6c5969ae4ed0cb189b1622f56cd78,CLOSED_UNIQUE,4403589000.0,CLOSED_UNIQUE,4095135000.0,,LAF,CLOSED_PF_GE700,2025-03-03,True,DIRECT,
1759655,0001759655-25-000018,20250227,"PRIVIA HEALTH GROUP, INC.",1-LAF,LAF,CLOSED,CLOSED_OPERATING_NON_SHELL,OPERATING,operating,CLOSED_UNIQUE,1070000000.0,2024-06-30,0c109e9c1668a52abc8f5a22d4b72cbbe0cc9d1b97eadeaa423b2049574da12d,CLOSED_UNIQUE,1657737000.0,CLOSED_UNIQUE,1356660000.0,,LAF,CLOSED_PF_GE700,2025-03-03,True,DIRECT,
1759824,0000950170-25-033669,20250305,ALTA EQUIPMENT GROUP INC.,2-ACC,AF,CLOSED,CLOSED_OPERATING_NON_SHELL,OPERATING,operating,CLOSED_UNIQUE,215600000.0,2024-06-30,fd92223dae123e5dc078091269768dba893c9402167ab3158afcd8824b5677b1,CLOSED_UNIQUE,1876800000.0,CLOSED_UNIQUE,1571800000.0,,AF,CLOSED_PRIOR_ACC_REV_GE80_REMAIN_AF,2025-03-17,True,DIRECT,
1760026,0001213900-25-032016,20250415,REGENERATIVE MEDICAL TECHNOLOGY GROUP INC.,4-NON,NAF,CLOSED,CLOSED_OPERATING_NON_SHELL,OPERATING,operating,CLOSED_UNIQUE,612544.0,2024-06-30,81092c1294ef4ed78a674844979a9e8ebf3d954b246cb97a6218b3013c03ad96,CLOSED_UNIQUE,2409953.0,CLOSED_UNIQUE,1530223.0,2025-03-31,NAF,CLOSED_PF_LT60,2025-03-31,True,12B25,
1760689,0001760689-25-000010,20250331,"MICROVAST HOLDINGS, INC.",2-ACC,AF,CLOSED,CLOSED_OPERATING_NON_SHELL,OPERATING,operating,CLOSED_UNIQUE,104100000.0,2024-06-30,3af3181986268c11964d11eeb5d7dbf58e53b1711ad1972ca8b162f242626ee8,CLOSED_UNIQUE,306617000.0,CLOSED_UNIQUE,204495000.0,2025-03-18,AF,CLOSED_PRIOR_ACC_REV_GE80_REMAIN_AF,2025-03-17,True,12B25,
1760903,0001641172-25-001259,20250328,"SAFETY SHOT, INC.",4-NON,NAF,CLOSED,CLOSED_OPERATING_NON_SHELL,OPERATING,operating,CLOSED_UNIQUE,72132393.0,2024-06-30,8c37eeffa431947f86783893341d6e4cccb1491e5b1f21a0212b1b315726f49d,CLOSED_UNIQUE,202670.0,CLOSED_UNIQUE,6196743.0,,NAF,CLOSED_PRIOR_NON_PF_LT75,2025-03-31,True,DIRECT,
1760965,0001760965-25-000011,20250225,"KONTOOR BRANDS, INC.",1-LAF,LAF,CLOSED,CLOSED_OPERATING_NON_SHELL,OPERATING,operating,CLOSED_UNIQUE,3640000000.0,2024-06-28,c4c631d62cb0749a0a0ee3ccf582d71e22b255296fe79b1c3ef549b5bdfa37ba,CLOSED_UNIQUE,2607472000.0,CLOSED_UNIQUE,2631444000.0,,LAF,CLOSED_PF_GE700,2025-03-03,True,DIRECT,
1761312,0001437749-25-005069,20250225,"PALOMAR HOLDINGS, INC.",1-LAF,LAF,CLOSED,CLOSED_OPERATING_NON_SHELL,OPERATING,operating,CLOSED_UNIQUE,1977345127.0,2024-06-30,4484bfe08e9c8662f8b467e7da2afa11941c37c727f5b50b5a20d62c80ff8320,CLOSED_UNIQUE,375926000.0,CLOSED_UNIQUE,327086000.0,,LAF,CLOSED_PF_GE700,2025-03-03,True,DIRECT,
1761510,0001558370-25-004669,20250410,TILT HOLDINGS INC.,4-NON,NAF,CLOSED,CLOSED_OPERATING_NON_SHELL,OPERATING,operating,CLOSED_UNIQUE,7339985.0,2024-06-30,adc9352b95331e2b157ed86caddc90850c74c43647c7c08f7c69ad085e58922d,NO_WHITELIST_TOPLINE,,NO_WHITELIST_TOPLINE,,2025-03-31,NAF,CLOSED_PF_LT60,2025-03-31,True,12B25,
1761612,0001558370-25-001438,20250225,BICYCLE THERAPEUTICS PLC,1-LAF,LAF,CLOSED,CLOSED_OPERATING_NON_SHELL,OPERATING,operating,CLOSED_UNIQUE,758541179.0,2024-06-30,9e0a37eb6913966687308087e381d9f9091029aacdb01b680fb2ea098b884fcf,NO_WHITELIST_TOPLINE,,NO_WHITELIST_TOPLINE,,,LAF,CLOSED_PF_GE700,2025-03-03,True,DIRECT,
1761696,0001761696-25-000006,20250331,CROWN ELECTROKINETICS CORP.,4-NON,NAF,CLOSED,CLOSED_OPERATING_NON_SHELL,OPERATING,operating,CLOSED_UNIQUE,14800000.0,2024-06-30,7aa49f1e14709d5c100c6aa3b0af65bdaecc4b4b80fdd78c7012af0eb12d9a54,CLOSED_UNIQUE,153000.0,NO_WHITELIST_TOPLINE,,,NAF,CLOSED_PF_LT60,2025-03-31,True,DIRECT,
1763329,0001096906-25-000487,20250411,"AIBOTICS, INC.",4-NON,NAF,CLOSED,CLOSED_OPERATING_NON_SHELL,OPERATING,operating,CLOSED_UNIQUE,1373539.0,2024-06-30,d1f3e990fb3d2974eebbc36ff1b4c7d78df973a7581a067d2e7cfb0b06b62263,NO_WHITELIST_TOPLINE,,NO_WHITELIST_TOPLINE,,2025-03-31,NAF,CLOSED_PF_LT60,2025-03-31,True,12B25,
1763660,0001641172-25-004728,20250415,SEATECH VENTURES CORP.,4-NON,NAF,CLOSED,CLOSED_OPERATING_NON_SHELL,OPERATING,operating,CLOSED_UNIQUE,0.0,2024-06-28,4fb469fd0381cabf3a59bffd5f5120e7d9eb73a1b2fafd940e8ccd29ee02060b,CLOSED_UNIQUE,328340.0,CLOSED_UNIQUE,548095.0,2025-03-31,NAF,CLOSED_PF_LT60,2025-03-31,True,12B25,
1764046,0001764046-25-000011,20250219,CLARIVATE PLC,1-LAF,LAF,CLOSED,CLOSED_OPERATING_NON_SHELL,OPERATING,operating,CLOSED_UNIQUE,1800000000.0,2024-06-30,6275f16bdee83fabf594b03db02d132c4b171bfb02caa445e33a75f5d35c77a2,NO_WHITELIST_TOPLINE,,NO_WHITELIST_TOPLINE,,,LAF,CLOSED_PF_GE700,2025-03-03,True,DIRECT,
1764974,0000950170-25-047111,20250331,TURNSTONE BIOLOGICS CORP.,4-NON,NAF,CLOSED,CLOSED_OPERATING_NON_SHELL,OPERATING,operating,CLOSED_UNIQUE,44880529.0,2024-06-30,51fe3fad8da79ff165bf3bb3832a7630ee03b236eda72fee19f70bde3ba999e8,NO_WHITELIST_TOPLINE,,NO_FY2022_10K,,,NAF,CLOSED_PF_LT60,2025-03-31,True,DIRECT,
1765107,0001765107-25-000004,20250331,"CIM OPPORTUNITY ZONE FUND, L.P.",4-NON,NAF,CLOSED,CLOSED_OPERATING_NON_SHELL,OPERATING,operating,CLOSED_UNIQUE,0.0,2024-06-30,d51f2f4bb77df1e519c35d89ff195d489054b787613078f715b7c24d290d5f77,CLOSED_UNIQUE,24932000.0,NO_FY2022_10K,,,NAF,CLOSED_PF_LT60,2025-03-31,True,DIRECT,
1766140,0001213900-25-025828,20250331,"UNICYCIVE THERAPEUTICS, INC.",4-NON,NAF,CLOSED,CLOSED_OPERATING_NON_SHELL,OPERATING,operating,CLOSED_UNIQUE,18679544.0,2024-06-30,aec92ba7956052e369b5518c9e450af4a71de55a8d5cd7026883b1f03e52d3f4,NO_WHITELIST_TOPLINE,,NO_WHITELIST_TOPLINE,,,NAF,CLOSED_PF_LT60,2025-03-31,True,DIRECT,
1766363,0000950170-25-028394,20250227,"ENDEAVOR GROUP HOLDINGS, INC.",1-LAF,LAF,CLOSED,CLOSED_OPERATING_NON_SHELL,OPERATING,operating,CLOSED_UNIQUE,5738547955.0,2024-06-30,a26d9aba646bd32527bc10fce5e38835abedfdb0a15bbceb38030d731f834105,CLOSED_UNIQUE,5960157000.0,CLOSED_UNIQUE,5268137000.0,,LAF,CLOSED_PF_GE700,2025-03-03,True,DIRECT,
1766368,0001558370-25-002369,20250306,"MAYVILLE ENGINEERING COMPANY, INC.",2-ACC,AF,CLOSED,CLOSED_OPERATING_NON_SHELL,OPERATING,operating,CLOSED_UNIQUE,330292280.0,2024-06-30,cbfd7fbdeba3fe7338ba47fe01fb6bea08308fc424028efc39324fea15d96ffe,CLOSED_UNIQUE,588425000.0,CLOSED_UNIQUE,539392000.0,,AF,CLOSED_PRIOR_ACC_REV_GE80_REMAIN_AF,2025-03-17,True,DIRECT,
1766400,0001766400-25-000024,20250227,"PENNANT GROUP, INC.",2-ACC,AF,CLOSED,CLOSED_OPERATING_NON_SHELL,OPERATING,operating,CLOSED_UNIQUE,669703000.0,2024-06-30,c828e6df39d56655b3f7b5e6bc56307befeb0f31e34254c610451452398c109d,CLOSED_UNIQUE,544891000.0,CLOSED_UNIQUE,473241000.0,,AF,CLOSED_PRIOR_ACC_REV_GE80_REMAIN_AF,2025-03-17,True,DIRECT,
1766526,0001185185-25-000251,20250331,"TECTONIC FINANCIAL, INC.",4-NON,NAF,CLOSED,CLOSED_OPERATING_NON_SHELL,OPERATING,operating,CLOSED_UNIQUE,0.0,2024-06-30,68bb628c809f8b3178833a52e1bc2e970f52dd5c09ee1ddff06187670ec43c3c,NO_WHITELIST_TOPLINE,,NO_WHITELIST_TOPLINE,,,NAF,CLOSED_PF_LT60,2025-03-31,True,DIRECT,
1767258,0001767258-25-000008,20250228,"XPEL, INC.",1-LAF,LAF,CLOSED,CLOSED_OPERATING_NON_SHELL,OPERATING,operating,CLOSED_UNIQUE,889527248.0,2024-06-30,11b87e1167158d6539ee612ec21e0934a0b423ae7a65f9b4a2c800acf651abf4,CLOSED_UNIQUE,396293000.0,CLOSED_UNIQUE,323993000.0,,LAF,CLOSED_PF_GE700,2025-03-03,True,DIRECT,
1768224,0000950170-25-034787,20250306,ARCTURUS THERAPEUTICS HOLDINGS INC.,2-ACC,AF,CLOSED,CLOSED_OPERATING_NON_SHELL,OPERATING,operating,CLOSED_UNIQUE,602700000.0,2024-06-30,913310d7c3f425871c25d2eca828a78a088a114c5294644b0f2b44760916295a,CLOSED_UNIQUE,166799000.0,CLOSED_UNIQUE,205999000.0,,AF,CLOSED_PRIOR_ACC_REV_GE80_REMAIN_AF,2025-03-17,True,DIRECT,
1770561,0001562762-25-000021,20250219,CORONADO GLOBAL RESOURCES INC.,1-LAF,LAF,CLOSED,CLOSED_OPERATING_NON_SHELL,OPERATING,operating,CLOSED_UNIQUE,651547217.0,2024-06-28,c5594b500777775d5ca345bf7e1d4d510811030e6872ae02c47c1d6c0a8e3d58,CLOSED_UNIQUE,2890603000.0,CLOSED_UNIQUE,3571542000.0,,LAF,CLOSED_PRIOR_LAF_PF_GE560,2025-03-03,True,DIRECT,
1770787,0001770787-25-000013,20250213,"10X GENOMICS, INC.",1-LAF,LAF,CLOSED,CLOSED_OPERATING_NON_SHELL,OPERATING,operating,CLOSED_UNIQUE,1800000000.0,2024-06-30,3a004c3756d705894178e6e1c9940d9f289056b99321104d5fbc23045c5d49a5,CLOSED_UNIQUE,618727000.0,CLOSED_UNIQUE,516409000.0,,LAF,CLOSED_PF_GE700,2025-03-03,True,DIRECT,
1771515,0001771515-25-000017,20250226,GROCERY OUTLET HOLDING CORP.,1-LAF,LAF,CLOSED,CLOSED_OPERATING_NON_SHELL,OPERATING,operating,CLOSED_UNIQUE,2100000000.0,2024-06-28,110c668df7dcc11d786969f205486500e6ee1f6400816afa124021f61ecd0738,CLOSED_UNIQUE,3969453000.0,CLOSED_UNIQUE,3578101000.0,,LAF,CLOSED_PF_GE700,2025-03-03,True,DIRECT,
1771706,0001558370-25-002130,20250304,VIREO GROWTH INC.,4-NON,NAF,CLOSED,CLOSED_OPERATING_NON_SHELL,OPERATING,operating,CLOSED_UNIQUE,52741108.0,2024-06-30,b4e91f71a7a480bfa6094da35ac44b6b092dfa692db2fdbf2637864993ab6910,CLOSED_UNIQUE,88133163.0,CLOSED_UNIQUE,74625867.0,,NAF,CLOSED_PF_LT60,2025-03-31,True,DIRECT,
1772720,0001628280-25-015702,20250331,SPRUCE POWER HOLDING CORP,4-NON,NAF,CLOSED,CLOSED_OPERATING_NON_SHELL,OPERATING,operating,CLOSED_UNIQUE,55000000.0,2024-06-30,bca75b37a90799fea6c31dba535034209690602cdd535d28f055d9512ce23a43,CLOSED_UNIQUE,79859000.0,CLOSED_UNIQUE,23194000.0,,NAF,CLOSED_PF_LT60,2025-03-31,True,DIRECT,
1773427,0001773427-25-000010,20250220,"SPRINGWORKS THERAPEUTICS, INC.",1-LAF,LAF,CLOSED,CLOSED_OPERATING_NON_SHELL,OPERATING,operating,CLOSED_UNIQUE,2747091342.0,2024-06-30,b8be6670c8ab1c6e456666277ade3012fd3aed07b75b4fe4343497a49d5e7999,CLOSED_UNIQUE,5447000.0,NO_WHITELIST_TOPLINE,,,LAF,CLOSED_PF_GE700,2025-03-03,True,DIRECT,
1773751,0001773751-25-000062,20250224,"HIMS & HERS HEALTH, INC.",1-LAF,LAF,CLOSED,CLOSED_OPERATING_NON_SHELL,OPERATING,operating,CLOSED_UNIQUE,3900000000.0,2024-06-28,2ce143bd025d415b0228c36600cb35fba8c18843a484a65da1620d9c24715dfe,CLOSED_UNIQUE,872000000.0,CLOSED_UNIQUE,526916000.0,,LAF,CLOSED_PF_GE700,2025-03-03,True,DIRECT,
1776661,0000950170-25-035151,20250307,ADVANTAGE SOLUTIONS INC.,2-ACC,AF,CLOSED,CLOSED_OPERATING_NON_SHELL,OPERATING,operating,CLOSED_UNIQUE,309000000.0,2024-06-30,db189ff7417c015e4b2cc6e19b4579ca4ee73941efe39ad869de6a95305e8c6a,CLOSED_UNIQUE,4224846000.0,CLOSED_UNIQUE,4049742000.0,,AF,CLOSED_PRIOR_ACC_REV_GE80_REMAIN_AF,2025-03-17,True,DIRECT,
1776909,0001628280-25-014738,20250325,CURIOSITYSTREAM INC.,4-NON,NAF,CLOSED,CLOSED_OPERATING_NON_SHELL,OPERATING,operating,CLOSED_UNIQUE,61300000.0,2024-06-30,846b795fcd48d8e55587bb3aa21a0dcb6310b251124b6db7e7240c1b9a2d537c,CLOSED_UNIQUE,56889000.0,CLOSED_UNIQUE,78043000.0,,NAF,CLOSED_PRIOR_NON_PF_LT75,2025-03-31,True,DIRECT,
1777319,0001641172-25-001660,20250331,"CISO GLOBAL, INC.",4-NON,NAF,CLOSED,CLOSED_OPERATING_NON_SHELL,OPERATING,operating,CLOSED_UNIQUE,3564332.0,2024-06-30,6061df35171a53ffb0a1e5f247ce5104c2e76e0cc184a29ddbb21183b8425c35,CLOSED_UNIQUE,57058757.0,CLOSED_UNIQUE,46549617.0,,NAF,CLOSED_PF_LT60,2025-03-31,True,DIRECT,
1777835,0001777835-25-000056,20250227,PERELLA WEINBERG PARTNERS,2-ACC,AF,CLOSED,CLOSED_OPERATING_NON_SHELL,OPERATING,operating,CLOSED_UNIQUE,831423369.0,2024-06-30,881d41825466b5fdda66ead906b49ea0ebc62f2c881a454c1959e78e03379114,CLOSED_UNIQUE,648652000.0,CLOSED_UNIQUE,631507000.0,,LAF,CLOSED_PF_GE700,2025-03-03,True,DIRECT,
1777921,0001437749-25-005526,20250228,"AVEPOINT, INC.",1-LAF,LAF,CLOSED,CLOSED_OPERATING_NON_SHELL,OPERATING,operating,CLOSED_UNIQUE,1333490747.2,2024-06-30,25eb4fce316567d6d1a1d343e7165119a27a7d519c34751fe178d8bdd45d06ed,CLOSED_UNIQUE,271825000.0,CLOSED_UNIQUE,232339000.0,,LAF,CLOSED_PF_GE700,2025-03-03,True,DIRECT,
1779128,0001779128-25-000010,20250313,"BLADE AIR MOBILITY, INC.",2-ACC,AF,CLOSED,CLOSED_OPERATING_NON_SHELL,OPERATING,operating,CLOSED_UNIQUE,214400000.0,2024-06-30,82bf90960d304059670b479e686b81039a5b2cc17979ea2e58f6a83a3b791e81,CLOSED_UNIQUE,225180000.0,CLOSED_UNIQUE,146120000.0,,AF,CLOSED_PRIOR_ACC_REV_GE80_REMAIN_AF,2025-03-17,True,DIRECT,
1779372,0001628280-25-012614,20250313,"HEARTBEAM, INC.",4-NON,NAF,CLOSED,CLOSED_OPERATING_NON_SHELL,OPERATING,operating,CLOSED_UNIQUE,55733467.0,2024-06-30,a771d181a0c52f113a9bc96c8f82c02ee439ac9474226593abb5b1ac23203f41,NO_WHITELIST_TOPLINE,,NO_WHITELIST_TOPLINE,,,NAF,CLOSED_PF_LT60,2025-03-31,True,DIRECT,
1779474,0001779474-25-000007,20250313,"WM TECHNOLOGY, INC.",2-ACC,AF,CLOSED,CLOSED_OPERATING_NON_SHELL,OPERATING,operating,CLOSED_UNIQUE,89000000.0,2024-06-28,072ef3f829369d6fcee5766aaebeb33a6eff9c0daf5dde2bec58498b78041cdc,CLOSED_UNIQUE,187993000.0,CLOSED_UNIQUE,215531000.0,,AF,CLOSED_PRIOR_ACC_REV_GE80_REMAIN_AF,2025-03-17,True,DIRECT,
1780201,0001558370-25-003845,20250327,"LULU'S FASHION LOUNGE HOLDINGS, INC.",4-NON,NAF,CLOSED,CLOSED_OPERATING_NON_SHELL,OPERATING,operating,CLOSED_UNIQUE,18100000.0,2024-06-30,1dd285766bf9778df6591ae0617905b54eb6478f5281db802693ae3847381607,CLOSED_UNIQUE,355175000.0,CLOSED_UNIQUE,439652000.0,,NAF,CLOSED_PF_LT60,2025-03-31,True,DIRECT,
1780312,0000950170-25-030909,20250303,"AST SPACEMOBILE, INC.",4-NON,NAF,CLOSED,CLOSED_OPERATING_NON_SHELL,OPERATING,operating,CLOSED_UNIQUE,1701300000.0,2024-06-30,c639a9f164e324a92ef729a9db93c468f73c5f76408d9e608b0d39aeba511427,CLOSED_UNIQUE,0.0,CLOSED_UNIQUE,13825000.0,,LAF,CLOSED_PF_GE700,2025-03-03,True,DIRECT,
1781335,0001781335-25-000010,20250204,OTIS WORLDWIDE CORP,1-LAF,LAF,CLOSED,CLOSED_OPERATING_NON_SHELL,OPERATING,operating,CLOSED_UNIQUE,38593945633.0,2024-06-30,ea3236980d01059e02cde5f740235c4a28fbe9d6698b050d50231799d8a018ee,CLOSED_UNIQUE,14209000000.0,CLOSED_UNIQUE,13685000000.0,,LAF,CLOSED_PF_GE700,2025-03-03,True,DIRECT,
1781755,0001781755-25-000017,20250225,"BALDWIN INSURANCE GROUP, INC.",1-LAF,LAF,CLOSED,CLOSED_OPERATING_NON_SHELL,OPERATING,operating,CLOSED_UNIQUE,2236347924.0,2024-06-30,a5785b58b0188cbdaa4db8b5fc10d5926543c8523db8acd60fcc9a0d77296398,CLOSED_UNIQUE,1218555000.0,NO_WHITELIST_TOPLINE,,,LAF,CLOSED_PF_GE700,2025-03-03,True,DIRECT,
1781983,0001558370-25-003588,20250325,"APREA THERAPEUTICS, INC.",4-NON,NAF,CLOSED,CLOSED_OPERATING_NON_SHELL,OPERATING,operating,CLOSED_UNIQUE,10000000.0,2024-06-28,d2e312777605c34d2ce8079e471db90bf351dd7e192c9107ab0eeea70d5a8b26,NO_WHITELIST_TOPLINE,,NO_WHITELIST_TOPLINE,,,NAF,CLOSED_PF_LT60,2025-03-31,True,DIRECT,
1782107,0001213900-25-049687,20250602,"ONCONETIX, INC.",4-NON,NAF,CLOSED,CLOSED_OPERATING_NON_SHELL,OPERATING,operating,CLOSED_UNIQUE,3600000.0,2024-06-30,0417f530f7a7f0b5c5b052ba5f8464b389d8092a91edd3985cc5dc4a90d98682,CLOSED_UNIQUE,58465.0,NO_WHITELIST_TOPLINE,,2025-04-01,NAF,CLOSED_PF_LT60,2025-03-31,False,LATE,
1782170,0001782170-25-000018,20250219,"REMITLY GLOBAL, INC.",1-LAF,LAF,CLOSED,CLOSED_OPERATING_NON_SHELL,OPERATING,operating,CLOSED_UNIQUE,1771200000.0,2024-06-30,f9ee414b9b41c5d6b874802160ec13a0a8917803d155d6b959a4cd3cab715204,CLOSED_UNIQUE,944285000.0,CLOSED_UNIQUE,653560000.0,,LAF,CLOSED_PF_GE700,2025-03-03,True,DIRECT,
1783180,0001783180-25-000008,20250211,CARRIER GLOBAL CORP,1-LAF,LAF,CLOSED,CLOSED_OPERATING_NON_SHELL,OPERATING,operating,CLOSED_UNIQUE,53200000000.0,2024-06-30,b5dd6cd9f28a2714b797dd7272f6a3a900df2bcac9eca52f7a9943388d53d1fb,NO_WHITELIST_TOPLINE,,CLOSED_UNIQUE,20421000000.0,,LAF,CLOSED_PF_GE700,2025-03-03,True,DIRECT,
1783328,0000950170-25-033077,20250305,"TSCAN THERAPEUTICS, INC.",4-NON,NAF,CLOSED,CLOSED_OPERATING_NON_SHELL,OPERATING,operating,CLOSED_UNIQUE,201649026000.0,2024-06-30,17f9b58309ecf2dc374263f75b6485cabcee74eebd8b7c427569d775a8aaf3d0,NO_WHITELIST_TOPLINE,,NO_WHITELIST_TOPLINE,,,LAF,CLOSED_PF_GE700,2025-03-03,False,LATE,
1783879,0001783879-25-000049,20250218,"ROBINHOOD MARKETS, INC.",1-LAF,LAF,CLOSED,CLOSED_OPERATING_NON_SHELL,OPERATING,operating,CLOSED_UNIQUE,16300000000.0,2024-06-30,c0a8f2d8e01450b272f53b8714a025a6f34952293ccf021fae14b546569eaf12,CLOSED_UNIQUE,1865000000.0,CLOSED_UNIQUE,1358000000.0,,LAF,CLOSED_PF_GE700,2025-03-03,True,DIRECT,
1784058,0001013762-25-003414,20250327,PONY GROUP INC.,4-NON,NAF,CLOSED,CLOSED_OPERATING_NON_SHELL,OPERATING,operating,CLOSED_UNIQUE,11500000.0,2024-06-30,6beae828f516073e477dd9728230696667f191637220090607b6e30053034dd9,CLOSED_UNIQUE,177570.0,CLOSED_UNIQUE,112844.0,,NAF,CLOSED_PF_LT60,2025-03-31,True,DIRECT,
1784440,0001185185-25-000176,20250313,NOWTRANSIT INC,4-NON,NAF,CLOSED,CLOSED_OPERATING_NON_SHELL,OPERATING,operating,CLOSED_UNIQUE,41596221.0,2024-06-30,39ca9f12e071311b08e5b095abbe7b8f4ea1a8b9f189356627d517320c29009b,CLOSED_UNIQUE,597595.0,NO_FY2022_10K,,,NAF,CLOSED_PF_LT60,2025-03-31,True,DIRECT,
1784535,0001784535-25-000011,20250225,"PORCH GROUP, INC.",2-ACC,AF,CLOSED,CLOSED_OPERATING_NON_SHELL,OPERATING,operating,CLOSED_UNIQUE,121000000.0,2024-06-30,def9f3e710f3d03b6d12378bae7f81d8c9546f5bc69a5eb6d570e49194169166,CLOSED_UNIQUE,430302000.0,CLOSED_UNIQUE,275948000.0,,AF,CLOSED_PRIOR_ACC_REV_GE80_REMAIN_AF,2025-03-17,True,DIRECT,
1785173,0000950170-25-029243,20250227,"89BIO, INC.",1-LAF,LAF,CLOSED,CLOSED_OPERATING_NON_SHELL,OPERATING,operating,CLOSED_UNIQUE,722400000.0,2024-06-28,d5638ea76f7e23f2e548a4ddf572c3459f944ec1434c8a89ff37df2d2a5e752d,NO_WHITELIST_TOPLINE,,NO_WHITELIST_TOPLINE,,,LAF,CLOSED_PF_GE700,2025-03-03,True,DIRECT,
1785424,0001628280-25-015331,20250328,"KATAPULT HOLDINGS, INC.",4-NON,NAF,CLOSED,CLOSED_OPERATING_NON_SHELL,OPERATING,operating,CLOSED_UNIQUE,43700000.0,2024-06-30,d4415844514734d3545ab104ad4dfb9bd14fd21768c5fa4553b44797912366f4,CLOSED_UNIQUE,221588000.0,CLOSED_UNIQUE,212105000.0,,NAF,CLOSED_PF_LT60,2025-03-31,True,DIRECT,
1785530,0001785530-25-000008,20250311,"WEREWOLF THERAPEUTICS, INC.",4-NON,NAF,CLOSED,CLOSED_OPERATING_NON_SHELL,OPERATING,operating,CLOSED_UNIQUE,69689962.0,2024-06-28,d4a214bceeaba1b0836d623be6b0c81d5f6ad593328bb44578c9875f9acc2663,NO_WHITELIST_TOPLINE,,NO_WHITELIST_TOPLINE,,,NAF,CLOSED_PRIOR_NON_PF_LT75,2025-03-31,True,DIRECT,
1785592,0000950170-25-047893,20250331,"LEAFLY HOLDINGS, INC. /DE",4-NON,NAF,CLOSED,CLOSED_OPERATING_NON_SHELL,OPERATING,operating,CLOSED_UNIQUE,4800000.0,2024-06-30,f78dc6074909d637d1d18bf60cdca47175d719a34240b5a627ac02badb370ec3,CLOSED_UNIQUE,42252000.0,CLOSED_UNIQUE,47363000.0,,NAF,CLOSED_PF_LT60,2025-03-31,True,DIRECT,
1786205,0000950170-25-029150,20250227,"ARCELLX, INC.",1-LAF,LAF,CLOSED,CLOSED_OPERATING_NON_SHELL,OPERATING,operating,CLOSED_UNIQUE,2600000000.0,2024-06-28,41090f77776c04a374aa3841e43b8c7e03161518b5c048149648582f608a5378,NO_WHITELIST_TOPLINE,,NO_WHITELIST_TOPLINE,,,LAF,CLOSED_PF_GE700,2025-03-03,True,DIRECT,
1786431,0001628280-25-003936,20250205,REYNOLDS CONSUMER PRODUCTS INC.,1-LAF,LAF,CLOSED,CLOSED_OPERATING_NON_SHELL,OPERATING,operating,CLOSED_UNIQUE,1516000000.0,2024-06-28,8b832b90b663468615128d90d25076ba3f079868eb77f1906f8e4147eac5ca8c,CLOSED_UNIQUE,3756000000.0,CONFLICTING_WHITELIST_VALUES,,,LAF,CLOSED_PF_GE700,2025-03-03,True,DIRECT,
1786842,0001786842-25-000008,20250213,VONTIER CORP,1-LAF,LAF,CLOSED,CLOSED_OPERATING_NON_SHELL,OPERATING,operating,CLOSED_UNIQUE,5900000000.0,2024-06-28,89d5d300afba28b405456dd7fc7fe69db216c295c02334c6d9656c0acfce92ee,CLOSED_UNIQUE,3095200000.0,CLOSED_UNIQUE,3184400000.0,,LAF,CLOSED_PF_GE700,2025-03-03,True,DIRECT,
1787297,0001558370-25-002101,20250304,"PASSAGE BIO, INC.",4-NON,NAF,CLOSED,CLOSED_OPERATING_NON_SHELL,OPERATING,operating,CLOSED_UNIQUE,48900000.0,2024-06-28,63a5302859de28a65884085748da952ea64e6476725522efc28752685a4793af,NO_WHITELIST_TOPLINE,,NO_WHITELIST_TOPLINE,,,NAF,CLOSED_PF_LT60,2025-03-31,True,DIRECT,
1787306,0001787306-25-000029,20250225,"ARCUTIS BIOTHERAPEUTICS, INC.",4-NON,NAF,CLOSED,CLOSED_OPERATING_NON_SHELL,OPERATING,operating,CLOSED_UNIQUE,984420698.0,2024-06-28,33d832ec4c2fdb51bb0dbea22d9875d3fc5e0a5ff0cfb085375ead3d0ddb2eee,CLOSED_UNIQUE,59606000.0,CLOSED_UNIQUE,3686000.0,,LAF,CLOSED_PF_GE700,2025-03-03,True,DIRECT,
1787414,0001437749-25-009807,20250328,BOGOTA FINANCIAL CORP.,4-NON,NAF,CLOSED,CLOSED_OPERATING_NON_SHELL,OPERATING,operating,CLOSED_UNIQUE,50000000.0,2024-06-30,ce318c92362c60ea60d6ecbe9558e87f9e6223c89ccada5b67d356a86264a7e1,NO_WHITELIST_TOPLINE,,NO_WHITELIST_TOPLINE,,,NAF,CLOSED_PF_LT60,2025-03-31,True,DIRECT,
1788841,0001079973-25-000651,20250415,MICROMOBILITY.COM INC.,4-NON,NAF,CLOSED,CLOSED_OPERATING_NON_SHELL,OPERATING,operating,CLOSED_UNIQUE,600000.0,2024-06-28,c345fb131fb04ab509f54b0019b4135e669e5a48c89a9a91550e7cf8bda40031,CLOSED_UNIQUE,9844000.0,CLOSED_UNIQUE,15538000.0,2025-03-31,NAF,CLOSED_PF_LT60,2025-03-31,True,12B25,
1788882,0001628280-25-008137,20250226,"ROOT, INC.",2-ACC,AF,CLOSED,CLOSED_OPERATING_NON_SHELL,OPERATING,operating,CLOSED_UNIQUE,513500000.0,2024-06-28,b3bd9bef114355b446aeb16296cb65e1aa7477a369c4420c72bd6f6720932eb4,CLOSED_UNIQUE,455000000.0,CLOSED_UNIQUE,310800000.0,,AF,CLOSED_PRIOR_ACC_REV_GE80_REMAIN_AF,2025-03-17,True,DIRECT,
1788999,0000950170-25-029159,20250227,XPERI INC.,2-ACC,AF,CLOSED,CLOSED_OPERATING_NON_SHELL,OPERATING,operating,CLOSED_UNIQUE,370300000.0,2024-06-28,2056dc784e75f4e9dcca9ea0ac1b884aaea5b2ba7641fc65b03c9681b6592b50,CLOSED_UNIQUE,521334000.0,CLOSED_UNIQUE,502260000.0,,AF,CLOSED_PRIOR_ACC_REV_GE80_REMAIN_AF,2025-03-17,True,DIRECT,
1789029,0000950170-25-042849,20250321,"AEVA TECHNOLOGIES, INC.",4-NON,NAF,CLOSED,CLOSED_OPERATING_NON_SHELL,OPERATING,operating,CLOSED_UNIQUE,63200000.0,2024-06-30,3f4dbb4afec33240f4fff95f7bad085253af4ad2501d370ce86073fa59278387,CLOSED_UNIQUE,4312000.0,CLOSED_UNIQUE,4192000.0,,NAF,CLOSED_PRIOR_NON_PF_LT75,2025-03-31,True,DIRECT,
1789192,0001641172-25-001513,20250331,"N2OFF, INC.",4-NON,NAF,CLOSED,CLOSED_OPERATING_NON_SHELL,OPERATING,operating,CLOSED_UNIQUE,1763000.0,2024-06-30,e09e5e1b19fa1d4dd67bbc8b35ba2a8bb7ae6aa53c0eb1c7a13be781541b842b,NO_WHITELIST_TOPLINE,,NO_WHITELIST_TOPLINE,,,NAF,CLOSED_PF_LT60,2025-03-31,True,DIRECT,
1789769,0001789769-25-000017,20250304,"INSTIL BIO, INC.",4-NON,NAF,CLOSED,CLOSED_OPERATING_NON_SHELL,OPERATING,operating,CLOSED_UNIQUE,38600000.0,2024-06-28,f34601788f94f858a726c4ad59baa66046589ddf68723e69e254951360bfd684,NO_WHITELIST_TOPLINE,,NO_WHITELIST_TOPLINE,,,NAF,CLOSED_PF_LT60,2025-03-31,True,DIRECT,
1789940,0001789940-25-000010,20250311,"FIRST WATCH RESTAURANT GROUP, INC.",2-ACC,AF,CLOSED,CLOSED_OPERATING_NON_SHELL,OPERATING,operating,CLOSED_UNIQUE,570400000.0,2024-06-30,b94251bccdc05b7dad5a30d87d38c3e3845e72781a5e8905ba06599ded95c135,CLOSED_UNIQUE,891551000.0,CLOSED_UNIQUE,730162000.0,,AF,CLOSED_PRIOR_ACC_REV_GE80_REMAIN_AF,2025-03-17,True,DIRECT,
1789972,0000950170-25-028346,20250227,"CULLINAN THERAPEUTICS, INC.",4-NON,NAF,CLOSED,CLOSED_OPERATING_NON_SHELL,OPERATING,operating,CLOSED_UNIQUE,1000000000.0,2024-06-30,7356cd0e2007d6246283fcdd0804381ec8a9151ae29427b0f96685103536bb6f,NO_WHITELIST_TOPLINE,,CLOSED_UNIQUE,0.0,,LAF,CLOSED_PF_GE700,2025-03-03,True,DIRECT,
1790169,0001062993-25-006145,20250324,FLORA GROWTH CORP.,4-NON,NAF,CLOSED,CLOSED_OPERATING_NON_SHELL,OPERATING,operating,CLOSED_UNIQUE,9600000.0,2024-06-30,81a6ec0f8a753af160992dd9737a76a0b8a4ab30e390dab6bc0f02e2f9f7b18a,CLOSED_UNIQUE,76071000.0,CLOSED_UNIQUE,37171000.0,,NAF,CLOSED_PF_LT60,2025-03-31,True,DIRECT,
1790340,0001790340-25-000042,20250320,IMMUNEERING CORP,4-NON,NAF,CLOSED,CLOSED_OPERATING_NON_SHELL,OPERATING,operating,CLOSED_UNIQUE,38000000.0,2024-06-28,9413d5fd9d703d7bd15a3ce0400bc6772efdde4ccd6a0e3b90db1a214da70151,CLOSED_UNIQUE,0.0,CLOSED_UNIQUE,316952.0,,NAF,CLOSED_PF_LT60,2025-03-31,True,DIRECT,
1792580,0000950170-25-027914,20250226,OVINTIV INC.,1-LAF,LAF,CLOSED,CLOSED_OPERATING_NON_SHELL,OPERATING,operating,CLOSED_UNIQUE,12376088462.0,2024-06-28,75c3d4dfbbcdaef7e01dc7bdb56192c76079adfbbee01cab73392a88330a7c26,CLOSED_UNIQUE,10883000000.0,CLOSED_UNIQUE,12464000000.0,,LAF,CLOSED_PF_GE700,2025-03-03,True,DIRECT,
1792581,0001437749-25-004000,20250214,"KIROMIC BIOPHARMA, INC.",4-NON,NAF,CLOSED,CLOSED_OPERATING_NON_SHELL,OPERATING,operating,CLOSED_UNIQUE,3377900.0,2024-06-30,4097bcc8add7cb3caacbb406de4e1300b8142beb164428e8945b980179c273d4,NO_WHITELIST_TOPLINE,,NO_WHITELIST_TOPLINE,,,NAF,CLOSED_PF_LT60,2025-03-31,True,DIRECT,
1792789,0001628280-25-005715,20250214,"DOORDASH, INC.",1-LAF,LAF,CLOSED,CLOSED_OPERATING_NON_SHELL,OPERATING,operating,CLOSED_UNIQUE,38200000000.0,2024-06-28,5f0c2798bce291d7975de95179cb5bc72f37c4b8d73d3a427a6f337c84b687d9,CLOSED_UNIQUE,8635000000.0,CLOSED_UNIQUE,6583000000.0,,LAF,CLOSED_PF_GE700,2025-03-03,True,DIRECT,
1792849,0001437749-25-006838,20250310,"HIGHPEAK ENERGY, INC.",2-ACC,AF,CLOSED,CLOSED_OPERATING_NON_SHELL,OPERATING,operating,CLOSED_UNIQUE,346745695.0,2024-06-30,0078b75292dc39e91a35c01bf0e29effa3720194671f45caa699cacfb0aacbc5,CLOSED_UNIQUE,1111293000.0,NO_WHITELIST_TOPLINE,,,AF,CLOSED_PRIOR_ACC_REV_GE80_REMAIN_AF,2025-03-17,True,DIRECT,
1793229,0001793229-25-000022,20250226,CLARITEV CORP,1-LAF,LAF,CLOSED,CLOSED_OPERATING_NON_SHELL,OPERATING,operating,CLOSED_UNIQUE,157300000.0,2024-06-30,8250237dff3cafe41b576f202b56040b3b7e40d1f2bb550a43474aa7edaca2e3,CLOSED_UNIQUE,961524000.0,CLOSED_UNIQUE,1079716000.0,,AF,CLOSED_PRIOR_LAF_REV_GE100_EXIT_AF,2025-03-17,True,DIRECT,
1793659,0001793659-25-000047,20250228,"RUSH STREET INTERACTIVE, INC.",2-ACC,AF,CLOSED,CLOSED_OPERATING_NON_SHELL,OPERATING,operating,CLOSED_UNIQUE,738091003.0,2024-06-28,a9110d29d4a7bea868a39c5a349384b027198a12bb3f1533cc92414d5f8bc2fa,CLOSED_UNIQUE,691161000.0,CLOSED_UNIQUE,592212000.0,,LAF,CLOSED_PF_GE700,2025-03-03,True,DIRECT,
1794515,0001794515-25-000045,20250225,ZOOMINFO TECHNOLOGIES INC.,1-LAF,LAF,CLOSED,CLOSED_OPERATING_NON_SHELL,OPERATING,operating,CLOSED_UNIQUE,3700000000.0,2024-06-28,cf6304a4e77bc2a12197845bdd48dba6e4703c722a08bf3315bb664aaea8aadb,CLOSED_UNIQUE,1239500000.0,CLOSED_UNIQUE,1098000000.0,,LAF,CLOSED_PF_GE700,2025-03-03,True,DIRECT,
1794669,0001794669-25-000011,20250219,"SHIFT4 PAYMENTS, INC.",1-LAF,LAF,CLOSED,CLOSED_OPERATING_NON_SHELL,OPERATING,operating,CLOSED_UNIQUE,4400000000.0,2024-06-28,dd595ebb842e0d85f779573b388e9faeedd48240b9d0bf9b065184cdb9d4d1f8,NO_WHITELIST_TOPLINE,,NO_WHITELIST_TOPLINE,,,LAF,CLOSED_PF_GE700,2025-03-03,True,DIRECT,
1794942,0001640334-25-000623,20250414,"STARK FOCUS GROUP, INC.",4-NON,NAF,CLOSED,CLOSED_OPERATING_NON_SHELL,OPERATING,operating,CLOSED_UNIQUE,72526.0,2024-06-30,eee76aedea03efdc7b22858ada4c74d8fb35925153c243819cdf4e2f0befda41,NO_WHITELIST_TOPLINE,,NO_WHITELIST_TOPLINE,,2025-04-01,NAF,CLOSED_PF_LT60,2025-03-31,True,12B25,
1795139,0000950170-25-028273,20250227,GREEN THUMB INDUSTRIES INC.,1-LAF,LAF,CLOSED,CLOSED_OPERATING_NON_SHELL,OPERATING,operating,CLOSED_UNIQUE,2612950000.0,2024-06-30,c3a9ed6c370a46300ff442859e1fd53d0a19afabd58df0ec5974dbe6424690c3,NO_WHITELIST_TOPLINE,,NO_WHITELIST_TOPLINE,,,LAF,CLOSED_PF_GE700,2025-03-03,True,DIRECT,
1796129,0001193125-25-065487,20250327,"VINCERX PHARMA, INC.",4-NON,NAF,CLOSED,CLOSED_OPERATING_NON_SHELL,OPERATING,operating,CLOSED_UNIQUE,21000000.0,2024-06-30,c8493b6f89227debf4adfd907d2096c8c37687a3c020ad5012cf6790902ec4ab,NO_WHITELIST_TOPLINE,,NO_WHITELIST_TOPLINE,,,NAF,CLOSED_PF_LT60,2025-03-31,True,DIRECT,
1796209,0001628280-25-008189,20250226,API GROUP CORP,1-LAF,LAF,CLOSED,CLOSED_OPERATING_NON_SHELL,OPERATING,operating,CLOSED_UNIQUE,8500000000.0,2024-06-30,bcdf0bbc2df0ab9974b332797d9925ae186677f9301a1966c9e1f374d3bdc7d4,CLOSED_UNIQUE,6928000000.0,CLOSED_UNIQUE,6558000000.0,,LAF,CLOSED_PF_GE700,2025-03-03,True,DIRECT,
1798100,0001798100-25-000039,20250224,NETSTREIT CORP.,1-LAF,LAF,CLOSED,CLOSED_OPERATING_NON_SHELL,OPERATING,operating,CLOSED_UNIQUE,1200000000.0,2024-06-30,95b5deefd25cb219e0fc930f9281337e414d4eb82dfebbc429d672612f9c7307,CLOSED_UNIQUE,131905000.0,CLOSED_UNIQUE,96279000.0,,LAF,CLOSED_PF_GE700,2025-03-03,True,DIRECT,
1798749,0001558370-25-003750,20250327,"AEROVATE THERAPEUTICS, INC.",4-NON,NAF,CLOSED,CLOSED_OPERATING_NON_SHELL,OPERATING,operating,CLOSED_UNIQUE,23000000.0,2024-06-30,7d0d4e2b3e17522e047046e93ecb6e700cf398d19aaa972371e5dea8d6a4eebc,NO_WHITELIST_TOPLINE,,NO_WHITELIST_TOPLINE,,,NAF,CLOSED_PF_LT60,2025-03-31,True,DIRECT,
1799011,0001641172-25-000205,20250324,LUCID DIAGNOSTICS INC.,4-NON,NAF,CLOSED,CLOSED_OPERATING_NON_SHELL,OPERATING,operating,CLOSED_UNIQUE,14600000.0,2024-06-30,e965a4294c1d7872fa860e7bfe50b775862341b7379f92c2d2b5816a03366f22,CLOSED_UNIQUE,2428000.0,CLOSED_UNIQUE,377000.0,,NAF,CLOSED_PF_LT60,2025-03-31,True,DIRECT,
1799191,0001799191-25-000014,20250326,"ONCOLOGY INSTITUTE, INC.",4-NON,NAF,CLOSED,CLOSED_OPERATING_NON_SHELL,OPERATING,operating,CLOSED_UNIQUE,34900000.0,2024-06-30,a00b6318744a9d46d9b9d2b5b361e0c79ce5b4fb26cffaeadd388edee74dcfba,CLOSED_UNIQUE,324239000.0,CLOSED_UNIQUE,252483000.0,,NAF,CLOSED_PF_LT60,2025-03-31,True,DIRECT,
1799332,0001493152-25-010404,20250314,GAN LTD,2-ACC,AF,CLOSED,CLOSED_OPERATING_NON_SHELL,OPERATING,operating,CLOSED_UNIQUE,72100000.0,2024-06-30,94f41c8dbafb0e688ac1e6487b107aa1b24025865e56dc9f982446eae3eda17d,CLOSED_UNIQUE,129419000.0,CLOSED_UNIQUE,141528000.0,,AF,CLOSED_PRIOR_ACC_REV_GE80_REMAIN_AF,2025-03-17,True,DIRECT,
1799448,0000950170-25-035929,20250310,"ALIGOS THERAPEUTICS, INC.",4-NON,NAF,CLOSED,CLOSED_OPERATING_NON_SHELL,OPERATING,operating,CLOSED_UNIQUE,38700000.0,2024-06-28,3ac0639bfd211131f4a0c2fef41c679e1e0f2e03386da71c1547a9a4de175987,NO_WHITELIST_TOPLINE,,NO_WHITELIST_TOPLINE,,,NAF,CLOSED_PF_LT60,2025-03-31,True,DIRECT,
1800,0001628280-25-007110,20250221,ABBOTT LABORATORIES,1-LAF,LAF,CLOSED,CLOSED_OPERATING_NON_SHELL,OPERATING,operating,CLOSED_UNIQUE,177073983959.0,2024-06-28,3b6aa73f74f85b7c0c1f15633b97432084a257d5ecf86b07539e7d9617fdcc68,CLOSED_UNIQUE,40109000000.0,CLOSED_UNIQUE,43653000000.0,,LAF,CLOSED_PF_GE700,2025-03-03,True,DIRECT,
1800315,0000950170-25-041981,20250319,"GALECTO, INC.",4-NON,NAF,CLOSED,CLOSED_OPERATING_NON_SHELL,OPERATING,operating,CLOSED_UNIQUE,12300000.0,2024-06-28,6ebc073f1e1cc7fb4697b1f56572723138e856cd86f59b62444f4409a64985fb,NO_WHITELIST_TOPLINE,,NO_WHITELIST_TOPLINE,,,NAF,CLOSED_PF_LT60,2025-03-31,True,DIRECT,
1800373,0001477932-25-003784,20250515,"GOLDENWELL BIOTECH, INC.",4-NON,NAF,CLOSED,CLOSED_OPERATING_NON_SHELL,OPERATING,operating,CLOSED_UNIQUE,9600000.0,2024-06-30,151bef08293942e7ad0ffcc99a57af38d9d543c12b93e88d837e801e7aaf8fd0,CLOSED_UNIQUE,2340.0,CLOSED_UNIQUE,47800.0,2025-04-01,NAF,CLOSED_PF_LT60,2025-03-31,False,LATE,
1800667,0000950170-25-021340,20250214,JFROG LTD,1-LAF,LAF,CLOSED,CLOSED_OPERATING_NON_SHELL,OPERATING,operating,CLOSED_UNIQUE,3500000000.0,2024-06-30,86868a9ec944ab1832c34eecc35a188a2c986d21d7876827c82b34065632a9ca,NO_WHITELIST_TOPLINE,,NO_WHITELIST_TOPLINE,,,LAF,CLOSED_PF_GE700,2025-03-03,True,DIRECT,
1801169,0001801169-25-000017,20250227,OPENDOOR TECHNOLOGIES INC.,1-LAF,LAF,CLOSED,CLOSED_OPERATING_NON_SHELL,OPERATING,operating,CLOSED_UNIQUE,987152401.0,2024-06-30,9b174935e6016a28f2f6c8523c724e6b873f7c6309d311a6cf816ddeb8663cce,CLOSED_UNIQUE,6946000000.0,CLOSED_UNIQUE,15567000000.0,,LAF,CLOSED_PF_GE700,2025-03-03,True,DIRECT,
1801170,0001801170-25-000052,20250303,"CLOVER HEALTH INVESTMENTS, CORP. /DE",2-ACC,AF,CLOSED,CLOSED_OPERATING_NON_SHELL,OPERATING,operating,CLOSED_UNIQUE,610247045.0,2024-06-30,e0dc97741c92c626931f03ed7912b1f30a7d76d2da43eafbf0c60d87a661d236,CLOSED_UNIQUE,2033720000.0,CLOSED_UNIQUE,3476687000.0,,AF,CLOSED_PRIOR_ACC_REV_GE80_REMAIN_AF,2025-03-17,True,DIRECT,
1801368,0001801368-25-000009,20250228,MP MATERIALS CORP. / DE,1-LAF,LAF,CLOSED,CLOSED_OPERATING_NON_SHELL,OPERATING,operating,CLOSED_UNIQUE,1800000000.0,2024-06-30,a15b4cc24c9912534886b69185d3bac23f98ecbf3364164cff11f90ad24a1124,CLOSED_UNIQUE,253445000.0,CLOSED_UNIQUE,527510000.0,,LAF,CLOSED_PF_GE700,2025-03-03,True,DIRECT,
1802450,0000950170-25-054434,20250416,"MSP RECOVERY, INC.",4-NON,NAF,CLOSED,CLOSED_OPERATING_NON_SHELL,OPERATING,operating,CLOSED_UNIQUE,7239020.0,2024-06-30,fe456e6abf35ca298a3466efb686a13900d1bfa8bc6787ba98854a92883657be,NO_WHITELIST_TOPLINE,,NO_FY2022_10K,,2025-03-31,NAF,CLOSED_PF_LT60,2025-03-31,False,LATE,
1802665,0001558370-25-001441,20250225,"HARMONY BIOSCIENCES HOLDINGS, INC.",1-LAF,LAF,CLOSED,CLOSED_OPERATING_NON_SHELL,OPERATING,operating,CLOSED_UNIQUE,903800000.0,2024-06-28,dd75a2a301c5990637a5a534d2c9b3e6f355a2afc46a0855d40893b9cedb3271,NO_WHITELIST_TOPLINE,,NO_WHITELIST_TOPLINE,,,LAF,CLOSED_PF_GE700,2025-03-03,True,DIRECT,
1802768,0001802768-25-000010,20250212,ROYALTY PHARMA PLC,1-LAF,LAF,CLOSED,CLOSED_OPERATING_NON_SHELL,OPERATING,operating,CLOSED_UNIQUE,13100000000.0,2024-06-30,3b8a1c0622fb6b3e430ee0c86f3df96e041870fbf690ca7ab5bcf950f26597a1,NO_WHITELIST_TOPLINE,,NO_WHITELIST_TOPLINE,,,LAF,CLOSED_PF_GE700,2025-03-03,True,DIRECT,
1803696,0000950170-25-023148,20250219,ADEIA INC.,1-LAF,LAF,CLOSED,CLOSED_OPERATING_NON_SHELL,OPERATING,operating,CLOSED_UNIQUE,722283679.0,2024-06-30,e37d7497462d01f00ea53c4e09d6643b284086fbde4dfc999bc8d1ac41a45b8d,CLOSED_UNIQUE,388788000.0,CLOSED_UNIQUE,438933000.0,,LAF,CLOSED_PF_GE700,2025-03-03,True,DIRECT,
1803901,0000950170-25-038107,20250312,"TALKSPACE, INC.",2-ACC,AF,CLOSED,CLOSED_OPERATING_NON_SHELL,OPERATING,operating,CLOSED_UNIQUE,326200000.0,2024-06-30,068b7d5f7fee821fb0142fe1de7920ad1e2935a03bcc719d3ba03b2e93447f41,CLOSED_UNIQUE,150045000.0,CLOSED_UNIQUE,119567000.0,,AF,CLOSED_PRIOR_ACC_REV_GE80_REMAIN_AF,2025-03-17,True,DIRECT,
1803914,0001803914-25-000030,20250313,"PLBY GROUP, INC.",2-ACC,AF,CLOSED,CLOSED_OPERATING_NON_SHELL,OPERATING,operating,CLOSED_UNIQUE,38300000.0,2024-06-30,fc5cf1554134b3068f0f8b90af5b2e54e40b75512ae67e191a9d6e4f20fb0a3f,CLOSED_UNIQUE,142950000.0,CLOSED_UNIQUE,266933000.0,,NAF,CLOSED_PF_LT60,2025-03-31,True,DIRECT,
1803977,0001641172-25-009410,20250509,LIMITLESS X HOLDINGS INC.,4-NON,NAF,CLOSED,CLOSED_OPERATING_NON_SHELL,OPERATING,operating,CLOSED_UNIQUE,115000.0,2024-06-30,1e6e1b06a9443e78b00bccac8ae1c2014cda3b96ff88b413b3a9100d4fc638df,CLOSED_UNIQUE,20056081.0,CLOSED_UNIQUE,58688296.0,2025-04-01,NAF,CLOSED_PF_LT60,2025-03-31,False,LATE,
1804745,0001804745-25-000010,20250226,DRIVEN BRANDS HOLDINGS INC.,1-LAF,LAF,CLOSED,CLOSED_OPERATING_NON_SHELL,OPERATING,operating,CLOSED_UNIQUE,747800000.0,2024-06-29,0d516b49d629be5d7f5386220bedf3ab03c739c1b2e0755c3963438c4e0ba53b,CLOSED_UNIQUE,2304029000.0,CLOSED_UNIQUE,2033194000.0,,LAF,CLOSED_PF_GE700,2025-03-03,True,DIRECT,
1805385,0001628280-25-020355,20250428,"EVOLV TECHNOLOGIES HOLDINGS, INC.",1-LAF,LAF,CLOSED,CLOSED_OPERATING_NON_SHELL,OPERATING,operating,CLOSED_UNIQUE,337900000.0,2024-06-30,fbfad0ceb947853fb984395eca69acb724fb30b82a7618031c8b7002de5b976c,CLOSED_UNIQUE,80418000.0,CLOSED_UNIQUE,55195000.0,2025-03-31,NAF,CLOSED_PRIOR_LAF_CUR80_100_PREV_LT100_EXIT_NAF,2025-03-31,False,LATE,
1805651,0001628280-25-010781,20250306,"MARKETWISE, INC.",4-NON,NAF,CLOSED,CLOSED_OPERATING_NON_SHELL,OPERATING,operating,CLOSED_UNIQUE,45100000.0,2024-06-30,023ffe0a70b5bd99c6cd4a0235ee201c86ea19f941919a3c13f7f04216650d94,CLOSED_UNIQUE,448182000.0,CONFLICTING_WHITELIST_VALUES,,,NAF,CLOSED_PF_LT60,2025-03-31,True,DIRECT,
1806201,0001806201-25-000033,20250331,OPEN LENDING CORP,1-LAF,LAF,CLOSED,CLOSED_OPERATING_NON_SHELL,OPERATING,operating,CLOSED_UNIQUE,500000000.0,2024-06-30,3bfb74bda4c2c98308b8ebb6c0fd140502405899aad0ec20182f8b15b53379cb,CLOSED_UNIQUE,117460000.0,CLOSED_UNIQUE,179594000.0,2025-03-17,AF,CLOSED_PRIOR_LAF_REV_GE100_EXIT_AF,2025-03-17,True,12B25,
1806347,0001558370-25-002804,20250312,WESTROCK COFFEE CO,2-ACC,AF,CLOSED,CLOSED_OPERATING_NON_SHELL,OPERATING,operating,CLOSED_UNIQUE,454200000.0,2024-06-30,ba0433c0b96c5fff7d7e4d73822be92c7998ce250cce1334e4b35a8fe63431d5,CLOSED_UNIQUE,864714000.0,CLOSED_UNIQUE,867872000.0,,AF,CLOSED_PRIOR_ACC_REV_GE80_REMAIN_AF,2025-03-17,True,DIRECT,
1806837,0001558370-25-001820,20250227,"VERTEX, INC.",1-LAF,LAF,CLOSED,CLOSED_OPERATING_NON_SHELL,OPERATING,operating,CLOSED_UNIQUE,2080796194.0,2024-06-30,22cd8183a35367c67520c99180ec2ce8ad9cb6ae9e4342b37dedf77347a21faf,CLOSED_UNIQUE,572387000.0,CLOSED_UNIQUE,491624000.0,,LAF,CLOSED_PF_GE700,2025-03-03,True,DIRECT,
1806952,0001628280-25-011978,20250311,"LYELL IMMUNOPHARMA, INC.",1-LAF,LAF,CLOSED,CLOSED_OPERATING_NON_SHELL,OPERATING,operating,CLOSED_UNIQUE,306000000.0,2024-06-28,d2a9b0eafcddea8eafdb6d47cc354c848e32ea03014e894377e1bb291765c007,CLOSED_UNIQUE,130000.0,CLOSED_UNIQUE,84683000.0,,NAF,CLOSED_PRIOR_LAF_REV_LT80_EXIT_NAF,2025-03-31,True,DIRECT,
1807616,0001213900-25-040214,20250506,HI-GREAT GROUP HOLDING CO,4-NON,NAF,CLOSED,CLOSED_OPERATING_NON_SHELL,OPERATING,operating,CLOSED_UNIQUE,0.0,2024-06-30,97d88ea4b3a3a6517c8f4f93cfcaaea3d99f35f757348d475ac03cbb188992b1,CLOSED_UNIQUE,109491.0,CLOSED_UNIQUE,207854.0,2025-03-25,NAF,CLOSED_PF_LT60,2025-03-31,False,LATE,
1807893,0001079973-25-000367,20250310,"STANDARD PREMIUM FINANCE HOLDINGS, INC.",4-NON,NAF,CLOSED,CLOSED_OPERATING_NON_SHELL,OPERATING,operating,CLOSED_UNIQUE,4309009.0,2024-06-30,6fa9174138d582bb73037fa451bfe2191374a48917dc072f5f59b8c1475aff03,CLOSED_UNIQUE,9723010.0,CLOSED_UNIQUE,8156537.0,,NAF,CLOSED_PF_LT60,2025-03-31,True,DIRECT,
1808220,0001808220-25-000010,20250227,"GOHEALTH, INC.",2-ACC,AF,CLOSED,CLOSED_OPERATING_NON_SHELL,OPERATING,operating,CLOSED_UNIQUE,50600000.0,2024-06-30,ff02658a6b83b1a80797b1a364db70f29e0fbfd5e20816dbea7d302750c69a80,CLOSED_UNIQUE,734671000.0,CLOSED_UNIQUE,631675000.0,,NAF,CLOSED_PF_LT60,2025-03-31,True,DIRECT,
1808377,0001829126-25-002025,20250324,INNOVATIVE EYEWEAR INC,4-NON,NAF,CLOSED,CLOSED_OPERATING_NON_SHELL,OPERATING,operating,CLOSED_UNIQUE,12549000.0,2024-06-30,2c248453e191b5adeec39485e7a02551d5b8d2f3e95f412611a6387973804bb3,NO_WHITELIST_TOPLINE,,NO_WHITELIST_TOPLINE,,,NAF,CLOSED_PF_LT60,2025-03-31,True,DIRECT,
1808665,0001808665-25-000009,20250312,"ASSERTIO HOLDINGS, INC.",2-ACC,AF,CLOSED,CLOSED_OPERATING_NON_SHELL,OPERATING,operating,CLOSED_UNIQUE,116100000.0,2024-06-30,cb5a2db38f407eace5b16718c66f4c431376055341b87663052164bea8cad93e,CLOSED_UNIQUE,152069000.0,CLOSED_UNIQUE,156234000.0,,AF,CLOSED_PRIOR_ACC_REV_GE80_REMAIN_AF,2025-03-17,True,DIRECT,
1808834,0001808834-25-000009,20250219,"PROG HOLDINGS, INC.",1-LAF,LAF,CLOSED,CLOSED_OPERATING_NON_SHELL,OPERATING,operating,CLOSED_UNIQUE,923341852.0,2024-06-30,1f917e0d7cb09bdcd777273c27a438003d5203198a08ee08c082578006f46f01,CLOSED_UNIQUE,2408264000.0,CLOSED_UNIQUE,2597826000.0,,LAF,CLOSED_PF_GE700,2025-03-03,True,DIRECT,
1808865,0000950170-25-033066,20250305,"ITEOS THERAPEUTICS, INC.",2-ACC,AF,CLOSED,CLOSED_OPERATING_NON_SHELL,OPERATING,operating,CLOSED_UNIQUE,493900000.0,2024-06-28,38da3441b866642ec65a4f7376158924e74667b1b1559d64657976c27ee65641,CLOSED_UNIQUE,12595000.0,CLOSED_UNIQUE,267630000.0,,NAF,CLOSED_PRIOR_ACC_REV_LT80_EXIT_NAF,2025-03-31,True,DIRECT,
1809104,0001809104-25-000062,20250227,"ALIGHT, INC. / DELAWARE",1-LAF,LAF,CLOSED,CLOSED_OPERATING_NON_SHELL,OPERATING,operating,CLOSED_UNIQUE,3103536942.0,2024-06-28,9bfd3591c9f90c6ee7635b8d3ebe330ed96d3435f2e2adc817eca5897e6ec10e,CLOSED_UNIQUE,3410000000.0,CLOSED_UNIQUE,3132000000.0,,LAF,CLOSED_PF_GE700,2025-03-03,True,DIRECT,
1809519,0001809519-25-000040,20250227,"GOODRX HOLDINGS, INC.",2-ACC,AF,CLOSED,CLOSED_OPERATING_NON_SHELL,OPERATING,operating,CLOSED_UNIQUE,646300000.0,2024-06-30,53c8a45c1b48694680d122391407bba9e41bb7bac3b324935a25bbaf5be7e160,CLOSED_UNIQUE,750265000.0,CLOSED_UNIQUE,766554000.0,,AF,CLOSED_PRIOR_ACC_REV_GE80_REMAIN_AF,2025-03-17,True,DIRECT,
1809750,0001477932-25-002281,20250401,EDIBLE GARDEN AG INC,4-NON,NAF,CLOSED,CLOSED_OPERATING_NON_SHELL,OPERATING,operating,CLOSED_UNIQUE,4100000.0,2024-06-30,52f36be2aedabb52e199e15b6de4c3846d0d5ff7883caf9515e6187ceac2619f,CLOSED_UNIQUE,14049000.0,CLOSED_UNIQUE,11552000.0,2025-04-01,NAF,CLOSED_PF_LT60,2025-03-31,True,12B25,
1809987,0001628280-25-008233,20250226,"MIRION TECHNOLOGIES, INC.",1-LAF,LAF,CLOSED,CLOSED_OPERATING_NON_SHELL,OPERATING,operating,CLOSED_UNIQUE,2250000000.0,2024-06-28,0aa1a837316ddeacd0055b12d633c55a5a6089004c51a2b495eb8ec590bd334f,CLOSED_UNIQUE,800900000.0,CLOSED_UNIQUE,717800000.0,,LAF,CLOSED_PF_GE700,2025-03-03,True,DIRECT,
1810019,0001810019-25-000043,20250321,"RACKSPACE TECHNOLOGY, INC.",2-ACC,AF,CLOSED,CLOSED_OPERATING_NON_SHELL,OPERATING,operating,CLOSED_UNIQUE,201000000.0,2024-06-30,77c99e9431bb1097b6d60bf4e307bd2c6a2f8c1d4508e0026ebc30beadf7789e,CLOSED_UNIQUE,2957100000.0,CLOSED_UNIQUE,3122300000.0,2025-03-18,AF,CLOSED_PRIOR_ACC_REV_GE80_REMAIN_AF,2025-03-17,True,12B25,
1810546,0001628280-25-008583,20250227,"EASTERN BANKSHARES, INC.",1-LAF,LAF,CLOSED,CLOSED_OPERATING_NON_SHELL,OPERATING,operating,CLOSED_UNIQUE,2154740951.0,2024-06-30,bdd73bd55c2e8b44e2cf78af6ed02339d7b6c853e1bfce2eb08684d13ae2bd8d,NO_WHITELIST_TOPLINE,,NO_WHITELIST_TOPLINE,,,LAF,CLOSED_PF_GE700,2025-03-03,True,DIRECT,
1810560,0000950170-25-034584,20250306,"REVELATION BIOSCIENCES, INC.",4-NON,NAF,CLOSED,CLOSED_OPERATING_NON_SHELL,OPERATING,operating,CLOSED_UNIQUE,3131850.0,2024-06-30,16bbc7b33f09035aecbd821e647a90878275748f68a04a13967ed355963e9d38,NO_WHITELIST_TOPLINE,,NO_WHITELIST_TOPLINE,,,NAF,CLOSED_PF_LT60,2025-03-31,True,DIRECT,
1810806,0001810806-25-000026,20250221,UNITY SOFTWARE INC.,1-LAF,LAF,CLOSED,CLOSED_OPERATING_NON_SHELL,OPERATING,operating,CLOSED_UNIQUE,5600000000.0,2024-06-28,054e05be35ad225e062455e35d1e2fdbef6d7ce56db6a9089377b89f1a942b26,CLOSED_UNIQUE,2187317000.0,CLOSED_UNIQUE,1391024000.0,,LAF,CLOSED_PF_GE700,2025-03-03,True,DIRECT,
1811063,0000950170-25-034903,20250306,NUVATION BIO INC.,4-NON,NAF,CLOSED,CLOSED_OPERATING_NON_SHELL,OPERATING,operating,CLOSED_UNIQUE,522742050000.0,2024-06-30,1369b8ab921d4ffcd73b344db2c8d507ac0824c6fa0f56f5e08dd4d05695997b,NO_WHITELIST_TOPLINE,,NO_WHITELIST_TOPLINE,,,LAF,CLOSED_PF_GE700,2025-03-03,False,LATE,
1811074,0001811074-25-000044,20250219,TEXAS PACIFIC LAND CORP,1-LAF,LAF,CLOSED,CLOSED_OPERATING_NON_SHELL,OPERATING,operating,CLOSED_UNIQUE,10900000000.0,2024-06-30,a0b163e6f05e106bd7c15c64f80c45b68d15d2fd1d1c174d2e1b6779a3024fa5,CLOSED_UNIQUE,631595000.0,CLOSED_UNIQUE,667422000.0,,LAF,CLOSED_PF_GE700,2025-03-03,True,DIRECT,
1811210,0001628280-25-007725,20250225,"LUCID GROUP, INC.",1-LAF,LAF,CLOSED,CLOSED_OPERATING_NON_SHELL,OPERATING,operating,CLOSED_UNIQUE,2400000000.0,2024-06-28,d781d8dca02d552a1d6da8bfb509cc31473db8a7d24f337b4c8a7bcf4a0124fd,CLOSED_UNIQUE,595271000.0,CLOSED_UNIQUE,608181000.0,,LAF,CLOSED_PF_GE700,2025-03-03,True,DIRECT,
1811414,0000950170-25-027308,20250226,QUANTUMSCAPE CORP,1-LAF,LAF,CLOSED,CLOSED_OPERATING_NON_SHELL,OPERATING,operating,CLOSED_UNIQUE,1800000000.0,2024-06-30,41a18fcadb1a7943836d85188a74be5dfe9a8b83498897d9a31fbcda0734f2b2,NO_WHITELIST_TOPLINE,,NO_WHITELIST_TOPLINE,,,LAF,CLOSED_PF_GE700,2025-03-03,True,DIRECT,
1812173,0001213900-25-024588,20250317,VICARIOUS SURGICAL INC.,4-NON,NAF,CLOSED,CLOSED_OPERATING_NON_SHELL,OPERATING,operating,CLOSED_UNIQUE,30100000.0,2024-06-30,1fa4235b19342d62077647dbc0df099dd84c5735dbdf69648eb9634ec52d0172,NO_WHITELIST_TOPLINE,,NO_WHITELIST_TOPLINE,,,NAF,CLOSED_PF_LT60,2025-03-31,True,DIRECT,
1812360,0001641172-25-004858,20250415,FOXO TECHNOLOGIES INC.,4-NON,NAF,CLOSED,CLOSED_OPERATING_NON_SHELL,OPERATING,operating,CLOSED_UNIQUE,2653834.0,2024-06-30,e66f1e87d0cada981a74d05a740418dad790a4815c33f9407f4e418a4b0899aa,CLOSED_UNIQUE,145000.0,CLOSED_UNIQUE,511000.0,2025-03-31,NAF,CLOSED_PF_LT60,2025-03-31,True,12B25,
1812364,0000950170-25-027756,20250226,"RELAY THERAPEUTICS, INC.",1-LAF,LAF,CLOSED,CLOSED_OPERATING_NON_SHELL,OPERATING,operating,CLOSED_UNIQUE,859300000.0,2024-06-30,3cbfe6adcf44e2fc55b658cb134c154c5bdef41f4fa65639d28e728ec0fd4937,CLOSED_UNIQUE,25546000.0,CLOSED_UNIQUE,1381000.0,,LAF,CLOSED_PF_GE700,2025-03-03,True,DIRECT,
1815442,0000950170-25-028355,20250227,"KYMERA THERAPEUTICS, INC.",1-LAF,LAF,CLOSED,CLOSED_OPERATING_NON_SHELL,OPERATING,operating,CLOSED_UNIQUE,1146000000.0,2024-06-28,ecc828dc695fafe5f1026afcb37a84914da00bf5de1d6e3433e6ac00a8935f81,NO_WHITELIST_TOPLINE,,NO_WHITELIST_TOPLINE,,,LAF,CLOSED_PF_GE700,2025-03-03,True,DIRECT,
1815849,0001815849-25-000015,20250318,"ATI PHYSICAL THERAPY, INC.",4-NON,NAF,CLOSED,CLOSED_OPERATING_NON_SHELL,OPERATING,operating,CLOSED_UNIQUE,7500000.0,2024-06-30,4b0e722f1c8d92c46b5571fb7b402b5914a1ef14f7ec7dbd608eb831fc3611fc,CLOSED_UNIQUE,699016000.0,CLOSED_UNIQUE,635671000.0,,NAF,CLOSED_PF_LT60,2025-03-31,True,DIRECT,
1815903,0001410578-25-000579,20250331,"PETROS PHARMACEUTICALS, INC.",4-NON,NAF,CLOSED,CLOSED_OPERATING_NON_SHELL,OPERATING,operating,CLOSED_UNIQUE,3948512.0,2024-06-30,1c0665b657d4cf8a1160b9fa6c64d6da7cac580e53a9ce24dfcfc90cd73cb663,CLOSED_UNIQUE,5822388.0,CLOSED_UNIQUE,5992054.0,,NAF,CLOSED_PF_LT60,2025-03-31,True,DIRECT,
1816736,0000950170-25-028390,20250227,"DISC MEDICINE, INC.",4-NON,NAF,CLOSED,CLOSED_OPERATING_NON_SHELL,OPERATING,operating,CLOSED_UNIQUE,983000000.0,2024-06-30,66111eaefac586b67b097b4ed084c94736e50f88c54730af4041b670e29f57bb,NO_WHITELIST_TOPLINE,,NO_WHITELIST_TOPLINE,,,LAF,CLOSED_PF_GE700,2025-03-03,True,DIRECT,
1817004,0001641172-25-000939,20250327,"NEXTNRG, INC.",4-NON,NAF,CLOSED,CLOSED_OPERATING_NON_SHELL,OPERATING,operating,CLOSED_UNIQUE,3559026.0,2024-06-28,a2f973d7fd720921ec28ccfd30442b58d0510e14754039f6be85bc0f595dd46a,NO_WHITELIST_TOPLINE,,CLOSED_UNIQUE,15044721.0,,NAF,CLOSED_PF_LT60,2025-03-31,True,DIRECT,
1817229,0000950170-25-042623,20250320,VOR BIOPHARMA INC.,4-NON,NAF,CLOSED,CLOSED_OPERATING_NON_SHELL,OPERATING,operating,CLOSED_UNIQUE,44896947.0,2024-06-28,53cc638040ad693239f87105af133b8c636aa1d204fd04a3f10502f240e4e34b,NO_WHITELIST_TOPLINE,,NO_WHITELIST_TOPLINE,,,NAF,CLOSED_PF_LT60,2025-03-31,True,DIRECT,
1817232,0001213900-25-026224,20250331,GLOBAL GAS CORP,4-NON,NAF,CLOSED,CLOSED_OPERATING_NON_SHELL,OPERATING,operating,CLOSED_UNIQUE,100000.0,2024-06-28,79dffe1e8c150f67982217c0a1eb6acf0124a8d549a2bca5a8e59bdfd67d3a4d,NO_WHITELIST_TOPLINE,,NO_WHITELIST_TOPLINE,,,NAF,CLOSED_PF_LT60,2025-03-31,True,DIRECT,
1817713,0000950170-25-029177,20250227,"JANUX THERAPEUTICS, INC.",4-NON,NAF,CLOSED,CLOSED_OPERATING_NON_SHELL,OPERATING,operating,CLOSED_UNIQUE,1300000000.0,2024-06-28,11b1128a9a73904225c9f2a2f447cc5e34b6880b2f349278ab63b031dc39ce82,NO_WHITELIST_TOPLINE,,NO_WHITELIST_TOPLINE,,,LAF,CLOSED_PF_GE700,2025-03-03,True,DIRECT,
1817760,0001558370-25-004151,20250331,"SMARTKEM, INC.",4-NON,NAF,CLOSED,CLOSED_OPERATING_NON_SHELL,OPERATING,operating,CLOSED_UNIQUE,9705409.0,2024-06-30,eab175f01c58d70d009b57b9424afce8aaad2f2fa1f05ca748c96d492758e9bd,CLOSED_UNIQUE,27000.0,CLOSED_UNIQUE,40000.0,,NAF,CLOSED_PF_LT60,2025-03-31,True,DIRECT,
1818201,0000950170-25-026848,20250225,CCC INTELLIGENT SOLUTIONS HOLDINGS INC.,1-LAF,LAF,CLOSED,CLOSED_OPERATING_NON_SHELL,OPERATING,operating,CLOSED_UNIQUE,4483000000.0,2024-06-30,4381dc8a6a518efa875b235871b8acfb3e03a88a3dfe4b0cf0ad46b8c5b74ba3,CLOSED_UNIQUE,866378000.0,CLOSED_UNIQUE,782448000.0,,LAF,CLOSED_PF_GE700,2025-03-03,True,DIRECT,
1818331,0001818331-25-000021,20250220,GENEDX HOLDINGS CORP.,2-ACC,AF,CLOSED,CLOSED_OPERATING_NON_SHELL,OPERATING,operating,CLOSED_UNIQUE,432000000.0,2024-06-28,62712c0805b5de27194a855a91159da5164e842cfd8be79ff9d8bd2f1a1f6535,CLOSED_UNIQUE,202566000.0,CLOSED_UNIQUE,234694000.0,,AF,CLOSED_PRIOR_ACC_REV_GE80_REMAIN_AF,2025-03-17,True,DIRECT,
1818383,0001818383-25-000022,20250224,"MEDIAALPHA, INC.",2-ACC,AF,CLOSED,CLOSED_OPERATING_NON_SHELL,OPERATING,operating,CLOSED_UNIQUE,443800000.0,2024-06-30,12e1b48d1e0d433e587a5e05b06e5add5eeb2650b085c56a8e98e5067189938b,CLOSED_UNIQUE,388149000.0,CLOSED_UNIQUE,459072000.0,,AF,CLOSED_PRIOR_ACC_REV_GE80_REMAIN_AF,2025-03-17,True,DIRECT,
1818502,0001818502-25-000003,20250311,OPPFI INC.,4-NON,NAF,CLOSED,CLOSED_OPERATING_NON_SHELL,OPERATING,operating,CLOSED_UNIQUE,59054410.0,2024-06-30,918df300b718e6bbaa0e3907c2712211687b4ffb59505ed1e79ac93b274f6e66,CLOSED_UNIQUE,273182000.0,CLOSED_UNIQUE,216960000.0,,NAF,CLOSED_PF_LT60,2025-03-31,True,DIRECT,
1818644,0001437749-25-004906,20250224,"AEYE, INC.",4-NON,NAF,CLOSED,CLOSED_OPERATING_NON_SHELL,OPERATING,operating,CLOSED_UNIQUE,15000000.0,2024-06-30,c49949e69aacfcd5b65ae5a902a74ebba774c72a63ddb1db04a33a4394342558,CLOSED_UNIQUE,1464000.0,CLOSED_UNIQUE,3647000.0,,NAF,CLOSED_PF_LT60,2025-03-31,True,DIRECT,
1818794,0000950170-25-028356,20250227,"DYNE THERAPEUTICS, INC.",4-NON,NAF,CLOSED,CLOSED_OPERATING_NON_SHELL,OPERATING,operating,CLOSED_UNIQUE,3000000000.0,2024-06-28,26d36c08d8044f21550cadfa3624285982ef941a0507c4bbd9ebb4289fbd00ab,NO_WHITELIST_TOPLINE,,NO_WHITELIST_TOPLINE,,,LAF,CLOSED_PF_GE700,2025-03-03,True,DIRECT,
1818844,0001558370-25-004167,20250331,"DOGWOOD THERAPEUTICS, INC.",4-NON,NAF,CLOSED,CLOSED_OPERATING_NON_SHELL,OPERATING,operating,CLOSED_UNIQUE,5755555.38,2024-06-30,a10f84433fdf2b17cb12ddae0c69ecd94cd935da9a2ce6ef6cac809878322357,NO_WHITELIST_TOPLINE,,NO_WHITELIST_TOPLINE,,,NAF,CLOSED_PF_LT60,2025-03-31,True,DIRECT,
1818874,0001818874-25-000016,20250224,"SOFI TECHNOLOGIES, INC.",1-LAF,LAF,CLOSED,CLOSED_OPERATING_NON_SHELL,OPERATING,operating,CLOSED_UNIQUE,6700000000.0,2024-06-30,5e44724973f24aef5c85bbd8516795d3bd97e6a9fa938890dd2f2426adc6435e,CLOSED_UNIQUE,2122789000.0,CLOSED_UNIQUE,1573535000.0,,LAF,CLOSED_PF_GE700,2025-03-03,True,DIRECT,
1819133,0000950170-25-028353,20250227,"TANGO THERAPEUTICS, INC.",4-NON,NAF,CLOSED,CLOSED_OPERATING_NON_SHELL,OPERATING,operating,CLOSED_UNIQUE,855100000.0,2024-06-28,a382645de577df8372526328692fe7a2fac21db868f9e83213898d3e61528d63,NO_WHITELIST_TOPLINE,,CLOSED_UNIQUE,24860000.0,,LAF,CLOSED_PF_GE700,2025-03-03,True,DIRECT,
1819253,0000950170-25-039394,20250314,BIOTE CORP.,2-ACC,AF,CLOSED,CLOSED_OPERATING_NON_SHELL,OPERATING,operating,CLOSED_UNIQUE,214200000.0,2024-06-28,4cd594cfd10503afdc15b5bb2c3e5ec0d717c5d88e375a4e854e575e37f5d7f9,CLOSED_UNIQUE,185360000.0,CLOSED_UNIQUE,164957000.0,,AF,CLOSED_PRIOR_ACC_REV_GE80_REMAIN_AF,2025-03-17,True,DIRECT,
1819394,0001819394-25-000007,20250226,"MATTERPORT, INC./DE",1-LAF,LAF,CLOSED,CLOSED_OPERATING_NON_SHELL,OPERATING,operating,CLOSED_UNIQUE,1300000000.0,2024-06-30,a6ae2a65d5e7320cc65c776b21b080dfe43b14d5b24862ff3be6f7b4c2706858,CLOSED_UNIQUE,157748000.0,CLOSED_UNIQUE,136125000.0,,LAF,CLOSED_PF_GE700,2025-03-03,True,DIRECT,
1819404,0001819404-25-000009,20250227,NERDY INC.,2-ACC,AF,CLOSED,CLOSED_OPERATING_NON_SHELL,OPERATING,operating,CLOSED_UNIQUE,123755346.0,2024-06-30,5bf12eb74f73af15abdef26243fc88d84628eec552b051559291e5f5b40f49ab,CLOSED_UNIQUE,193399000.0,CLOSED_UNIQUE,162665000.0,,AF,CLOSED_PRIOR_ACC_REV_GE80_REMAIN_AF,2025-03-17,True,DIRECT,
1819411,0001558370-25-003823,20250327,"GAIN THERAPEUTICS, INC.",4-NON,NAF,CLOSED,CLOSED_OPERATING_NON_SHELL,OPERATING,operating,CLOSED_UNIQUE,30800000.0,2024-06-30,5ed6721a63db6e0bb66806dc2c0b18a1e28969a819d5403a708339c442e4bbb9,CLOSED_UNIQUE,55180.0,CLOSED_UNIQUE,140108.0,,NAF,CLOSED_PF_LT60,2025-03-31,True,DIRECT,
1819516,0001819516-25-000012,20250311,WHEELS UP EXPERIENCE INC.,4-NON,NAF,CLOSED,CLOSED_OPERATING_NON_SHELL,OPERATING,operating,CLOSED_UNIQUE,168700000.0,2024-06-30,e705f80b6044fb2ed9f48395e129c6c0149c48adc00c7af3f4d0be26886ea4f4,CLOSED_UNIQUE,1253317000.0,CLOSED_UNIQUE,1579760000.0,,AF,CLOSED_PRIOR_NON_REV_GE100_ENTER_AF,2025-03-17,True,DIRECT,
1819790,0001819790-25-000011,20250225,"TARSUS PHARMACEUTICALS, INC.",4-NON,NAF,CLOSED,CLOSED_OPERATING_NON_SHELL,OPERATING,operating,CLOSED_UNIQUE,996000000.0,2024-06-30,168ad4b739331eb7c833f99a88dd86eeae87da97c0ecb0c8ae914c03679cd0e2,CLOSED_UNIQUE,17447000.0,CLOSED_UNIQUE,25816000.0,,LAF,CLOSED_PF_GE700,2025-03-03,True,DIRECT,
1819796,0001819796-25-000006,20250221,GCM GROSVENOR INC.,2-ACC,AF,CLOSED,CLOSED_OPERATING_NON_SHELL,OPERATING,operating,CLOSED_UNIQUE,423700000.0,2024-06-28,4e1cfc6b54d79092346d3468c9d4129849ffd853d9c38dce228b851cd26e59e1,CLOSED_UNIQUE,444999000.0,CLOSED_UNIQUE,446530000.0,,AF,CLOSED_PRIOR_ACC_REV_GE80_REMAIN_AF,2025-03-17,True,DIRECT,
1819810,0001819810-25-000063,20250311,REDWIRE CORP,4-NON,NAF,CLOSED,CLOSED_OPERATING_NON_SHELL,OPERATING,operating,CLOSED_UNIQUE,172100000.0,2024-06-30,0373f369270ed82d0ddb82c9136036ec2c71ac8574eae1110b0e4c4b35912321,CLOSED_UNIQUE,243800000.0,CLOSED_UNIQUE,160549000.0,,AF,CLOSED_PRIOR_NON_REV_GE100_ENTER_AF,2025-03-17,True,DIRECT,
1819848,0001819848-25-000196,20250227,"JOBY AVIATION, INC.",1-LAF,LAF,CLOSED,CLOSED_OPERATING_NON_SHELL,OPERATING,operating,CLOSED_UNIQUE,3030000000.0,2024-06-30,bfd69e394ba4799e89551f74d4ec33537a3fc19a388208b83a1043c10c38a791,NO_WHITELIST_TOPLINE,,NO_WHITELIST_TOPLINE,,,LAF,CLOSED_PF_GE700,2025-03-03,True,DIRECT,
1819928,0001558370-25-001814,20250227,"DOUBLEVERIFY HOLDINGS, INC.",1-LAF,LAF,CLOSED,CLOSED_OPERATING_NON_SHELL,OPERATING,operating,CLOSED_UNIQUE,2808491095.0,2024-06-30,5ff9a2af30e6e859d1fe7f4eda5264e6270afa8995e8765abb0b3b2352952c51,CLOSED_UNIQUE,572543000.0,CLOSED_UNIQUE,452418000.0,,LAF,CLOSED_PF_GE700,2025-03-03,True,DIRECT,
1819974,0001819974-25-000010,20250314,"SKYWATER TECHNOLOGY, INC",2-ACC,AF,CLOSED,CLOSED_OPERATING_NON_SHELL,OPERATING,operating,CLOSED_UNIQUE,207500000.0,2024-06-28,db85093bca963aecfbeb599aacab49c75644298297d0dbfc35bce641843393bd,CLOSED_UNIQUE,286682000.0,CLOSED_UNIQUE,212941000.0,,AF,CLOSED_PRIOR_ACC_REV_GE80_REMAIN_AF,2025-03-17,True,DIRECT,
1819989,0001819989-25-000005,20250225,CIPHER MINING INC.,4-NON,NAF,CLOSED,CLOSED_OPERATING_NON_SHELL,OPERATING,operating,CLOSED_UNIQUE,874700000.0,2024-06-28,f78051172c947d2a200aa90145b420b2b672171375943c7b35b9b902a1e3c733,NO_WHITELIST_TOPLINE,,NO_WHITELIST_TOPLINE,,,LAF,CLOSED_PF_GE700,2025-03-03,True,DIRECT,
1820302,0001628280-25-013959,20250320,"BAKKT HOLDINGS, INC.",4-NON,NAF,CLOSED,CLOSED_OPERATING_NON_SHELL,OPERATING,operating,CLOSED_UNIQUE,107500000.0,2024-06-30,0d92da8f6968392e216bc032eab2a8b68ebdfeabf5447b7170b03d0e704d768a,CLOSED_UNIQUE,780136000.0,NO_WHITELIST_TOPLINE,,2025-03-17,AF,CLOSED_PRIOR_NON_REV_GE100_ENTER_AF,2025-03-17,True,12B25,
1820566,0001820566-25-000031,20250326,INSPIRATO INC,4-NON,NAF,CLOSED,CLOSED_OPERATING_NON_SHELL,OPERATING,operating,CLOSED_UNIQUE,6700000.0,2024-06-30,62f349b9158764f66817b6d27096971effb39aebb33df60ac71d1f464458656a,CLOSED_UNIQUE,329100000.0,CLOSED_UNIQUE,345530000.0,,NAF,CLOSED_PF_LT60,2025-03-31,True,DIRECT,
1820721,0001820721-25-000023,20250303,"ARRAY TECHNOLOGIES, INC.",1-LAF,LAF,CLOSED,CLOSED_OPERATING_NON_SHELL,OPERATING,operating,CLOSED_UNIQUE,1373224440.0,2024-06-30,c77111974f419578ddabc1717e9b66a43faa1fe10b9e1128fc1a3df809f093ee,CLOSED_UNIQUE,1576551000.0,CLOSED_UNIQUE,1637546000.0,,LAF,CLOSED_PF_GE700,2025-03-03,True,DIRECT,
1820872,0001628280-25-011370,20250307,"GLOBAL BUSINESS TRAVEL GROUP, INC.",2-ACC,AF,CLOSED,CLOSED_OPERATING_NON_SHELL,OPERATING,operating,CLOSED_UNIQUE,681000000.0,2024-06-30,3067207cd882b026229cee9ada67e2d4828c0b2f08d66843e079467cc23f21d5,CLOSED_UNIQUE,2290000000.0,CLOSED_UNIQUE,1851000000.0,,AF,CLOSED_PRIOR_ACC_REV_GE80_REMAIN_AF,2025-03-17,True,DIRECT,
1820875,0001829126-25-002438,20250407,CXAPP INC.,4-NON,NAF,CLOSED,CLOSED_OPERATING_NON_SHELL,OPERATING,operating,CLOSED_UNIQUE,30839257.0,2024-06-30,cbed293be9eb4bdf8f26920403ffa118482607fd9b50a3242315e150b2854cff,NO_WHITELIST_TOPLINE,,NO_WHITELIST_TOPLINE,,2025-03-31,NAF,CLOSED_PF_LT60,2025-03-31,True,12B25,
1821159,0001558370-25-002400,20250306,EVGO INC.,4-NON,NAF,CLOSED,CLOSED_OPERATING_NON_SHELL,OPERATING,operating,CLOSED_UNIQUE,245500000.0,2024-06-30,e52d89eff2a02f395bebb8bd9c0aae8ffc63560f693627782d7ad799baaab1dc,CLOSED_UNIQUE,160953000.0,CONFLICTING_WHITELIST_VALUES,,,AF,CLOSED_PRIOR_NON_REV_GE100_ENTER_AF,2025-03-17,True,DIRECT,
1821160,0001821160-25-000007,20250307,GUILD HOLDINGS CO,2-ACC,AF,CLOSED,CLOSED_OPERATING_NON_SHELL,OPERATING,operating,CLOSED_UNIQUE,198900000.0,2024-06-30,f370686c66b258335dea95e54f0197d6999f14b07a1a20de6263768941bf0d72,CLOSED_UNIQUE,655187000.0,CLOSED_UNIQUE,1164821000.0,,AF,CLOSED_PRIOR_ACC_REV_GE80_REMAIN_AF,2025-03-17,True,DIRECT,
1821175,0001493152-25-011033,20250320,MOTORSPORT GAMES INC.,4-NON,NAF,CLOSED,CLOSED_OPERATING_NON_SHELL,OPERATING,operating,CLOSED_UNIQUE,2969200.0,2024-06-30,247a8439ab7137790c500cb05f4be0b7589a5598d7d758e7dc7771d73d677a6a,CLOSED_UNIQUE,6909674.0,CLOSED_UNIQUE,10324559.0,,NAF,CLOSED_PF_LT60,2025-03-31,True,DIRECT,
1821586,0001821586-25-000006,20250226,MOONLAKE IMMUNOTHERAPEUTICS,1-LAF,LAF,CLOSED,CLOSED_OPERATING_NON_SHELL,OPERATING,operating,CLOSED_UNIQUE,1140000000.0,2024-06-30,e1fba2ab0bffe9aae4069a3725511c8347770fe04c15dc363745775ff5ef31ec,NO_WHITELIST_TOPLINE,,NO_WHITELIST_TOPLINE,,,LAF,CLOSED_PF_GE700,2025-03-03,True,DIRECT,
1821825,0001821825-25-000006,20250228,ORGANON & CO.,1-LAF,LAF,CLOSED,CLOSED_OPERATING_NON_SHELL,OPERATING,operating,CLOSED_UNIQUE,5300000000.0,2024-06-30,0a56a920ae2fcc3070e8950a4d75339e5fc143449e3b6f8b5d92839a13092085,CLOSED_UNIQUE,6263000000.0,CLOSED_UNIQUE,6174000000.0,,LAF,CLOSED_PF_GE700,2025-03-03,True,DIRECT,
1822479,0001822479-25-000015,20250227,SOTERA HEALTH CO,1-LAF,LAF,CLOSED,CLOSED_OPERATING_NON_SHELL,OPERATING,operating,CLOSED_UNIQUE,1524907421.0,2024-06-28,61ff4b48b363c0e6a6c66648b53320a13e3a33e3dcdb55483567ccfd6b1ccafb,CLOSED_UNIQUE,1049288000.0,CLOSED_UNIQUE,1003687000.0,,LAF,CLOSED_PF_GE700,2025-03-03,True,DIRECT,
1822492,0001822492-25-000050,20250220,HILLMAN SOLUTIONS CORP.,1-LAF,LAF,CLOSED,CLOSED_OPERATING_NON_SHELL,OPERATING,operating,CLOSED_UNIQUE,1723000000.0,2024-06-29,f2941cc6f854d244c72865581b78fb0238a6badaa298258d806c177a14f5d9bf,CLOSED_UNIQUE,1476477000.0,CLOSED_UNIQUE,1486328000.0,,LAF,CLOSED_PF_GE700,2025-03-03,True,DIRECT,
1822791,0001437749-25-008956,20250324,CLENE INC.,4-NON,NAF,CLOSED,CLOSED_OPERATING_NON_SHELL,OPERATING,operating,CLOSED_UNIQUE,36000000.0,2024-06-30,610dbb08abdd60ba5d6753a3a19a1692262c4f6a91c0473ee6768f42ba89cec8,CLOSED_UNIQUE,654000.0,CLOSED_UNIQUE,473000.0,,NAF,CLOSED_PF_LT60,2025-03-31,True,DIRECT,
1822928,0001437749-25-007614,20250314,HOLLEY INC.,2-ACC,AF,CLOSED,CLOSED_OPERATING_NON_SHELL,OPERATING,operating,CLOSED_UNIQUE,155000000.0,2024-06-30,c530ef11bbb8f4c3b2609203b3e2bafc6a506b48c7db051bebd3d0a672d0adee,CLOSED_UNIQUE,659704000.0,CLOSED_UNIQUE,688415000.0,,AF,CLOSED_PRIOR_ACC_REV_GE80_REMAIN_AF,2025-03-17,True,DIRECT,
1822966,0001822966-25-000024,20250303,NUSCALE POWER CORP,2-ACC,AF,CLOSED,CLOSED_OPERATING_NON_SHELL,OPERATING,operating,CLOSED_UNIQUE,1100000000.0,2024-06-30,c79fec3fea05e8ea951d1cd20b9d8e662e9100748f55d3eaa836ecf0ad01e079,CLOSED_UNIQUE,22810000.0,CLOSED_UNIQUE,11804000.0,,LAF,CLOSED_PF_GE700,2025-03-03,True,DIRECT,
1822993,0001822993-25-000011,20250226,JACKSON FINANCIAL INC.,1-LAF,LAF,CLOSED,CLOSED_OPERATING_NON_SHELL,OPERATING,operating,CLOSED_UNIQUE,4200000000.0,2024-06-30,fb915cb9c902dae156a5e011a5dbaa9e9a7e47adf04656fb610276b0c83e3966,CLOSED_UNIQUE,3159000000.0,CLOSED_UNIQUE,14551000000.0,,LAF,CLOSED_PF_GE700,2025-03-03,True,DIRECT,
1823144,0001823144-25-000004,20250305,"COMPOSECURE, INC.",2-ACC,AF,CLOSED,CLOSED_OPERATING_NON_SHELL,OPERATING,operating,CLOSED_UNIQUE,190000000.0,2024-06-28,1b93bf272dd82d701e01bbf8fec075435b5b888035a1bfcb7531a402960192b3,CLOSED_UNIQUE,390629000.0,CLOSED_UNIQUE,378476000.0,,AF,CLOSED_PRIOR_ACC_REV_GE80_REMAIN_AF,2025-03-17,True,DIRECT,
1823239,0001823239-25-000034,20250318,"MARAVAI LIFESCIENCES HOLDINGS, INC.",1-LAF,LAF,CLOSED,CLOSED_OPERATING_NON_SHELL,OPERATING,operating,CLOSED_UNIQUE,868800000.0,2024-06-28,33a8584140bbf76f9f1654a7817d5209d1e3a9ff4170e1416ea61392280b777a,CLOSED_UNIQUE,288945000.0,CLOSED_UNIQUE,883001000.0,,LAF,CLOSED_PF_GE700,2025-03-03,False,LATE,
1823466,0000950170-25-048724,20250401,"FISCALNOTE HOLDINGS, INC.",2-ACC,AF,CLOSED,CLOSED_OPERATING_NON_SHELL,OPERATING,operating,CLOSED_UNIQUE,125540607.0,2024-06-30,80cf3e492ffc1d0f91a73913dcf2cfd67f4b8efe2889a2e69db261a66350e890,CLOSED_UNIQUE,132645000.0,CLOSED_UNIQUE,113765000.0,2025-03-14,AF,CLOSED_PRIOR_ACC_REV_GE80_REMAIN_AF,2025-03-17,True,12B25,
1823529,0001823529-25-000070,20250228,"ENACT HOLDINGS, INC.",1-LAF,LAF,CLOSED,CLOSED_OPERATING_NON_SHELL,OPERATING,operating,CLOSED_UNIQUE,879000000.0,2024-06-30,554c22271397b5bcdc9d2b4d1f328a9a61fcc21295564f4c6ae346bd20a1273e,CLOSED_UNIQUE,1153686000.0,CLOSED_UNIQUE,1095046000.0,,LAF,CLOSED_PF_GE700,2025-03-03,True,DIRECT,
1823794,0000950170-25-027737,20250226,ARKO CORP.,1-LAF,LAF,CLOSED,CLOSED_OPERATING_NON_SHELL,OPERATING,operating,CLOSED_UNIQUE,584900000.0,2024-06-30,5924f49936785739ebc9811c705a05894ec4d6a462ca7bdc6e90bff4c91af6f1,CLOSED_UNIQUE,9412731000.0,CLOSED_UNIQUE,9142799000.0,,LAF,CLOSED_PRIOR_LAF_PF_GE560,2025-03-03,True,DIRECT,
1823945,0001823945-25-000013,20250221,BLUE OWL CAPITAL INC.,1-LAF,LAF,CLOSED,CLOSED_OPERATING_NON_SHELL,OPERATING,operating,CLOSED_UNIQUE,9500000000.0,2024-06-30,1cde30cebc0aee1744cbbd4951aef61e1b3498a819456098d98db08a80829d6a,CLOSED_UNIQUE,1731608000.0,CLOSED_UNIQUE,1369722000.0,,LAF,CLOSED_PF_GE700,2025-03-03,True,DIRECT,
1824293,0001824293-25-000050,20250314,"GRI BIO, INC.",4-NON,NAF,CLOSED,CLOSED_OPERATING_NON_SHELL,OPERATING,operating,CLOSED_UNIQUE,1500000.0,2024-06-30,a298ee3a44e9d08d3aab07484359dc72f01f149c2adfc261901b609ed129c111,NO_WHITELIST_TOPLINE,,NO_WHITELIST_TOPLINE,,,NAF,CLOSED_PF_LT60,2025-03-31,True,DIRECT,
1824502,0001628280-25-008823,20250228,ARCHER AVIATION INC.,1-LAF,LAF,CLOSED,CLOSED_OPERATING_NON_SHELL,OPERATING,operating,CLOSED_UNIQUE,1100000000.0,2024-06-30,24c284bc5d085ed8598d2a1af235921622ebc6cb2d24be767d4d2d8cdcb631f6,NO_WHITELIST_TOPLINE,,NO_WHITELIST_TOPLINE,,,LAF,CLOSED_PF_GE700,2025-03-03,True,DIRECT,
1824893,0000950170-25-047712,20250331,"SURROZEN, INC./DE",4-NON,NAF,CLOSED,CLOSED_OPERATING_NON_SHELL,OPERATING,operating,CLOSED_UNIQUE,25800000.0,2024-06-30,75a2c6aebca0f258952382af3edfb4ec20392e8b8595ea6252c6bd7c256ac465,NO_WHITELIST_TOPLINE,,NO_WHITELIST_TOPLINE,,,NAF,CLOSED_PF_LT60,2025-03-31,True,DIRECT,
1824920,0000950170-25-027722,20250226,"IONQ, INC.",1-LAF,LAF,CLOSED,CLOSED_OPERATING_NON_SHELL,OPERATING,operating,CLOSED_UNIQUE,1200000000.0,2024-06-30,893b11c21360788f76f57c0ec50c83a46b44b6d4b51f1e30d1bbe4b6777ff8d0,CLOSED_UNIQUE,22042000.0,CLOSED_UNIQUE,11131000.0,,LAF,CLOSED_PF_GE700,2025-03-03,True,DIRECT,
1825024,0000950170-25-026788,20250225,OFFERPAD SOLUTIONS INC.,2-ACC,AF,CLOSED,CLOSED_OPERATING_NON_SHELL,OPERATING,operating,CLOSED_UNIQUE,49500000.0,2024-06-30,472f1167e83865eb138463882cba46881f0b6f50ebf1af372c1c50a659fd74d0,CLOSED_UNIQUE,1314412000.0,CLOSED_UNIQUE,3952314000.0,,NAF,CLOSED_PF_LT60,2025-03-31,True,DIRECT,
1825079,0000950170-25-047760,20250331,"VELO3D, INC.",4-NON,NAF,CLOSED,CLOSED_OPERATING_NON_SHELL,OPERATING,operating,CLOSED_UNIQUE,28600000.0,2024-06-28,c83449d1f985c7eb5b4f5c5280c2930939102ebd24dc7483c77ea6b9d47603c7,CLOSED_UNIQUE,77443000.0,CLOSED_UNIQUE,80757000.0,,NAF,CLOSED_PF_LT60,2025-03-31,True,DIRECT,
1825088,0001825088-25-000014,20250225,"DREAM FINDERS HOMES, INC.",2-ACC,AF,CLOSED,CLOSED_OPERATING_NON_SHELL,OPERATING,operating,CLOSED_UNIQUE,478300000.0,2024-06-30,38992b595e7d5ec516909f10c0000a4d0f55e1607fcc3e3022f187153ec73e76,CLOSED_UNIQUE,3748586000.0,CLOSED_UNIQUE,3342335000.0,,AF,CLOSED_PRIOR_ACC_REV_GE80_REMAIN_AF,2025-03-17,True,DIRECT,
1825452,0001654954-25-004315,20250416,"ONFOLIO HOLDINGS, INC",4-NON,NAF,CLOSED,CLOSED_OPERATING_NON_SHELL,OPERATING,operating,CLOSED_UNIQUE,4162115.0,2024-06-30,41ad52c0eda1406d94df0f4a530a09aeb68aaa461c296709c726e2e758199a3d,CLOSED_UNIQUE,5239986.0,CLOSED_UNIQUE,2219815.0,2025-03-31,NAF,CLOSED_PF_LT60,2025-03-31,False,LATE,
1826011,0000950170-25-054303,20250415,"BANZAI INTERNATIONAL, INC.",4-NON,NAF,CLOSED,CLOSED_OPERATING_NON_SHELL,OPERATING,operating,CLOSED_UNIQUE,4576909.0,2024-06-30,9bff18194f060d66a17bd25ffe7fd65312727ffebaf1437369d401d18ca5ec08,CLOSED_UNIQUE,4561300.0,NO_WHITELIST_TOPLINE,,2025-03-31,NAF,CLOSED_PF_LT60,2025-03-31,True,12B25,
1826600,0000950170-25-039495,20250314,"MONTAUK RENEWABLES, INC.",2-ACC,AF,CLOSED,CLOSED_OPERATING_NON_SHELL,OPERATING,operating,CLOSED_UNIQUE,260519691.0,2024-06-30,4afbb7cb28eaac7632251e17b6349655e5177aca6b0ac531329e9c939f3cac73,CLOSED_UNIQUE,174904000.0,CLOSED_UNIQUE,205559000.0,,AF,CLOSED_PRIOR_ACC_REV_GE80_REMAIN_AF,2025-03-17,True,DIRECT,
1826681,0000950170-25-024148,20250220,PALLADYNE AI CORP.,4-NON,NAF,CLOSED,CLOSED_OPERATING_NON_SHELL,OPERATING,operating,CLOSED_UNIQUE,37500000.0,2024-06-30,d470f3cba0cc57af90a68d3bacd3abb2ad5aa6f5999a17b6800b977ce03cdb38,NO_WHITELIST_TOPLINE,,NO_WHITELIST_TOPLINE,,,NAF,CLOSED_PF_LT60,2025-03-31,True,DIRECT,
1826889,0000950170-25-046760,20250328,"BEACHBODY COMPANY, INC.",4-NON,NAF,CLOSED,CLOSED_OPERATING_NON_SHELL,OPERATING,operating,CLOSED_UNIQUE,28556692.0,2024-06-30,f4ea7acf5a449698a6bb0c0b59273a36afb88abcebce23a149aa1b2ad77702e9,CLOSED_UNIQUE,527109000.0,CLOSED_UNIQUE,692199000.0,,NAF,CLOSED_PF_LT60,2025-03-31,True,DIRECT,
1826892,0000950170-25-046217,20250328,"BIOATLA, INC.",4-NON,NAF,CLOSED,CLOSED_OPERATING_NON_SHELL,OPERATING,operating,CLOSED_UNIQUE,59900000.0,2024-06-30,4fe091fe4c17968386a2aa53fe56ff54ca371f09401e52da12656225c0f961fc,NO_WHITELIST_TOPLINE,,NO_WHITELIST_TOPLINE,,,NAF,CLOSED_PF_LT60,2025-03-31,True,DIRECT,
1827090,0001827090-25-000014,20250226,"CERTARA, INC.",1-LAF,LAF,CLOSED,CLOSED_OPERATING_NON_SHELL,OPERATING,operating,CLOSED_UNIQUE,1700000000.0,2024-06-30,476d1a67e002df4d2d5ecde90b3542fcea6b5b13dff10c5f354799b5f25e5898,CLOSED_UNIQUE,354337000.0,CLOSED_UNIQUE,335644000.0,,LAF,CLOSED_PF_GE700,2025-03-03,True,DIRECT,
1828016,0001828016-25-000011,20250227,PLAYTIKA HOLDING CORP.,1-LAF,LAF,CLOSED,CLOSED_OPERATING_NON_SHELL,OPERATING,operating,CLOSED_UNIQUE,569600000.0,2024-06-28,3a11ff5710fd0a378293c0989e85978fbed4d40750cf9f37f3a0268a0d1d54ec,CLOSED_UNIQUE,2567000000.0,CLOSED_UNIQUE,2615500000.0,,LAF,CLOSED_PRIOR_LAF_PF_GE560,2025-03-03,True,DIRECT,
1828105,0001828105-25-000013,20250306,HIPPO HOLDINGS INC.,2-ACC,AF,CLOSED,CLOSED_OPERATING_NON_SHELL,OPERATING,operating,CLOSED_UNIQUE,364600000.0,2024-06-30,2274e4bcaf9e2b4aea14e09973e98444abc37484dcc0471506b6deb10e221fd7,CLOSED_UNIQUE,209700000.0,CLOSED_UNIQUE,119700000.0,,AF,CLOSED_PRIOR_ACC_REV_GE80_REMAIN_AF,2025-03-17,True,DIRECT,
1828108,0001828108-25-000028,20250214,"AURORA INNOVATION, INC.",1-LAF,LAF,CLOSED,CLOSED_OPERATING_NON_SHELL,OPERATING,operating,CLOSED_UNIQUE,2260000000.0,2024-06-30,e547db6b3c3457e39d96c9b101426fcf199770d8fcada33cec290419af7bf910,NO_WHITELIST_TOPLINE,,NO_WHITELIST_TOPLINE,,,LAF,CLOSED_PF_GE700,2025-03-03,True,DIRECT,
1828161,0000950170-25-047224,20250331,"FTC SOLAR, INC.",2-ACC,AF,CLOSED,CLOSED_OPERATING_NON_SHELL,OPERATING,operating,CLOSED_UNIQUE,29824987.0,2024-06-30,9935c1fe81443fdbe3dae5ceec7f7e4fbfb993fc8bdbfbd62ee6cf5e03f10a47,CLOSED_UNIQUE,127002000.0,CLOSED_UNIQUE,123066000.0,,NAF,CLOSED_PF_LT60,2025-03-31,True,DIRECT,
1828185,0001828185-25-000021,20250320,BARINTHUS BIOTHERAPEUTICS PLC.,4-NON,NAF,CLOSED,CLOSED_OPERATING_NON_SHELL,OPERATING,operating,CLOSED_UNIQUE,31100000.0,2024-06-30,3430252fa1d6e2094e85ebd0694aceb8cbfe21868fb267af315626e4472d9e80,CLOSED_UNIQUE,802000.0,CLOSED_UNIQUE,44703000.0,,NAF,CLOSED_PF_LT60,2025-03-31,True,DIRECT,
1828318,0001828318-25-000057,20250225,ENOVIX CORP,1-LAF,LAF,CLOSED,CLOSED_OPERATING_NON_SHELL,OPERATING,operating,CLOSED_UNIQUE,2280000000.0,2024-06-30,6423ca1ae80f9b66304507ce62b322740a3fe78d2aec90a823d0f2c0dbb718cd,CLOSED_UNIQUE,7644000.0,CLOSED_UNIQUE,6202000.0,,LAF,CLOSED_PF_GE700,2025-03-03,True,DIRECT,
1828536,0001828536-25-000032,20250401,"ENERGY VAULT HOLDINGS, INC.",2-ACC,AF,CLOSED,CLOSED_OPERATING_NON_SHELL,OPERATING,operating,CLOSED_UNIQUE,98100000.0,2024-06-28,87243517db72c95e4bd6e68bab759a9ddca6bd9e6bdd23210d077f78b386a640,CLOSED_UNIQUE,341543000.0,CLOSED_UNIQUE,145877000.0,2025-03-18,AF,CLOSED_PRIOR_ACC_REV_GE80_REMAIN_AF,2025-03-17,True,12B25,
1828673,0000950170-25-046724,20250328,HCW BIOLOGICS INC.,4-NON,NAF,CLOSED,CLOSED_OPERATING_NON_SHELL,OPERATING,operating,CLOSED_UNIQUE,12800000.0,2024-06-28,b6de6e68e75042b7c6e96fa8db82e7d379e1c3c39567f898461679144a660de1,CONFLICTING_WHITELIST_VALUES,,CONFLICTING_WHITELIST_VALUES,,,NAF,CLOSED_PF_LT60,2025-03-31,True,DIRECT,
1828748,0001641172-25-000565,20250325,ASIAFIN HOLDINGS CORP.,4-NON,NAF,CLOSED,CLOSED_OPERATING_NON_SHELL,OPERATING,operating,CLOSED_UNIQUE,13806386.0,2024-06-30,8c9dae7f88ea04d052ef4c999e421a8bd27b943f5b3f230013fb06ebe669cec8,CLOSED_UNIQUE,3109515.0,NO_WHITELIST_TOPLINE,,,NAF,CLOSED_PF_LT60,2025-03-31,True,DIRECT,
1828791,0001828791-25-000010,20250303,VIANT TECHNOLOGY INC.,4-NON,NAF,CLOSED,CLOSED_OPERATING_NON_SHELL,OPERATING,operating,CLOSED_UNIQUE,155500000.0,2024-06-30,380315425966af98cbff74a97e9710219c293456b634778634d7a4077e15fd0d,CLOSED_UNIQUE,222934000.0,CLOSED_UNIQUE,197168000.0,,AF,CLOSED_PRIOR_NON_REV_GE100_ENTER_AF,2025-03-17,True,DIRECT,
1828811,0001828811-25-000009,20250331,LI-CYCLE HOLDINGS CORP.,1-LAF,LAF,CLOSED,CLOSED_OPERATING_NON_SHELL,OPERATING,operating,CLOSED_UNIQUE,125000000.0,2024-06-28,43c4b38e31568280b14c25317e8f1d17bd0f341bb96070eb414a89ea96490849,CLOSED_UNIQUE,18300000.0,NO_FY2022_10K,,,NAF,CLOSED_PRIOR_LAF_REV_LT80_EXIT_NAF,2025-03-31,True,DIRECT,
1828962,0001828962-25-000039,20250305,"CRICUT, INC.",2-ACC,AF,CLOSED,CLOSED_OPERATING_NON_SHELL,OPERATING,operating,CLOSED_UNIQUE,295400000.0,2024-06-30,731068ffb179e0995708782da161aba5375db381307dbca381b8aac94484ac36,CLOSED_UNIQUE,765147000.0,CLOSED_UNIQUE,886296000.0,,AF,CLOSED_PRIOR_ACC_REV_GE80_REMAIN_AF,2025-03-17,True,DIRECT,
1828972,0001828972-25-000073,20250314,"BUZZFEED, INC.",4-NON,NAF,CLOSED,CLOSED_OPERATING_NON_SHELL,OPERATING,operating,CLOSED_UNIQUE,92400000.0,2024-06-30,656a1b715dc87d550c12f667a39bbab93222f89edfbd88e1cf6daf12fdccf37c,CLOSED_UNIQUE,252677000.0,CLOSED_UNIQUE,436674000.0,,AF,CLOSED_PRIOR_NON_REV_GE100_ENTER_AF,2025-03-17,True,DIRECT,
1829247,0001493152-25-010367,20250314,"BULLFROG AI HOLDINGS, INC.",4-NON,NAF,CLOSED,CLOSED_OPERATING_NON_SHELL,OPERATING,operating,CLOSED_UNIQUE,9000000.0,2024-06-30,fc0ab27ca84f570474c89f939992b738485d51562668b20d6b35df4150214a8b,CLOSED_UNIQUE,65000.0,CLOSED_UNIQUE,10000.0,,NAF,CLOSED_PF_LT60,2025-03-31,True,DIRECT,
1829280,0001140361-25-013493,20250411,FORIAN INC.,4-NON,NAF,CLOSED,CLOSED_OPERATING_NON_SHELL,OPERATING,operating,CLOSED_UNIQUE,42000000.0,2024-06-28,431d9cd9afc7f244ec85e81df281b74e5de1eb3ed8b1c2d89e226587b9d7d6a9,CLOSED_UNIQUE,20481330.0,CLOSED_UNIQUE,28005857.0,2025-04-01,NAF,CLOSED_PF_LT60,2025-03-31,True,12B25,
1829802,0000950170-25-046338,20250328,"SENSEI BIOTHERAPEUTICS, INC.",4-NON,NAF,CLOSED,CLOSED_OPERATING_NON_SHELL,OPERATING,operating,CLOSED_UNIQUE,10300000.0,2024-06-28,b6a3b2882ce74c82e72f281e0b7392d1143d57236b949a204512befe7c291262,NO_WHITELIST_TOPLINE,,NO_WHITELIST_TOPLINE,,,NAF,CLOSED_PF_LT60,2025-03-31,True,DIRECT,
1830033,0000950170-25-028422,20250227,"PURECYCLE TECHNOLOGIES, INC.",1-LAF,LAF,CLOSED,CLOSED_OPERATING_NON_SHELL,OPERATING,operating,CLOSED_UNIQUE,723700000.0,2024-06-28,c8dbffc1efef10ac289e414136f97374fc80a216e349eec58fada79c4d16f3e6,NO_WHITELIST_TOPLINE,,NO_WHITELIST_TOPLINE,,,LAF,CLOSED_PF_GE700,2025-03-03,True,DIRECT,
1830043,0000950170-25-030151,20250228,BUMBLE INC.,1-LAF,LAF,CLOSED,CLOSED_OPERATING_NON_SHELL,OPERATING,operating,CLOSED_UNIQUE,1002420886.0,2024-06-30,67d5ebd32a426fc5b602ebcbc2197d25481e6008a85de64798643b1b719d3aee,CLOSED_UNIQUE,1051830000.0,CLOSED_UNIQUE,903503000.0,,LAF,CLOSED_PF_GE700,2025-03-03,True,DIRECT,
1830188,0001830188-25-000012,20250314,"UNITED HOMES GROUP, INC.",2-ACC,AF,CLOSED,CLOSED_OPERATING_NON_SHELL,OPERATING,operating,CLOSED_UNIQUE,41220573.0,2024-06-30,1ae2bde3c1d17e519a21cbedf80aa2151c0bc388fece290245b46bf19b800252,NO_WHITELIST_TOPLINE,,NO_WHITELIST_TOPLINE,,,NAF,CLOSED_PF_LT60,2025-03-31,True,DIRECT,
1830214,0001628280-25-007819,20250225,"GINKGO BIOWORKS HOLDINGS, INC.",1-LAF,LAF,CLOSED,CLOSED_OPERATING_NON_SHELL,OPERATING,operating,CLOSED_UNIQUE,617000000.0,2024-06-28,bf7138d4c7801e004cc4759b97ba57a7fea88fb0114d1bec536c565417cf34ff,CLOSED_UNIQUE,251455000.0,CLOSED_UNIQUE,477706000.0,,LAF,CLOSED_PRIOR_LAF_PF_GE560,2025-03-03,True,DIRECT,
1831097,0001628280-25-007721,20250225,"AGILON HEALTH, INC.",1-LAF,LAF,CLOSED,CLOSED_OPERATING_NON_SHELL,OPERATING,operating,CLOSED_UNIQUE,2000000000.0,2024-06-30,1ebb14a437f343e9e7c327b57fb8505c4ed1ca567fb2d03d2181a16205771de1,CLOSED_UNIQUE,4316363000.0,CLOSED_UNIQUE,2708211000.0,,LAF,CLOSED_PF_GE700,2025-03-03,True,DIRECT,
1831631,0001831631-25-000023,20250313,"LOANDEPOT, INC.",2-ACC,AF,CLOSED,CLOSED_OPERATING_NON_SHELL,OPERATING,operating,CLOSED_UNIQUE,109750423.0,2024-06-30,d4dee73b29ed2a21051de630906b676e5126753322cc8d850f6e38d3a1bf97ed,CLOSED_UNIQUE,974022000.0,CLOSED_UNIQUE,1255796000.0,,AF,CLOSED_PRIOR_ACC_REV_GE80_REMAIN_AF,2025-03-17,True,DIRECT,
1831651,0001831651-25-000019,20250225,"SHOALS TECHNOLOGIES GROUP, INC.",1-LAF,LAF,CLOSED,CLOSED_OPERATING_NON_SHELL,OPERATING,operating,CLOSED_UNIQUE,877900000.0,2024-06-28,4209d4a4254c428dd730ae6f5651c337227f7584b4697c3d44219dc6d96829b6,CLOSED_UNIQUE,488939000.0,CLOSED_UNIQUE,326940000.0,,LAF,CLOSED_PF_GE700,2025-03-03,True,DIRECT,
1831828,0000950170-25-029969,20250228,"VERA THERAPEUTICS, INC.",4-NON,NAF,CLOSED,CLOSED_OPERATING_NON_SHELL,OPERATING,operating,CLOSED_UNIQUE,1700000000.0,2024-06-28,5cd4a0304b94d4cd690db7113ecfada80c7dc759931b5ebf67e3b1f2eb4178b1,NO_WHITELIST_TOPLINE,,NO_WHITELIST_TOPLINE,,,LAF,CLOSED_PF_GE700,2025-03-03,True,DIRECT,
1831840,0001628280-25-009448,20250303,"SEMRUSH HOLDINGS, INC.",2-ACC,AF,CLOSED,CLOSED_OPERATING_NON_SHELL,OPERATING,operating,CLOSED_UNIQUE,740000000.0,2024-06-28,3ac9884e89ef5ca02efeec49063c77d722239c293e312843e545b39ac5b06236,CLOSED_UNIQUE,307675000.0,CLOSED_UNIQUE,254316000.0,,LAF,CLOSED_PF_GE700,2025-03-03,True,DIRECT,
1831915,0001628280-25-008780,20250228,"CYTEK BIOSCIENCES, INC.",1-LAF,LAF,CLOSED,CLOSED_OPERATING_NON_SHELL,OPERATING,operating,CLOSED_UNIQUE,670000000.0,2024-06-30,aefced0f0f25e75c20f6e61fb191d4b08309f2474f555e8018aee029f6c8d158,NO_WHITELIST_TOPLINE,,NO_WHITELIST_TOPLINE,,,LAF,CLOSED_PRIOR_LAF_PF_GE560,2025-03-03,True,DIRECT,
1832332,0000950170-25-038504,20250313,"AVEANNA HEALTHCARE HOLDINGS, INC.",2-ACC,AF,CLOSED,CLOSED_OPERATING_NON_SHELL,OPERATING,operating,CLOSED_UNIQUE,135900000.0,2024-06-29,d1ff8dd2b71e9029252682f5c02a976aa257d87b27564699972fee6f8104d5a4,CLOSED_UNIQUE,1895209000.0,CLOSED_UNIQUE,1787645000.0,,AF,CLOSED_PRIOR_ACC_REV_GE80_REMAIN_AF,2025-03-17,True,DIRECT,
1832466,0001628280-25-008730,20250227,"ALIGNMENT HEALTHCARE, INC.",1-LAF,LAF,CLOSED,CLOSED_OPERATING_NON_SHELL,OPERATING,operating,CLOSED_UNIQUE,973520748.0,2024-06-30,84ba364536255dc13121b551c5bf42ae2a5ed3c86266e0f915fdcb3957437b4c,CLOSED_UNIQUE,1823630000.0,CLOSED_UNIQUE,1434159000.0,,LAF,CLOSED_PF_GE700,2025-03-03,True,DIRECT,
1832487,0001437749-25-009538,20250327,"GUERRILLA RF, INC.",4-NON,NAF,CLOSED,CLOSED_OPERATING_NON_SHELL,OPERATING,operating,CLOSED_UNIQUE,13446324.0,2024-06-30,df8f8c22a870c01abea23907ac70c9e4a93cdcdc36da0f9ebf1678a317f67c83,CLOSED_UNIQUE,15078316.0,CLOSED_UNIQUE,11600904.0,,NAF,CLOSED_PF_LT60,2025-03-31,True,DIRECT,
1832511,0001628280-25-015305,20250328,P3 HEALTH PARTNERS INC.,2-ACC,AF,CLOSED,CLOSED_OPERATING_NON_SHELL,OPERATING,operating,CLOSED_UNIQUE,39100000.0,2024-06-30,ecf940bb28eca0e049bff6e281854929676db258b155da9c2d7422fddd8711e2,CLOSED_UNIQUE,1266375000.0,CLOSED_UNIQUE,1049471000.0,,NAF,CLOSED_PF_LT60,2025-03-31,True,DIRECT,
1833197,0001558370-25-002212,20250305,"LATHAM GROUP, INC.",2-ACC,AF,CLOSED,CLOSED_OPERATING_NON_SHELL,OPERATING,operating,CLOSED_UNIQUE,125148754.0,2024-06-28,12b16c1f40ed9c1a9c43d396bdc01cbb9994aea5bed796ee97a8ee205a890fe9,CLOSED_UNIQUE,566492000.0,CLOSED_UNIQUE,695736000.0,,AF,CLOSED_PRIOR_ACC_REV_GE80_REMAIN_AF,2025-03-17,True,DIRECT,
1833214,0000950170-25-046994,20250331,"SAB BIOTHERAPEUTICS, INC.",4-NON,NAF,CLOSED,CLOSED_OPERATING_NON_SHELL,OPERATING,operating,CLOSED_UNIQUE,19539415.0,2024-06-30,536304451953ebe795191cf80de347f7bd75efd5f5290dbb90db4c7f6d7b1712,CLOSED_UNIQUE,2238991.0,NO_WHITELIST_TOPLINE,,,NAF,CLOSED_PF_LT60,2025-03-31,True,DIRECT,
1833498,0001213900-25-026157,20250331,"SPECTRAL AI, INC.",4-NON,NAF,CLOSED,CLOSED_OPERATING_NON_SHELL,OPERATING,operating,CLOSED_UNIQUE,30100000.0,2024-06-28,1b515c6621db9fa23258bfffcab8fe48c01f0bbd28849df12a2cea99fa9c759d,NO_WHITELIST_TOPLINE,,NO_WHITELIST_TOPLINE,,,NAF,CLOSED_PF_LT60,2025-03-31,True,DIRECT,
1833756,0001628280-25-009248,20250303,"LEONARDO DRS, INC.",1-LAF,LAF,CLOSED,CLOSED_OPERATING_NON_SHELL,OPERATING,operating,CLOSED_UNIQUE,1875000000.0,2024-06-30,3552f4f947affa282de5690b521588261e00dc97f1daed1d6cf4f37fac258b06,CLOSED_UNIQUE,2826000000.0,CLOSED_UNIQUE,2693000000.0,,LAF,CLOSED_PF_GE700,2025-03-03,True,DIRECT,
1833769,0000950170-25-040281,20250317,"HYPERFINE, INC.",4-NON,NAF,CLOSED,CLOSED_OPERATING_NON_SHELL,OPERATING,operating,CLOSED_UNIQUE,46700000.0,2024-06-30,7dcac4a0a65b6656b788fca68dfa53e4c1168601b5e1373f73aac20e6dcd6695,CLOSED_UNIQUE,11032000.0,CLOSED_UNIQUE,6814000.0,,NAF,CLOSED_PF_LT60,2025-03-31,True,DIRECT,
1834105,0001641172-25-001199,20250328,IMPACT BIOMEDICAL INC.,4-NON,NAF,CLOSED,CLOSED_OPERATING_NON_SHELL,OPERATING,operating,CLOSED_UNIQUE,0.0,2024-06-30,09f29a1c9618d5347d2d4d0401bea3c8e71043ff2bcf299a6f9a7afe98457674,NO_WHITELIST_TOPLINE,,NO_FY2022_10K,,,NAF,CLOSED_PF_LT60,2025-03-31,True,DIRECT,
1834488,0001834488-25-000053,20250307,"N-ABLE, INC.",1-LAF,LAF,CLOSED,CLOSED_OPERATING_NON_SHELL,OPERATING,operating,CLOSED_UNIQUE,1100000000.0,2024-06-30,b19879abcf02d02e79136bd8f8f78770ae7e86b38557048403ee359fdd2da635,NO_WHITELIST_TOPLINE,,NO_WHITELIST_TOPLINE,,2025-03-03,LAF,CLOSED_PF_GE700,2025-03-03,True,12B25,
1834584,0001834584-25-000030,20250225,"COUPANG, INC.",1-LAF,LAF,CLOSED,CLOSED_OPERATING_NON_SHELL,OPERATING,operating,CLOSED_UNIQUE,25200000000.0,2024-06-28,93f309b2633c9ed5a75f8e82d843b56ff1143dbadafe89cca0697d2d406c0b93,CLOSED_UNIQUE,24383000000.0,NO_FY2022_10K,,,LAF,CLOSED_PF_GE700,2025-03-03,True,DIRECT,
1834622,0001834622-25-000009,20250227,"HAYWARD HOLDINGS, INC.",1-LAF,LAF,CLOSED,CLOSED_OPERATING_NON_SHELL,OPERATING,operating,CLOSED_UNIQUE,1754627091.0,2024-06-29,5b85b6e3322208edab6a4dfc95d6c14431a17a7d3612be64863e5a7de3a31b20,CLOSED_UNIQUE,992452000.0,CLOSED_UNIQUE,1314136000.0,,LAF,CLOSED_PF_GE700,2025-03-03,True,DIRECT,
18349,0000018349-25-000049,20250221,SYNOVUS FINANCIAL CORP,1-LAF,LAF,CLOSED,CLOSED_OPERATING_NON_SHELL,OPERATING,operating,CLOSED_UNIQUE,5514952903.0,2024-06-30,3937dc376f127c5aff5a74806d5de157cc94b50175b5e16615acb98523d29f10,NO_WHITELIST_TOPLINE,,NO_WHITELIST_TOPLINE,,,LAF,CLOSED_PF_GE700,2025-03-03,True,DIRECT,
1835579,0000950170-25-034188,20250306,"IKENA ONCOLOGY, INC.",4-NON,NAF,CLOSED,CLOSED_OPERATING_NON_SHELL,OPERATING,operating,CLOSED_UNIQUE,51300000.0,2024-06-28,a63ab3ea4bba33070eaeb31439ccdf568a42169ca88915e5669c9e02742155a0,NO_WHITELIST_TOPLINE,,NO_WHITELIST_TOPLINE,,,NAF,CLOSED_PF_LT60,2025-03-31,True,DIRECT,
1835830,0001835830-25-000014,20250219,"KLAVIYO, INC.",4-NON,NAF,CLOSED,CLOSED_OPERATING_NON_SHELL,OPERATING,operating,CLOSED_UNIQUE,2500000000.0,2024-06-28,4fae4c523ab6b1d3c1482018548bdbfb1868b585cd9deb1abaa4e269468fe73d,CLOSED_UNIQUE,698099000.0,NO_FY2022_10K,,,LAF,CLOSED_PF_GE700,2025-03-03,True,DIRECT,
1836295,0001641172-25-001788,20250331,RETINALGENIX TECHNOLOGIES INC.,4-NON,NAF,CLOSED,CLOSED_OPERATING_NON_SHELL,OPERATING,operating,CLOSED_UNIQUE,15506590.0,2024-06-28,d41d45f792047fa83a5bbe051480108ba38a673dfd1319758f59b9d0b5f106ac,NO_WHITELIST_TOPLINE,,NO_WHITELIST_TOPLINE,,,NAF,CLOSED_PF_LT60,2025-03-31,True,DIRECT,
1836875,0001836875-25-000076,20250331,NUVVE HOLDING CORP.,4-NON,NAF,CLOSED,CLOSED_OPERATING_NON_SHELL,OPERATING,operating,CLOSED_UNIQUE,16607430.0,2024-06-30,2e28297774bb1bf7725cfdd323d3f8aaf1e236811755b47e2d49aa2c8a451e8b,CLOSED_UNIQUE,8332162.0,CLOSED_UNIQUE,5373383.0,,NAF,CLOSED_PF_LT60,2025-03-31,True,DIRECT,
1836981,0001628280-25-014752,20250325,"BIGBEAR.AI HOLDINGS, INC.",2-ACC,AF,CLOSED,CLOSED_OPERATING_NON_SHELL,OPERATING,operating,CLOSED_UNIQUE,149900000.0,2024-06-28,a63fea6d55bc6c8e4506ce36543eb529ac12c7bea09adcadeeac34b8b4491dc7,CLOSED_UNIQUE,155164000.0,CLOSED_UNIQUE,155011000.0,2025-03-18,AF,CLOSED_PRIOR_ACC_REV_GE80_REMAIN_AF,2025-03-17,True,12B25,
1837014,0000950170-25-033086,20250305,"SMARTRENT, INC.",2-ACC,AF,CLOSED,CLOSED_OPERATING_NON_SHELL,OPERATING,operating,CLOSED_UNIQUE,445800000.0,2024-06-30,413e4b5289dae485f3ba409660c4152da6f47a3c3033d52305b5d17c91d2e1fe,CLOSED_UNIQUE,236838000.0,CLOSED_UNIQUE,167821000.0,,AF,CLOSED_PRIOR_ACC_REV_GE80_REMAIN_AF,2025-03-17,True,DIRECT,
1837686,0001837686-25-000024,20250219,"VIMEO, INC.",1-LAF,LAF,CLOSED,CLOSED_OPERATING_NON_SHELL,OPERATING,operating,CLOSED_UNIQUE,566000000.0,2024-06-30,e68065145bd7ce149cd33785a6acb7a74973930892657c8c9351a1fe02d6a0d6,CLOSED_UNIQUE,417214000.0,CLOSED_UNIQUE,433028000.0,,LAF,CLOSED_PRIOR_LAF_PF_GE560,2025-03-03,True,DIRECT,
1838163,0001838163-25-000005,20250331,BRAND ENGAGEMENT NETWORK INC.,4-NON,NAF,CLOSED,CLOSED_OPERATING_NON_SHELL,OPERATING,operating,CLOSED_UNIQUE,33400000.0,2024-06-28,260da87d87fe0d5aedee132f7237bca3e3f5376972a2bea7e7e6024212950c1e,NO_WHITELIST_TOPLINE,,NO_WHITELIST_TOPLINE,,,NAF,CLOSED_PF_LT60,2025-03-31,True,DIRECT,
1838987,0001213900-25-037748,20250430,"COMPLETE SOLARIA, INC.",4-NON,NAF,CLOSED,CLOSED_OPERATING_NON_SHELL,OPERATING,operating,CLOSED_UNIQUE,36100000.0,2024-06-28,009ee1b997b5e1ebdf15bd0c8db8e03fcf6780210b88c39d7c8a5e5c190c4fe8,CLOSED_UNIQUE,87616000.0,NO_WHITELIST_TOPLINE,,2025-03-31,NAF,CLOSED_PF_LT60,2025-03-31,False,LATE,
1839133,0001641172-25-002748,20250404,"IR-MED, INC.",4-NON,NAF,CLOSED,CLOSED_OPERATING_NON_SHELL,OPERATING,operating,CLOSED_UNIQUE,24408708.0,2024-06-28,fbc396b35969aa999e6649af39966f47e2d8ec477c21d9a561ab8b2c628fb842,NO_WHITELIST_TOPLINE,,NO_WHITELIST_TOPLINE,,2025-03-31,NAF,CLOSED_PF_LT60,2025-03-31,True,12B25,
1839341,0001628280-25-008302,20250227,"CORE SCIENTIFIC, INC./TX",2-ACC,AF,CLOSED,CLOSED_OPERATING_NON_SHELL,OPERATING,operating,CLOSED_UNIQUE,1750000000.0,2024-06-28,6df503de516207ee3fec1f33edb68045138b9dea1df2fd93b4c54f157a4ff338,CLOSED_UNIQUE,502400000.0,CLOSED_UNIQUE,640313000.0,,LAF,CLOSED_PF_GE700,2025-03-03,True,DIRECT,
1839839,0001839839-25-000032,20250226,"JANUS INTERNATIONAL GROUP, INC.",1-LAF,LAF,CLOSED,CLOSED_OPERATING_NON_SHELL,OPERATING,operating,CLOSED_UNIQUE,1765200000.0,2024-06-28,fe28e1ea19904b8795c54a89701e39d640f0058e32aa6248ba1b05059e3c75f2,CLOSED_UNIQUE,1066400000.0,CLOSED_UNIQUE,1019509000.0,,LAF,CLOSED_PF_GE700,2025-03-03,True,DIRECT,
1839998,0001628280-25-015237,20250327,"AMERICAN ONCOLOGY NETWORK, INC.",4-NON,NAF,CLOSED,CLOSED_OPERATING_NON_SHELL,OPERATING,operating,CLOSED_UNIQUE,7988383.0,2024-06-30,86866bbdce9104ddea3ab59c99b3e1c90fe11331a0e121195cc867500b636641,CLOSED_UNIQUE,1279185000.0,NO_WHITELIST_TOPLINE,,,NAF,CLOSED_PF_LT60,2025-03-31,True,DIRECT,
1840229,0000950170-25-041379,20250318,"MINK THERAPEUTICS, INC.",4-NON,NAF,CLOSED,CLOSED_OPERATING_NON_SHELL,OPERATING,operating,CLOSED_UNIQUE,13900000.0,2024-06-28,bc564c31fe742228a0b2a92f64941a0d8385a1965ace8b954048989f853e7bb0,NO_WHITELIST_TOPLINE,,NO_WHITELIST_TOPLINE,,,NAF,CLOSED_PF_LT60,2025-03-31,True,DIRECT,
1840233,0001558370-25-002640,20250311,"XILIO THERAPEUTICS, INC.",4-NON,NAF,CLOSED,CLOSED_OPERATING_NON_SHELL,OPERATING,operating,CLOSED_UNIQUE,41500000.0,2024-06-28,64393aa6b7479e03f67551f3c0ee5f9b7f036bf74cdbdea9dfb4bc8a080732bd,NO_WHITELIST_TOPLINE,,NO_WHITELIST_TOPLINE,,,NAF,CLOSED_PF_LT60,2025-03-31,True,DIRECT,
1840292,0001840292-25-000012,20250327,"HELIOGEN, INC.",4-NON,NAF,CLOSED,CLOSED_OPERATING_NON_SHELL,OPERATING,operating,CLOSED_UNIQUE,10800000.0,2024-06-28,b13d13020132d3cbbae1367cad64305e81b60c66efa963f13b0a465ef4dc1c94,CLOSED_UNIQUE,4445000.0,CLOSED_UNIQUE,13751000.0,,NAF,CLOSED_PF_LT60,2025-03-31,True,DIRECT,
1840425,0001213900-25-034116,20250422,"OSR HOLDINGS, INC.",4-NON,NAF,CLOSED,CLOSED_OPERATING_NON_SHELL,OPERATING,operating,CLOSED_UNIQUE,20295738.0,2024-06-30,71ecebc5a281fb2fa45b0f79447ad5fd051981c381036298e5fea3171425c578,NO_WHITELIST_TOPLINE,,NO_WHITELIST_TOPLINE,,2025-04-01,NAF,CLOSED_PF_LT60,2025-03-31,False,LATE,
1840563,0001013762-25-003553,20250328,PMGC HOLDINGS INC.,4-NON,NAF,CLOSED,CLOSED_OPERATING_NON_SHELL,OPERATING,operating,CLOSED_UNIQUE,7609535.44,2024-06-30,02a20260f1f94f57f328da6662e53bb63e9cbc8b1a75e77a11858ace89919b56,CLOSED_UNIQUE,1712595.0,NO_FY2022_10K,,,NAF,CLOSED_PF_LT60,2025-03-31,True,DIRECT,
1840776,0001840776-25-000033,20250304,"HAGERTY, INC.",2-ACC,AF,CLOSED,CLOSED_OPERATING_NON_SHELL,OPERATING,operating,CLOSED_UNIQUE,296600000.0,2024-06-30,7358c3b0b161ab38509ef29e8cb4a3b9e97468ec0167ca0a83a5fd519e4b6a1f,CLOSED_UNIQUE,1000213000.0,CLOSED_UNIQUE,787588000.0,,AF,CLOSED_PRIOR_ACC_REV_GE80_REMAIN_AF,2025-03-17,True,DIRECT,
1840780,0001840780-25-000009,20250331,LOCAL BOUNTI CORPORATION/DE,4-NON,NAF,CLOSED,CLOSED_OPERATING_NON_SHELL,OPERATING,operating,CLOSED_UNIQUE,14900000.0,2024-06-30,846360dab2f26086a345a95c6c64ce347393e8d01d3935efcf927b3c83629407,CLOSED_UNIQUE,27557000.0,CLOSED_UNIQUE,19474000.0,,NAF,CLOSED_PF_LT60,2025-03-31,True,DIRECT,
1840856,0001628280-25-011821,20250311,"SOUNDHOUND AI, INC.",1-LAF,LAF,CLOSED,CLOSED_OPERATING_NON_SHELL,OPERATING,operating,CLOSED_UNIQUE,1169200000.0,2024-06-30,8e999b2c77210d7e53bb9963cdd5271696a485a8a815566ba63c5790e119b3d3,CLOSED_UNIQUE,45873000.0,CLOSED_UNIQUE,31129000.0,2025-03-04,LAF,CLOSED_PF_GE700,2025-03-03,True,12B25,
1840877,0001013762-25-004299,20250331,"ENVOY MEDICAL, INC.",4-NON,NAF,CLOSED,CLOSED_OPERATING_NON_SHELL,OPERATING,operating,CLOSED_UNIQUE,16700000.0,2024-06-30,f6f736141751553563c077caaa998d0c6fc41e282a311db3925e821adfd02fb7,CLOSED_UNIQUE,316000.0,NO_WHITELIST_TOPLINE,,,NAF,CLOSED_PF_LT60,2025-03-31,True,DIRECT,
1841330,0001013762-25-001646,20250324,PASITHEA THERAPEUTICS CORP.,4-NON,NAF,CLOSED,CLOSED_OPERATING_NON_SHELL,OPERATING,operating,CLOSED_UNIQUE,4100000.0,2024-06-30,04bb7c4b4dfc7975d32f659d23baa7d96fd816e3eed8c113a4574832c01f57a3,NO_WHITELIST_TOPLINE,,CLOSED_UNIQUE,486559.0,,NAF,CLOSED_PF_LT60,2025-03-31,True,DIRECT,
1841408,0000950170-25-032164,20250304,DAVE INC./DE,4-NON,NAF,CLOSED,CLOSED_OPERATING_NON_SHELL,OPERATING,operating,CLOSED_UNIQUE,306500000.0,2024-06-30,1a94de8be48ad8b53db75394432817ecddfd8e53aa1cf8ede3141db8ed26df5e,CLOSED_UNIQUE,259093000.0,CLOSED_UNIQUE,204838000.0,,AF,CLOSED_PRIOR_NON_REV_GE100_ENTER_AF,2025-03-17,True,DIRECT,
1841425,0001628280-25-015480,20250328,"VERDE CLEAN FUELS, INC.",4-NON,NAF,CLOSED,CLOSED_OPERATING_NON_SHELL,OPERATING,operating,CLOSED_UNIQUE,35700000.0,2024-06-28,cdf70b71ec8942ccfb8354ce3e4d26604a6ca64465f628d62e757b465046d7f9,NO_WHITELIST_TOPLINE,,NO_WHITELIST_TOPLINE,,,NAF,CLOSED_PF_LT60,2025-03-31,True,DIRECT,
1841666,0002040266-25-000007,20250228,APA CORP,1-LAF,LAF,CLOSED,CLOSED_OPERATING_NON_SHELL,OPERATING,operating,CLOSED_UNIQUE,10887671670.0,2024-06-30,fecb28cd0cd5e91b6659009f23e474aca975022dbd610af4c5311ab094a90b83,NO_WHITELIST_TOPLINE,,NO_WHITELIST_TOPLINE,,,LAF,CLOSED_PF_GE700,2025-03-03,True,DIRECT,
1841761,0001628280-25-013839,20250319,"GROVE COLLABORATIVE HOLDINGS, INC.",4-NON,NAF,CLOSED,CLOSED_OPERATING_NON_SHELL,OPERATING,operating,CLOSED_UNIQUE,55400000.0,2024-06-30,1b2818d3cc7cf413f2c7fe4f0843973daa4f6cf2f9fc099dfaeb5e67480e717d,NO_WHITELIST_TOPLINE,,NO_WHITELIST_TOPLINE,,,NAF,CLOSED_PF_LT60,2025-03-31,True,DIRECT,
1841925,0001628280-25-009207,20250303,"INDIE SEMICONDUCTOR, INC.",1-LAF,LAF,CLOSED,CLOSED_OPERATING_NON_SHELL,OPERATING,operating,CLOSED_UNIQUE,955600000.0,2024-06-28,41b911eae508dca97da36480f73baa0e564bc12573fa0775bb71a6c97613df0e,CLOSED_UNIQUE,223169000.0,CLOSED_UNIQUE,110797000.0,,LAF,CLOSED_PF_GE700,2025-03-03,True,DIRECT,
1841968,0000950170-25-030098,20250228,"P10, INC.",2-ACC,AF,CLOSED,CLOSED_OPERATING_NON_SHELL,OPERATING,operating,CLOSED_UNIQUE,387500000.0,2024-06-30,a733143215ab6f0dd5556405f3906c63ba0bd8273f32352d341ce0882d350da0,CLOSED_UNIQUE,241734000.0,CLOSED_UNIQUE,198360000.0,,AF,CLOSED_PRIOR_ACC_REV_GE80_REMAIN_AF,2025-03-17,True,DIRECT,
1842022,0001842022-25-000003,20250226,"DT MIDSTREAM, INC.",1-LAF,LAF,CLOSED,CLOSED_OPERATING_NON_SHELL,OPERATING,operating,CLOSED_UNIQUE,6900000000.0,2024-06-28,d47d0ac5c837aefa49235ceb09d46312726fd7b599a9d08661c399d68121af80,CLOSED_UNIQUE,922000000.0,CLOSED_UNIQUE,920000000.0,,LAF,CLOSED_PF_GE700,2025-03-03,True,DIRECT,
1842279,0001842279-25-000049,20250317,OPAL FUELS INC.,2-ACC,AF,CLOSED,CLOSED_OPERATING_NON_SHELL,OPERATING,operating,CLOSED_UNIQUE,107075893.0,2024-06-28,1d7527f7c0a8591ab74fe5c1c71b2a03980442fee1e89e74648cc514b396ea1a,CLOSED_UNIQUE,256108000.0,CLOSED_UNIQUE,235531000.0,,AF,CLOSED_PRIOR_ACC_REV_GE80_REMAIN_AF,2025-03-17,True,DIRECT,
1842356,0001842356-25-000029,20250324,WAG! GROUP CO.,4-NON,NAF,CLOSED,CLOSED_OPERATING_NON_SHELL,OPERATING,operating,CLOSED_UNIQUE,12500000.0,2024-06-28,7622bcdec5985afef2030927d2e14e236812e2581a538ccb1c8bfcaa50592496,CLOSED_UNIQUE,83916000.0,CLOSED_UNIQUE,54865000.0,,NAF,CLOSED_PF_LT60,2025-03-31,True,DIRECT,
1842718,0001842718-25-000023,20250228,INTEGRAL AD SCIENCE HOLDING CORP.,1-LAF,LAF,CLOSED,CLOSED_OPERATING_NON_SHELL,OPERATING,operating,CLOSED_UNIQUE,928000000.0,2024-06-30,2fb9bb466c2814ace0253e9281cb6081ccc70da55c7840c1be6ce5ff9578c84c,CLOSED_UNIQUE,474369000.0,CLOSED_UNIQUE,408348000.0,,LAF,CLOSED_PF_GE700,2025-03-03,True,DIRECT,
1843165,0001213900-25-026396,20250331,LQR HOUSE INC.,4-NON,NAF,CLOSED,CLOSED_OPERATING_NON_SHELL,OPERATING,operating,CLOSED_UNIQUE,4637182.0,2024-06-30,981fa4b1754f3dff0368e897f966c137ee4aa7fcc01c60aa4e3d551ae9bb021e,CLOSED_UNIQUE,1120622.0,NO_FY2022_10K,,,NAF,CLOSED_PF_LT60,2025-03-31,True,DIRECT,
1843973,0001628280-25-014481,20250324,FLYEXCLUSIVE INC.,4-NON,NAF,CLOSED,CLOSED_OPERATING_NON_SHELL,OPERATING,operating,CLOSED_UNIQUE,15900000.0,2024-06-28,32e4ef991e3b6cf71442f754b11a0070e5e31c95745eebc71fd670c499229e2c,CLOSED_UNIQUE,315362000.0,NO_WHITELIST_TOPLINE,,,NAF,CLOSED_PF_LT60,2025-03-31,True,DIRECT,
1844392,0001013762-25-002871,20250327,"MARPAI, INC.",4-NON,NAF,CLOSED,CLOSED_OPERATING_NON_SHELL,OPERATING,operating,CLOSED_UNIQUE,4055753.0,2024-06-30,a5c1cf3f1adccaa8bdada38a5e3c46f765ecb80c770e74128b1d05180afc155a,CLOSED_UNIQUE,37155050.0,CLOSED_UNIQUE,24341874.0,,NAF,CLOSED_PF_LT60,2025-03-31,True,DIRECT,
1844505,0001844505-25-000038,20250331,"QT IMAGING HOLDINGS, INC.",4-NON,NAF,CLOSED,CLOSED_OPERATING_NON_SHELL,OPERATING,operating,CLOSED_UNIQUE,9200000.0,2024-06-30,9fab1671d9219505ac34f83debbc8ceffbada8f09ccd06db8fb81ca17a7147f5,CLOSED_UNIQUE,0.0,NO_WHITELIST_TOPLINE,,,NAF,CLOSED_PF_LT60,2025-03-31,True,DIRECT,
1845257,0000950170-25-029100,20250227,"LIFESTANCE HEALTH GROUP, INC.",1-LAF,LAF,CLOSED,CLOSED_OPERATING_NON_SHELL,OPERATING,operating,CLOSED_UNIQUE,682900584.0,2024-06-30,30ac598850bba4f68b3838a7db6286187655c072750a5c3ef06504930c492d63,CLOSED_UNIQUE,1055665000.0,CLOSED_UNIQUE,859542000.0,,LAF,CLOSED_PRIOR_LAF_PF_GE560,2025-03-03,True,DIRECT,
1845815,0001558370-25-001804,20250227,PAYONEER GLOBAL INC.,1-LAF,LAF,CLOSED,CLOSED_OPERATING_NON_SHELL,OPERATING,operating,CLOSED_UNIQUE,1539618419.0,2024-06-28,e9e39b3720b117c2995f6ecb28cc112770c9dce9cca0feeec2346bea79efaa56,CLOSED_UNIQUE,831103000.0,CLOSED_UNIQUE,627623000.0,,LAF,CLOSED_PF_GE700,2025-03-03,True,DIRECT,
1846069,0001846069-25-000017,20250227,"NEXTDOOR HOLDINGS, INC.",1-LAF,LAF,CLOSED,CLOSED_OPERATING_NON_SHELL,OPERATING,operating,CLOSED_UNIQUE,637500000.0,2024-06-28,e5c35ce10a6c70c10ad054fe56b459e034c38c68bd890f750f019aff2e526dd9,CLOSED_UNIQUE,218309000.0,CLOSED_UNIQUE,212765000.0,,LAF,CLOSED_PRIOR_LAF_PF_GE560,2025-03-03,True,DIRECT,
1846084,0000950170-25-034279,20250306,GLOBAL CROSSING AIRLINES GROUP INC.,4-NON,NAF,CLOSED,CLOSED_OPERATING_NON_SHELL,OPERATING,operating,CLOSED_UNIQUE,23284401.0,2024-06-30,3c3ee5c4e5468c07b9715b6b5090c088521dd672c820511740fbdbdeb2787b15,CLOSED_UNIQUE,160121525.0,CLOSED_UNIQUE,97110205.0,,NAF,CLOSED_PF_LT60,2025-03-31,True,DIRECT,
1846576,0001628280-25-008688,20250227,"FIGS, INC.",1-LAF,LAF,CLOSED,CLOSED_OPERATING_NON_SHELL,OPERATING,operating,CLOSED_UNIQUE,687468181.0,2024-06-28,3f569222f59a8031e07de4961d24fc8a68af5b9b62d64da208e0f9d17f1094f2,CLOSED_UNIQUE,545646000.0,CLOSED_UNIQUE,505835000.0,,LAF,CLOSED_PRIOR_LAF_PF_GE560,2025-03-03,True,DIRECT,
1847874,0001437749-25-007028,20250311,MOBILE INFRASTRUCTURE CORP,4-NON,NAF,CLOSED,CLOSED_OPERATING_NON_SHELL,OPERATING,operating,CLOSED_UNIQUE,51700000.0,2024-06-28,1efdfda287f8055f40e0b80f82503e48eccddae25fe72085a561132e90bba354,CLOSED_UNIQUE,30272000.0,NO_WHITELIST_TOPLINE,,,NAF,CLOSED_PF_LT60,2025-03-31,True,DIRECT,
1847986,0001641172-25-001755,20250331,DRAGONFLY ENERGY HOLDINGS CORP.,4-NON,NAF,CLOSED,CLOSED_OPERATING_NON_SHELL,OPERATING,operating,CLOSED_UNIQUE,37500000.0,2024-06-30,af880a33e356047d3c44aefd56a51639f80aecce1580eb9b66482b340173db5b,CLOSED_UNIQUE,64392000.0,CLOSED_UNIQUE,86251000.0,,NAF,CLOSED_PF_LT60,2025-03-31,True,DIRECT,
1848416,0001628280-25-008390,20250227,VERANO HOLDINGS CORP.,1-LAF,LAF,CLOSED,CLOSED_OPERATING_NON_SHELL,OPERATING,operating,CLOSED_UNIQUE,901354299.0,2024-06-28,ed346c2f1e05326571800ab670a081343657ed27f29a8b57eed6e5e7fe45d959,NO_WHITELIST_TOPLINE,,NO_WHITELIST_TOPLINE,,,LAF,CLOSED_PF_GE700,2025-03-03,True,DIRECT,
1849056,0001628280-25-014490,20250324,OKLO INC.,4-NON,NAF,CLOSED,CLOSED_OPERATING_NON_SHELL,OPERATING,operating,CLOSED_UNIQUE,0.0,2024-06-30,624e7d641f05b7c6f43758c57105c7b425489736a0d7aaa687c8a132165c1311,NO_WHITELIST_TOPLINE,,NO_WHITELIST_TOPLINE,,,NAF,CLOSED_PF_LT60,2025-03-31,True,DIRECT,
1849253,0001628280-25-006973,20250221,"RYAN SPECIALTY HOLDINGS, INC.",1-LAF,LAF,CLOSED,CLOSED_OPERATING_NON_SHELL,OPERATING,operating,CLOSED_UNIQUE,7023419425.0,2024-06-30,c2539fcb9eadf9ae90cfda710def30a7ef4d7d86ed71ac99f9f65b5822e66a78,CLOSED_UNIQUE,2077549000.0,CLOSED_UNIQUE,1725193000.0,,LAF,CLOSED_PF_GE700,2025-03-03,True,DIRECT,
1849380,0001641172-25-004815,20250415,ONEMEDNET CORP,4-NON,NAF,CLOSED,CLOSED_OPERATING_NON_SHELL,OPERATING,operating,CLOSED_UNIQUE,9700000.0,2024-06-28,acf96e9144881774c7bfb7a14f8718f1c8c3ccf4992b55705579ad62087025cb,CLOSED_UNIQUE,1021651.0,NO_WHITELIST_TOPLINE,,2025-04-01,NAF,CLOSED_PF_LT60,2025-03-31,True,12B25,
1849466,0001558370-25-003827,20250327,"TEXAS COMMUNITY BANCSHARES, INC.",4-NON,NAF,CLOSED,CLOSED_OPERATING_NON_SHELL,OPERATING,operating,CLOSED_UNIQUE,33071891.0,2024-06-30,bb04926148420843f19f6c62f465d5f2e0d49b0b70f1662c8c5f1a9ea182ab15,NO_WHITELIST_TOPLINE,,NO_WHITELIST_TOPLINE,,,NAF,CLOSED_PF_LT60,2025-03-31,True,DIRECT,
1849635,0001140361-25-004822,20250214,TRUMP MEDIA & TECHNOLOGY GROUP CORP.,4-NON,NAF,CLOSED,CLOSED_OPERATING_NON_SHELL,OPERATING,operating,CLOSED_UNIQUE,2490000000.0,2024-06-28,7477e9bb8292b94df9f6c89404022df7c2693371dbe0f2f286513892646fbc5b,NO_WHITELIST_TOPLINE,,NO_WHITELIST_TOPLINE,,,LAF,CLOSED_PF_GE700,2025-03-03,True,DIRECT,
1849670,0001558370-25-004017,20250328,"PB BANKSHARES, INC.",4-NON,NAF,CLOSED,CLOSED_OPERATING_NON_SHELL,OPERATING,operating,CLOSED_UNIQUE,28484000.0,2024-06-30,e9b2856f36b5f80fec96c3f069ee9e17d1249e9b8a99066e7f99eeca046616d7,NO_WHITELIST_TOPLINE,,NO_WHITELIST_TOPLINE,,,NAF,CLOSED_PF_LT60,2025-03-31,True,DIRECT,
1849820,0001849820-25-000108,20250415,"NAUTICUS ROBOTICS, INC.",4-NON,NAF,CLOSED,CLOSED_OPERATING_NON_SHELL,OPERATING,operating,CLOSED_UNIQUE,17896647.0,2024-06-30,adc9e42c30298338e9cf34064c8868d7758d1c5b1369761cb4d29c3ab4eea133,CLOSED_UNIQUE,6606352.0,CLOSED_UNIQUE,11434959.0,,NAF,CLOSED_PF_LT60,2025-03-31,False,LATE,
1849867,0001558370-25-003964,20250328,"CATALYST BANCORP, INC.",4-NON,NAF,CLOSED,CLOSED_OPERATING_NON_SHELL,OPERATING,operating,CLOSED_UNIQUE,44400000.0,2024-06-28,6f5bd5f35b25ed0e6aa0e898fa365ccca7268321353c9884eb6e6716b9b4111d,NO_WHITELIST_TOPLINE,,NO_WHITELIST_TOPLINE,,,NAF,CLOSED_PF_LT60,2025-03-31,True,DIRECT,
1850767,0001641172-25-002594,20250403,ACCUSTEM SCIENCES INC.,4-NON,NAF,CLOSED,CLOSED_OPERATING_NON_SHELL,OPERATING,operating,CLOSED_UNIQUE,2179335.0,2024-06-30,74a3362c46f28a242a88592ecb5905a3b44b4a4ac050476e3d09a6748781ca72,NO_WHITELIST_TOPLINE,,NO_WHITELIST_TOPLINE,,2025-03-31,NAF,CLOSED_PF_LT60,2025-03-31,True,12B25,
1850902,0000950170-25-035705,20250307,"ALPHA TEKNOVA, INC.",4-NON,NAF,CLOSED,CLOSED_OPERATING_NON_SHELL,OPERATING,operating,CLOSED_UNIQUE,14513814.0,2024-06-30,e36df59616abf1812df5e4e3ea0510e05a779d1c92674a701b5821e6066df8df,CLOSED_UNIQUE,36684000.0,CLOSED_UNIQUE,41420000.0,,NAF,CLOSED_PF_LT60,2025-03-31,True,DIRECT,
1851003,0000950170-25-027338,20250226,ZETA GLOBAL HOLDINGS CORP.,1-LAF,LAF,CLOSED,CLOSED_OPERATING_NON_SHELL,OPERATING,operating,CLOSED_UNIQUE,3100000000.0,2024-06-28,c9db423b03f5286742e132dba3583849e2efc8ec2b70eeea8cd5876527c5c40c,CLOSED_UNIQUE,728723000.0,CLOSED_UNIQUE,590961000.0,,LAF,CLOSED_PF_GE700,2025-03-03,True,DIRECT,
1852244,0001852244-25-000007,20250218,"GXO LOGISTICS, INC.",1-LAF,LAF,CLOSED,CLOSED_OPERATING_NON_SHELL,OPERATING,operating,CLOSED_UNIQUE,5900000000.0,2024-06-28,daad6aa0152f58bdec268699ed4e1331c6ff80e15c30ff047a600c20c6d2359c,CLOSED_UNIQUE,9778000000.0,CLOSED_UNIQUE,8993000000.0,,LAF,CLOSED_PF_GE700,2025-03-03,True,DIRECT,
1853145,0001853145-25-000009,20250313,EVERCOMMERCE INC.,2-ACC,AF,CLOSED,CLOSED_OPERATING_NON_SHELL,OPERATING,operating,CLOSED_UNIQUE,212800000.0,2024-06-28,a91e19b1d58276484e60ae82456f182bef8fcdf26372decb1d111118e05472a9,CLOSED_UNIQUE,675369000.0,CLOSED_UNIQUE,620746000.0,,AF,CLOSED_PRIOR_ACC_REV_GE80_REMAIN_AF,2025-03-17,True,DIRECT,
1853513,0000950170-25-024533,20250221,"MISTER CAR WASH, INC.",1-LAF,LAF,CLOSED,CLOSED_OPERATING_NON_SHELL,OPERATING,operating,CLOSED_UNIQUE,675479256000.0,2024-06-30,7f217e6d9c2801ef7f1b1d8bff229b17ef1e8d00ba5874135b4ee05d0a967acb,CLOSED_UNIQUE,927070000.0,CLOSED_UNIQUE,876506000.0,,LAF,CLOSED_PF_GE700,2025-03-03,True,DIRECT,
1853816,0001654954-25-002885,20250317,"DERMATA THERAPEUTICS, INC.",4-NON,NAF,CLOSED,CLOSED_OPERATING_NON_SHELL,OPERATING,operating,CLOSED_UNIQUE,1600000.0,2024-06-28,1c546a9927e05f5121dbc0a09883a04959a2a1cbe3d1be04cc04e53dc66bd6c1,NO_WHITELIST_TOPLINE,,NO_WHITELIST_TOPLINE,,,NAF,CLOSED_PF_LT60,2025-03-31,True,DIRECT,
1854139,0000950170-25-027728,20250226,ZEVIA PBC,2-ACC,AF,CLOSED,CLOSED_OPERATING_NON_SHELL,OPERATING,operating,CLOSED_UNIQUE,32400000.0,2024-06-30,29ecf47d66b10720a744e678931b98295815907b6ef84a26820839d0a628db4e,CLOSED_UNIQUE,166424000.0,CLOSED_UNIQUE,163181000.0,,NAF,CLOSED_PF_LT60,2025-03-31,True,DIRECT,
1854270,0001854270-25-000042,20250320,"SENTI BIOSCIENCES, INC.",4-NON,NAF,CLOSED,CLOSED_OPERATING_NON_SHELL,OPERATING,operating,CLOSED_UNIQUE,10800000.0,2024-06-30,3460a1aa5bd36a5e8c798af05d7ac044805dc95209e343be41d2717aa48bdd95,CLOSED_UNIQUE,2561000.0,CLOSED_UNIQUE,4286000.0,,NAF,CLOSED_PF_LT60,2025-03-31,True,DIRECT,
1854401,0001854401-25-000062,20250307,BRIDGE INVESTMENT GROUP HOLDINGS INC.,2-ACC,AF,CLOSED,CLOSED_OPERATING_NON_SHELL,OPERATING,operating,CLOSED_UNIQUE,241100000.0,2024-06-28,73f5e64336816fb69975c8c5fa57de3acac6925a4f346edad80acf2eaf0f145d,CLOSED_UNIQUE,390648000.0,CLOSED_UNIQUE,409049000.0,,AF,CLOSED_PRIOR_ACC_REV_GE80_REMAIN_AF,2025-03-17,True,DIRECT,
1854526,0001477932-25-002285,20250401,"BROOQLY, INC.",4-NON,NAF,CLOSED,CLOSED_OPERATING_NON_SHELL,OPERATING,operating,CLOSED_UNIQUE,3219000.0,2024-06-30,e7164624064a1ace181b17ceaeea37fec255b525518cf8621432e4fda844f1a9,CLOSED_UNIQUE,5.0,CLOSED_UNIQUE,993.0,2025-04-01,NAF,CLOSED_PF_LT60,2025-03-31,True,12B25,
1855447,0000950170-25-042645,20250320,"TIGO ENERGY, INC.",4-NON,NAF,CLOSED,CLOSED_OPERATING_NON_SHELL,OPERATING,operating,CLOSED_UNIQUE,38500000.0,2024-06-28,c82603cfa1df0810054b36f9978996979fb09d7b693f011d570c09cd70ab292f,CLOSED_UNIQUE,145233000.0,NO_WHITELIST_TOPLINE,,,NAF,CLOSED_PF_LT60,2025-03-31,True,DIRECT,
1855457,0001855457-25-000022,20250430,"KORE GROUP HOLDINGS, INC.",4-NON,NAF,CLOSED,CLOSED_OPERATING_NON_SHELL,OPERATING,operating,CLOSED_UNIQUE,12900000.0,2024-06-28,182ab6efc560db1b66bddb2913997b634029e48d605aefb73a2a95e891fb72aa,CLOSED_UNIQUE,276610000.0,CLOSED_UNIQUE,268447000.0,2025-04-01,NAF,CLOSED_PF_LT60,2025-03-31,False,LATE,
1855485,0001641172-25-001810,20250331,"CALIDI BIOTHERAPEUTICS, INC.",4-NON,NAF,CLOSED,CLOSED_OPERATING_NON_SHELL,OPERATING,operating,CLOSED_UNIQUE,14010268.0,2024-06-28,933c5514910f67904517a39ed31696317d4d974183de230bf583fafad93eacab,NO_WHITELIST_TOPLINE,,NO_WHITELIST_TOPLINE,,,NAF,CLOSED_PF_LT60,2025-03-31,True,DIRECT,
1855509,0001731122-25-000412,20250320,"TWIN VEE POWERCATS, CO.",4-NON,NAF,CLOSED,CLOSED_OPERATING_NON_SHELL,OPERATING,operating,CLOSED_UNIQUE,5188400000.0,2024-06-30,b68029c907b13d6df26dc0f4c1f030df045d0f6671e1846de6e7b668bd62a899,CLOSED_UNIQUE,33425912.0,CLOSED_UNIQUE,31987724.0,,LAF,CLOSED_PF_GE700,2025-03-03,False,LATE,
1855747,0001855747-25-000017,20250313,"BLEND LABS, INC.",2-ACC,AF,CLOSED,CLOSED_OPERATING_NON_SHELL,OPERATING,operating,CLOSED_UNIQUE,495000000.0,2024-06-28,b20cfb609f5479e7dfe47a5066f56ae3364d072db49dac4157171adce802d978,CLOSED_UNIQUE,156846000.0,CLOSED_UNIQUE,235201000.0,,AF,CLOSED_PRIOR_ACC_REV_GE80_REMAIN_AF,2025-03-17,True,DIRECT,
1856314,0001856314-25-000008,20250226,"CLEAR SECURE, INC.",1-LAF,LAF,CLOSED,CLOSED_OPERATING_NON_SHELL,OPERATING,operating,CLOSED_UNIQUE,1713617187.0,2024-06-30,5295d7d6df7b3aa2432bcfd6bee6663abd36a17307d9ce3a7350cd58993b55cf,CLOSED_UNIQUE,613579000.0,CLOSED_UNIQUE,437434000.0,,LAF,CLOSED_PF_GE700,2025-03-03,True,DIRECT,
1856485,0001856485-25-000008,20250220,SYLVAMO CORP,1-LAF,LAF,CLOSED,CLOSED_OPERATING_NON_SHELL,OPERATING,operating,CLOSED_UNIQUE,2793952188.0,2024-06-30,f415603e163a0910a449f2306803b72ef281691323ab1ab3af720ce8ee88e939,CLOSED_UNIQUE,3721000000.0,CLOSED_UNIQUE,3628000000.0,,LAF,CLOSED_PF_GE700,2025-03-03,True,DIRECT,
1856725,0000950170-25-047740,20250331,"RANI THERAPEUTICS HOLDINGS, INC.",4-NON,NAF,CLOSED,CLOSED_OPERATING_NON_SHELL,OPERATING,operating,CLOSED_UNIQUE,51900000.0,2024-06-28,93185f674943bcaecbfaee4197e7f251f6d911cec54d279855277fa336056b26,NO_WHITELIST_TOPLINE,,NO_WHITELIST_TOPLINE,,,NAF,CLOSED_PF_LT60,2025-03-31,True,DIRECT,
1857044,0001493152-25-010136,20250313,"INDAPTUS THERAPEUTICS, INC.",4-NON,NAF,CLOSED,CLOSED_OPERATING_NON_SHELL,OPERATING,operating,CLOSED_UNIQUE,15039986.0,2024-06-30,c3926249a5bcb99b5b72ae9a71777d3ff9a529bfcd7ae6dd22fc1d9d8bb99649,NO_WHITELIST_TOPLINE,,NO_WHITELIST_TOPLINE,,,NAF,CLOSED_PF_LT60,2025-03-31,True,DIRECT,
1857154,0001857154-25-000013,20250227,"KRISPY KREME, INC.",1-LAF,LAF,CLOSED,CLOSED_OPERATING_NON_SHELL,OPERATING,operating,CLOSED_UNIQUE,968000000.0,2024-06-30,7847ac4f358c37e7231864dabc0ed03cb77845d1b505830844ae0eba0a16777e,CLOSED_UNIQUE,1686104000.0,CLOSED_UNIQUE,1529898000.0,,LAF,CLOSED_PF_GE700,2025-03-03,True,DIRECT,
1857816,0001857816-25-000015,20250303,GIGACLOUD TECHNOLOGY INC,2-ACC,AF,CLOSED,CLOSED_OPERATING_NON_SHELL,OPERATING,operating,CLOSED_UNIQUE,829400000.0,2024-06-30,2b08e9b860c01ac2069c642117c023f2dc462a972b0c766fd9930b27d6e5364a,CLOSED_UNIQUE,703831000.0,NO_FY2022_10K,,,LAF,CLOSED_PF_GE700,2025-03-03,True,DIRECT,
1857853,0001857853-25-000018,20250307,"TRAEGER, INC.",2-ACC,AF,CLOSED,CLOSED_OPERATING_NON_SHELL,OPERATING,operating,CLOSED_UNIQUE,83500000.0,2024-06-28,5d05076a06e3bc12ac7ad3c83f38e69fcb96dd1f3708a22ab22649b44d90edc3,CLOSED_UNIQUE,605882000.0,CLOSED_UNIQUE,655901000.0,,AF,CLOSED_PRIOR_ACC_REV_GE80_REMAIN_AF,2025-03-17,True,DIRECT,
1858257,0000950170-25-029974,20250228,"AVIDXCHANGE HOLDINGS, INC.",1-LAF,LAF,CLOSED,CLOSED_OPERATING_NON_SHELL,OPERATING,operating,CLOSED_UNIQUE,1649451048.0,2024-06-28,a327e3155e13b1f3cc1b85184b912f586e411e30487c558bf251cc565565c3ee,CLOSED_UNIQUE,380720000.0,CLOSED_UNIQUE,316350000.0,,LAF,CLOSED_PF_GE700,2025-03-03,True,DIRECT,
1858681,0001858681-25-000034,20250224,"APOLLO GLOBAL MANAGEMENT, INC.",1-LAF,LAF,CLOSED,CLOSED_OPERATING_NON_SHELL,OPERATING,operating,CLOSED_UNIQUE,48057705400.0,2024-06-30,7cc9c2dcf1a263fe6503f5487d2f96ad5a6502c358c33c005c9f2422ec08b6f2,CLOSED_UNIQUE,32644000000.0,NO_WHITELIST_TOPLINE,,,LAF,CLOSED_PF_GE700,2025-03-03,True,DIRECT,
1858685,0001493152-25-011052,20250320,BIOFRONTERA INC.,4-NON,NAF,CLOSED,CLOSED_OPERATING_NON_SHELL,OPERATING,operating,CLOSED_UNIQUE,4200000.0,2024-06-30,9e49dc361e4ea9b1f19f4081e0989c0de23f56cc7df6d4edc3cb27216726985f,NO_WHITELIST_TOPLINE,,NO_WHITELIST_TOPLINE,,,NAF,CLOSED_PF_LT60,2025-03-31,True,DIRECT,
1859007,0001641172-25-000862,20250327,"ZYVERSA THERAPEUTICS, INC.",4-NON,NAF,CLOSED,CLOSED_OPERATING_NON_SHELL,OPERATING,operating,CLOSED_UNIQUE,3100000.0,2024-06-28,36dad9091e12256ecab5c4bee659a77399ca473f975d2cd7e51febc79494e357,NO_WHITELIST_TOPLINE,,NO_WHITELIST_TOPLINE,,,NAF,CLOSED_PF_LT60,2025-03-31,True,DIRECT,
1860543,0001558370-25-002711,20250311,"CADRE HOLDINGS, INC.",2-ACC,AF,CLOSED,CLOSED_OPERATING_NON_SHELL,OPERATING,operating,CLOSED_UNIQUE,612684314.0,2024-06-30,268333bcb97936a52ac647c5f293bee0c9fb7af2d39345aa895f93303c0991d1,CLOSED_UNIQUE,482532000.0,CLOSED_UNIQUE,457837000.0,,AF,CLOSED_PRIOR_ACC_REV_GE80_REMAIN_AF,2025-03-17,True,DIRECT,
1860657,0001437749-25-010198,20250331,"ALLARITY THERAPEUTICS, INC.",4-NON,NAF,CLOSED,CLOSED_OPERATING_NON_SHELL,OPERATING,operating,CLOSED_UNIQUE,7460532.0,2024-06-28,879100d26cc8f8d3f51ca3e2429937d7e80b8085561e4eaa89aafb9c9050eff4,NO_WHITELIST_TOPLINE,,NO_WHITELIST_TOPLINE,,,NAF,CLOSED_PF_LT60,2025-03-31,True,DIRECT,
1860742,0001860742-25-000004,20250219,BAUSCH & LOMB CORP,1-LAF,LAF,CLOSED,CLOSED_OPERATING_NON_SHELL,OPERATING,operating,CLOSED_UNIQUE,598093552.0,2024-06-30,036c1ff28539b012875d6a64ce6ddc21ea7375649ce48e1cd2818ff2a32ca38f,CLOSED_UNIQUE,4146000000.0,CLOSED_UNIQUE,3768000000.0,,LAF,CLOSED_PRIOR_LAF_PF_GE560,2025-03-03,True,DIRECT,
1860871,0001641172-25-002426,20250402,TEVOGEN BIO HOLDINGS INC.,4-NON,NAF,CLOSED,CLOSED_OPERATING_NON_SHELL,OPERATING,operating,CLOSED_UNIQUE,21400000.0,2024-06-28,d587cf8a3a72c02a325f4f4c7b8f7e0102d7fcaf019f732fa6fee302f6e11de6,NO_WHITELIST_TOPLINE,,NO_WHITELIST_TOPLINE,,2025-04-01,NAF,CLOSED_PF_LT60,2025-03-31,True,12B25,
1861560,0000950170-25-028328,20250227,"NUVALENT, INC.",1-LAF,LAF,CLOSED,CLOSED_OPERATING_NON_SHELL,OPERATING,operating,CLOSED_UNIQUE,2600000000.0,2024-06-28,fe982e8fbc4f2866e2588ccb5823aa2b8c61438554d763dbfd593626c74b9010,NO_WHITELIST_TOPLINE,,NO_WHITELIST_TOPLINE,,,LAF,CLOSED_PF_GE700,2025-03-03,True,DIRECT,
1861622,0001641172-25-000794,20250326,JET.AI INC.,4-NON,NAF,CLOSED,CLOSED_OPERATING_NON_SHELL,OPERATING,operating,CLOSED_UNIQUE,1837368.0,2024-06-28,6273416d8d01a1813b9f132fd00a940da39f1473a333950305a852daa627f59b,CLOSED_UNIQUE,12214556.0,NO_WHITELIST_TOPLINE,,,NAF,CLOSED_PF_LT60,2025-03-31,True,DIRECT,
1861657,0001641172-25-000654,20250326,"THARIMMUNE, INC.",4-NON,NAF,CLOSED,CLOSED_OPERATING_NON_SHELL,OPERATING,operating,CLOSED_UNIQUE,1700000.0,2024-06-30,62581c4f755d02446b43faaf0bfc29b94d08190f828a084caba21884f3ac26af,NO_WHITELIST_TOPLINE,,NO_WHITELIST_TOPLINE,,,NAF,CLOSED_PF_LT60,2025-03-31,True,DIRECT,
1861795,0000950170-25-029086,20250227,DEFINITIVE HEALTHCARE CORP.,2-ACC,AF,CLOSED,CLOSED_OPERATING_NON_SHELL,OPERATING,operating,CLOSED_UNIQUE,284400000.0,2024-06-30,f5db395a2b0b4b8f01854947894e02a3e9b877e87738bb0be8ad6f39060079d7,CLOSED_UNIQUE,251415000.0,CLOSED_UNIQUE,222653000.0,,AF,CLOSED_PRIOR_ACC_REV_GE80_REMAIN_AF,2025-03-17,True,DIRECT,
1862150,0001641172-25-000970,20250327,CINGULATE INC.,4-NON,NAF,CLOSED,CLOSED_OPERATING_NON_SHELL,OPERATING,operating,CLOSED_UNIQUE,2000000.0,2024-06-30,a4469436deba0ed135f447a05c78458201a5ccd6ba405481ec3de6e1ff732635,NO_WHITELIST_TOPLINE,,NO_WHITELIST_TOPLINE,,,NAF,CLOSED_PF_LT60,2025-03-31,True,DIRECT,
1862463,0001641172-25-004768,20250415,"ALPHA MODUS HOLDINGS, INC.",4-NON,NAF,CLOSED,CLOSED_OPERATING_NON_SHELL,OPERATING,operating,CLOSED_UNIQUE,13576724.0,2024-06-30,5569af6132b27190aed10e2fd9f60795d791a162507c9a992c5c3db56eb65765,NO_WHITELIST_TOPLINE,,NO_WHITELIST_TOPLINE,,2025-03-31,NAF,CLOSED_PF_LT60,2025-03-31,True,12B25,
1863990,0001558370-25-004015,20250328,"MULTISENSOR AI HOLDINGS, INC.",4-NON,NAF,CLOSED,CLOSED_OPERATING_NON_SHELL,OPERATING,operating,CLOSED_UNIQUE,5600000.0,2024-06-28,007e3939103237557609eb3136041704f86ce2525ed5d15bc4ddae37162b9681,NO_WHITELIST_TOPLINE,,NO_WHITELIST_TOPLINE,,,NAF,CLOSED_PF_LT60,2025-03-31,True,DIRECT,
1864943,0001628280-25-015656,20250331,FGI INDUSTRIES LTD.,4-NON,NAF,CLOSED,CLOSED_OPERATING_NON_SHELL,OPERATING,operating,CLOSED_UNIQUE,2871584.0,2024-06-30,f78e1e8894f04c225c7abd14606d19b465b5dbae4587fde2ee0678985e5e032a,CLOSED_UNIQUE,117241604.0,CLOSED_UNIQUE,161718543.0,,NAF,CLOSED_PF_LT60,2025-03-31,True,DIRECT,
1865107,0001865107-25-000016,20250306,A.K.A. BRANDS HOLDING CORP.,4-NON,NAF,CLOSED,CLOSED_OPERATING_NON_SHELL,OPERATING,operating,CLOSED_UNIQUE,10113423.0,2024-06-30,4eef7ad14a0e1bbcd82756f93bc8f52ea34f571810cacf49efd3451e17711cf3,CLOSED_UNIQUE,546258000.0,CLOSED_UNIQUE,611738000.0,,NAF,CLOSED_PF_LT60,2025-03-31,True,DIRECT,
1865187,0001558370-25-001818,20250227,"ARIS WATER SOLUTIONS, INC.",2-ACC,AF,CLOSED,CLOSED_OPERATING_NON_SHELL,OPERATING,operating,CLOSED_UNIQUE,507400000.0,2024-06-30,5051cf9944de90b8a6f03fa54a147885476073b1b8925aae032c7474fab2fb97,CLOSED_UNIQUE,392118000.0,CLOSED_UNIQUE,321001000.0,,AF,CLOSED_PRIOR_ACC_REV_GE80_REMAIN_AF,2025-03-17,True,DIRECT,
1865494,0000950170-25-047744,20250331,"IO BIOTECH, INC.",4-NON,NAF,CLOSED,CLOSED_OPERATING_NON_SHELL,OPERATING,operating,CLOSED_UNIQUE,60600000.0,2024-06-30,a4b3c1c6e505b1db622193a3859a26824abdc5f6f9f6d0be4ce8472747dbb7bf,NO_WHITELIST_TOPLINE,,NO_WHITELIST_TOPLINE,,,NAF,CLOSED_PRIOR_NON_PF_LT75,2025-03-31,True,DIRECT,
1865506,0001213900-25-047877,20250528,ZEO ENERGY CORP.,4-NON,NAF,CLOSED,CLOSED_OPERATING_NON_SHELL,OPERATING,operating,CLOSED_UNIQUE,7350910.0,2024-06-28,e8ab89479f70e3b29c2b1e3102a17066343bbc97a02e1efc9fa1ddcdeb4b5106,NO_WHITELIST_TOPLINE,,NO_WHITELIST_TOPLINE,,2025-03-31,NAF,CLOSED_PF_LT60,2025-03-31,False,LATE,
1866175,0001866175-25-000024,20250226,CRESCENT ENERGY CO,2-ACC,AF,CLOSED,CLOSED_OPERATING_NON_SHELL,OPERATING,operating,CLOSED_UNIQUE,1195000000.0,2024-06-30,3d930318ed9a6aa23c6af77c69e404e2bb305409bd25b1baf8d09a76a1943eab,CLOSED_UNIQUE,2382602000.0,CLOSED_UNIQUE,3057065000.0,,LAF,CLOSED_PF_GE700,2025-03-03,True,DIRECT,
1866581,0001866581-25-000048,20250213,DUTCH BROS INC.,1-LAF,LAF,CLOSED,CLOSED_OPERATING_NON_SHELL,OPERATING,operating,CLOSED_UNIQUE,4900000000.0,2024-06-30,57a2e3511b4e200956b986ecf4b363d0c4fdf6633f8a81815fdebd8c7839e981,CLOSED_UNIQUE,965776000.0,CLOSED_UNIQUE,739012000.0,,LAF,CLOSED_PF_GE700,2025-03-03,True,DIRECT,
1866633,0001866633-25-000004,20250220,"CONSENSUS CLOUD SOLUTIONS, INC.",1-LAF,LAF,CLOSED,CLOSED_OPERATING_NON_SHELL,OPERATING,operating,CLOSED_UNIQUE,323412882.0,2024-06-30,18c37d3d3e6ab053c202e8ce412a51f193dd073c12ad28e42e82de5b789bff4f,CLOSED_UNIQUE,362562000.0,CLOSED_UNIQUE,362422000.0,,AF,CLOSED_PRIOR_LAF_REV_GE100_EXIT_AF,2025-03-17,True,DIRECT,
1866692,0000950170-25-024135,20250220,"AMPLITUDE, INC.",1-LAF,LAF,CLOSED,CLOSED_OPERATING_NON_SHELL,OPERATING,operating,CLOSED_UNIQUE,767100000.0,2024-06-30,ea005199d118cd21e08e9f6a70ec9042b8e3bb3ddf5c2c6955b1285047f94d1e,CLOSED_UNIQUE,276284000.0,CLOSED_UNIQUE,238067000.0,,LAF,CLOSED_PF_GE700,2025-03-03,True,DIRECT,
1866757,0001866757-25-000038,20250313,"BRILLIANT EARTH GROUP, INC.",4-NON,NAF,CLOSED,CLOSED_OPERATING_NON_SHELL,OPERATING,operating,CLOSED_UNIQUE,29100000.0,2024-06-28,28a1f09048408a92f716391923aeb4cfd3281e4508b94ee37b774a3cce2259b0,CLOSED_UNIQUE,446382000.0,CLOSED_UNIQUE,439882000.0,,NAF,CLOSED_PF_LT60,2025-03-31,True,DIRECT,
1867066,0001410578-25-000490,20250327,JOURNEY MEDICAL CORP,4-NON,NAF,CLOSED,CLOSED_OPERATING_NON_SHELL,OPERATING,operating,CLOSED_UNIQUE,50127341.0,2024-06-30,5fff7ede16ff8ac86f28026607e8590ca30333d4122bb84ecfd87f7ac10c6b95,CLOSED_UNIQUE,79181000.0,CLOSED_UNIQUE,73669000.0,,NAF,CLOSED_PF_LT60,2025-03-31,True,DIRECT,
1867096,0001867096-25-000039,20250306,"XERIS BIOPHARMA HOLDINGS, INC.",2-ACC,AF,CLOSED,CLOSED_OPERATING_NON_SHELL,OPERATING,operating,CLOSED_UNIQUE,335100000.0,2024-06-30,87af8f3796c29abf41fd32352b3993ce758d65007d2f80edd6ac4d15a12efb77,CLOSED_UNIQUE,163914000.0,CLOSED_UNIQUE,110248000.0,,AF,CLOSED_PRIOR_ACC_REV_GE80_REMAIN_AF,2025-03-17,True,DIRECT,
1868419,0001641172-25-005155,20250417,"CYCURION, INC.",4-NON,NAF,CLOSED,CLOSED_OPERATING_NON_SHELL,OPERATING,operating,CLOSED_UNIQUE,7152959.0,2024-06-28,2e6a77c0b561c7f662765f61f9116ba299fed6067ecf6191885ce9f349706284,NO_WHITELIST_TOPLINE,,NO_WHITELIST_TOPLINE,,2025-04-01,NAF,CLOSED_PF_LT60,2025-03-31,False,LATE,
1868726,0001868726-25-000013,20250304,"OLAPLEX HOLDINGS, INC.",2-ACC,AF,CLOSED,CLOSED_OPERATING_NON_SHELL,OPERATING,operating,CLOSED_UNIQUE,212200000.0,2024-06-30,9e587c6f2393b5906e79a133b4c4921917d69fb5034cec6884a02413c4b1f90b,CLOSED_UNIQUE,458300000.0,CLOSED_UNIQUE,704274000.0,,AF,CLOSED_PRIOR_ACC_REV_GE80_REMAIN_AF,2025-03-17,True,DIRECT,
1868778,0001868778-25-000007,20250225,INFORMATICA INC.,1-LAF,LAF,CLOSED,CLOSED_OPERATING_NON_SHELL,OPERATING,operating,CLOSED_UNIQUE,2100000000.0,2024-06-30,2b18ce6b7f5a0e2624dd75377cf7f9d0426d3fd0e0d8940ec52d002c94cbaca5,CLOSED_UNIQUE,1595160000.0,CLOSED_UNIQUE,1505118000.0,,LAF,CLOSED_PF_GE700,2025-03-03,True,DIRECT,
1869198,0001869198-25-000009,20250227,"LIFE TIME GROUP HOLDINGS, INC.",1-LAF,LAF,CLOSED,CLOSED_OPERATING_NON_SHELL,OPERATING,operating,CLOSED_UNIQUE,958000000.0,2024-06-30,e480e52d5f78003dce48d7b7fa07d49209c2fa8a1de05e660e63cd140c493522,CLOSED_UNIQUE,2216593000.0,CLOSED_UNIQUE,1822557000.0,,LAF,CLOSED_PF_GE700,2025-03-03,True,DIRECT,
1870144,0001079973-25-000428,20250320,"CARDIO DIAGNOSTICS HOLDINGS, INC.",4-NON,NAF,CLOSED,CLOSED_OPERATING_NON_SHELL,OPERATING,operating,CLOSED_UNIQUE,10700000.0,2024-06-30,95017bf5e564da3f7ca979b5f6ad74e79ec122ea371d07caec181a2e71252663,CLOSED_UNIQUE,17065.0,CLOSED_UNIQUE,950.0,,NAF,CLOSED_PF_LT60,2025-03-31,True,DIRECT,
1870600,0001870600-25-000029,20250312,"SOLO BRANDS, INC.",2-ACC,AF,CLOSED,CLOSED_OPERATING_NON_SHELL,OPERATING,operating,CLOSED_UNIQUE,63700000.0,2024-06-28,ccf4f0e78fa21becdbb03ded20bb6a03c0abbb137470303629df7a76c7a3eb1c,CLOSED_UNIQUE,494776000.0,CLOSED_UNIQUE,517627000.0,,AF,CLOSED_PRIOR_ACC_REV_GE80_REMAIN_AF,2025-03-17,True,DIRECT,
1870940,0001870940-25-000008,20250314,"AIRSCULPT TECHNOLOGIES, INC.",2-ACC,AF,CLOSED,CLOSED_OPERATING_NON_SHELL,OPERATING,operating,CLOSED_UNIQUE,52700000.0,2024-06-30,c9b3515e8cdc23bcd9f30de98f6cb0c924899de305a5d03f3d58340918fc5d7a,CLOSED_UNIQUE,195917000.0,CLOSED_UNIQUE,168794000.0,,NAF,CLOSED_PF_LT60,2025-03-31,True,DIRECT,
1871181,0001493152-25-009601,20250310,"FAMILY OFFICE OF AMERICA, INC.",4-NON,NAF,CLOSED,CLOSED_OPERATING_NON_SHELL,OPERATING,operating,CLOSED_UNIQUE,3514000.0,2024-06-30,eecf72545de3b7db0cec2a6af375f9b9e8978c0dc01da20e88677cdf5b2badd5,NO_WHITELIST_TOPLINE,,NO_WHITELIST_TOPLINE,,,NAF,CLOSED_PF_LT60,2025-03-31,True,DIRECT,
1871509,0001871509-25-000016,20250225,PORTILLO'S INC.,1-LAF,LAF,CLOSED,CLOSED_OPERATING_NON_SHELL,OPERATING,operating,CLOSED_UNIQUE,562202807.0,2024-06-28,ac2520775edc09e77909c11026a34ca1e9ea264173df563c769279313d6091db,NO_WHITELIST_TOPLINE,,NO_WHITELIST_TOPLINE,,,LAF,CLOSED_PRIOR_LAF_PF_GE560,2025-03-03,True,DIRECT,
1871638,0000950170-25-053870,20250415,"BLAIZE HOLDINGS, INC.",4-NON,NAF,CLOSED,CLOSED_OPERATING_NON_SHELL,OPERATING,operating,CLOSED_UNIQUE,52900000.0,2024-06-28,2d6a8b7b6ce87a25074ce9618708d65bd157f1ecc98734e2b8733cced100aa12,NO_WHITELIST_TOPLINE,,NO_WHITELIST_TOPLINE,,2025-04-01,NAF,CLOSED_PF_LT60,2025-03-31,True,12B25,
1872292,0001641172-25-001425,20250331,RAINMAKER WORLDWIDE INC.,4-NON,NAF,CLOSED,CLOSED_OPERATING_NON_SHELL,OPERATING,operating,CLOSED_UNIQUE,612934.0,2024-06-30,5b2106287311a769121a91df958f2758e3396c6db4c065f95fba905d6a167ae5,CLOSED_UNIQUE,78912.0,NO_WHITELIST_TOPLINE,,,NAF,CLOSED_PF_LT60,2025-03-31,True,DIRECT,
1872525,0001213900-25-031596,20250414,"STRAN & COMPANY, INC.",4-NON,NAF,CLOSED,CLOSED_OPERATING_NON_SHELL,OPERATING,operating,CLOSED_UNIQUE,11070515.52,2024-06-28,5f25057497083a04507d11a599657ea9ef941dcf5102985efef17c2309ea51b3,CLOSED_UNIQUE,75893871.0,CLOSED_UNIQUE,58953467.0,2025-04-01,NAF,CLOSED_PF_LT60,2025-03-31,True,12B25,
1873722,0001641172-25-001484,20250331,BUBBLR INC.,4-NON,NAF,CLOSED,CLOSED_OPERATING_NON_SHELL,OPERATING,operating,CLOSED_UNIQUE,3483073.0,2024-06-28,5c437ef0453cc4c1aeaf807042b9be0abe718b6e676b5c88e2446c0ede63ed84,CLOSED_UNIQUE,2620.0,NO_WHITELIST_TOPLINE,,,NAF,CLOSED_PF_LT60,2025-03-31,True,DIRECT,
1873923,0001873923-25-000032,20250305,ORION OFFICE REIT INC.,2-ACC,AF,CLOSED,CLOSED_OPERATING_NON_SHELL,OPERATING,operating,CLOSED_UNIQUE,199600000.0,2024-06-28,745b483e1cd82e13aee23cee267f6049f7ea2606bc1a9333c98283ba324c9def,CLOSED_UNIQUE,195041000.0,CLOSED_UNIQUE,208118000.0,,AF,CLOSED_PRIOR_ACC_REV_GE80_REMAIN_AF,2025-03-17,True,DIRECT,
1874071,0000950170-25-038826,20250313,"PONCE FINANCIAL GROUP, INC.",4-NON,NAF,CLOSED,CLOSED_OPERATING_NON_SHELL,OPERATING,operating,CLOSED_UNIQUE,194666597000.0,2024-06-28,bb5e7b215f177563ba3d0940fdb7c0a56051ebe9bd9b2324e8ef01db443efd1a,NO_WHITELIST_TOPLINE,,NO_WHITELIST_TOPLINE,,,LAF,CLOSED_PF_GE700,2025-03-03,False,LATE,
1874097,0001213900-25-021260,20250306,CYNGN INC.,4-NON,NAF,CLOSED,CLOSED_OPERATING_NON_SHELL,OPERATING,operating,CLOSED_UNIQUE,12956005.0,2024-06-30,6095c0ae1efed72fbe0f7190ea0b977d0ed4310e57fbfcc10d279b3c222779e0,CLOSED_UNIQUE,1489317.0,CLOSED_UNIQUE,262000.0,,NAF,CLOSED_PF_LT60,2025-03-31,True,DIRECT,
1874178,0001874178-25-000007,20250224,"RIVIAN AUTOMOTIVE, INC. / DE",1-LAF,LAF,CLOSED,CLOSED_OPERATING_NON_SHELL,OPERATING,operating,CLOSED_UNIQUE,11200000000.0,2024-06-30,7bc7e40adb711e59f278faec40b002cff37ee6c54df2bbbbc0c75b8e4ccf73b9,NO_WHITELIST_TOPLINE,,NO_WHITELIST_TOPLINE,,,LAF,CLOSED_PF_GE700,2025-03-03,True,DIRECT,
1874875,0001641172-25-000930,20250327,"HOUR LOOP, INC",4-NON,NAF,CLOSED,CLOSED_OPERATING_NON_SHELL,OPERATING,operating,CLOSED_UNIQUE,1611150.0,2024-06-28,a04cf78c222e8eb81ebd24492a060b50fc85560f54f686d2cd164975ddafde6f,NO_WHITELIST_TOPLINE,,NO_WHITELIST_TOPLINE,,,NAF,CLOSED_PF_LT60,2025-03-31,True,DIRECT,
1875444,0001875444-25-000021,20250226,"ARHAUS, INC.",2-ACC,AF,CLOSED,CLOSED_OPERATING_NON_SHELL,OPERATING,operating,CLOSED_UNIQUE,866000000.0,2024-06-30,e6ed788aec03961ae464ac7fcefcf5fffba8078e029dc492eb4d9c4abac65962,CLOSED_UNIQUE,1287704000.0,CLOSED_UNIQUE,1228928000.0,,LAF,CLOSED_PF_GE700,2025-03-03,True,DIRECT,
1876255,0000950170-25-045464,20250326,"AB COMMERCIAL REAL ESTATE PRIVATE DEBT FUND, LLC",4-NON,NAF,CLOSED,CLOSED_OPERATING_NON_SHELL,OPERATING,operating,CLOSED_UNIQUE,0.0,2024-06-30,4f86fcaa129c90a6f779eabbd267c59eeb98bec2ba3df5c75e9e4447afc8b3ec,NO_WHITELIST_TOPLINE,,NO_WHITELIST_TOPLINE,,,NAF,CLOSED_PF_LT60,2025-03-31,True,DIRECT,
1876588,0000950170-25-027757,20250226,ZIMVIE INC.,2-ACC,AF,CLOSED,CLOSED_OPERATING_NON_SHELL,OPERATING,operating,CLOSED_UNIQUE,493667774.0,2024-06-28,d7dc25e8493fe17c8f1efd43d398ccfbb69dd96bd9d36e30d17d55dbab713eb0,CLOSED_UNIQUE,457433000.0,CLOSED_UNIQUE,913862000.0,,AF,CLOSED_PRIOR_ACC_REV_GE80_REMAIN_AF,2025-03-17,True,DIRECT,
1877322,0001877322-25-000021,20250220,ESAB CORP,1-LAF,LAF,CLOSED,CLOSED_OPERATING_NON_SHELL,OPERATING,operating,CLOSED_UNIQUE,5707000000.0,2024-06-28,65e8e21825db64e9073379caceffc0f3e64de5446eb51cea1556de2147e81e63,CLOSED_UNIQUE,2774766000.0,CLOSED_UNIQUE,2593480000.0,,LAF,CLOSED_PF_GE700,2025-03-03,True,DIRECT,
1877461,0001477932-25-002206,20250331,1606 CORP.,4-NON,NAF,CLOSED,CLOSED_OPERATING_NON_SHELL,OPERATING,operating,CLOSED_UNIQUE,3279997.0,2024-06-30,8938a08ce8102193583670db82743c3ca071bb0c9cfdcaad8e4f2fb6b7540ef6,NO_WHITELIST_TOPLINE,,NO_WHITELIST_TOPLINE,,,NAF,CLOSED_PF_LT60,2025-03-31,True,DIRECT,
1877939,0001877939-25-000021,20250311,"CASTELLUM, INC.",4-NON,NAF,CLOSED,CLOSED_OPERATING_NON_SHELL,OPERATING,operating,CLOSED_UNIQUE,11601967.0,2024-06-28,990929307a289e84119fc77b0a858503f93774396921871b3a91de5ec5842083,CLOSED_UNIQUE,45243812.0,CLOSED_UNIQUE,42190643.0,,NAF,CLOSED_PF_LT60,2025-03-31,True,DIRECT,
1878313,0000950170-25-043190,20250321,"MAIA BIOTECHNOLOGY, INC.",4-NON,NAF,CLOSED,CLOSED_OPERATING_NON_SHELL,OPERATING,operating,CLOSED_UNIQUE,67463300.0,2024-06-30,8a4307a0e433f774c352cdafcc859dd22619e209464b1367666fabab2578b8b7,NO_WHITELIST_TOPLINE,,NO_WHITELIST_TOPLINE,,,NAF,CLOSED_PRIOR_NON_PF_LT75,2025-03-31,True,DIRECT,
1878897,0001878897-25-000009,20250317,DOUGLAS ELLIMAN INC.,2-ACC,AF,CLOSED,CLOSED_OPERATING_NON_SHELL,OPERATING,operating,CLOSED_UNIQUE,93000000.0,2024-06-30,cfd2d7de5eb0e5679d5035554987cd0f2e148ebc2dc7cc0fec345808f44866c0,CLOSED_UNIQUE,955578000.0,CLOSED_UNIQUE,1153177000.0,,AF,CLOSED_PRIOR_ACC_REV_GE80_REMAIN_AF,2025-03-17,True,DIRECT,
1879270,0001185185-25-000206,20250321,CANNAISSEUR GROUP INC.,4-NON,NAF,CLOSED,CLOSED_OPERATING_NON_SHELL,OPERATING,operating,CLOSED_UNIQUE,2782327.0,2024-06-30,41993c2b619b900634f6cf7c6ea05a006ea76969b6e3c96ecbcc476acc757e1e,NO_WHITELIST_TOPLINE,,NO_FY2022_10K,,,NAF,CLOSED_PF_LT60,2025-03-31,True,DIRECT,
1879293,0001641172-25-001445,20250331,"MAG MILE CAPITAL, INC.",4-NON,NAF,CLOSED,CLOSED_OPERATING_NON_SHELL,OPERATING,operating,CLOSED_UNIQUE,4343400.0,2024-06-28,92a375e0cbf766cd577f5a88b4f4f97f4d389d9eb7d9dbc4c3be194a170b45f8,CLOSED_UNIQUE,1919243.0,NO_FY2022_10K,,,NAF,CLOSED_PF_LT60,2025-03-31,True,DIRECT,
1879403,0001213900-25-032211,20250415,LA ROSA HOLDINGS CORP.,4-NON,NAF,CLOSED,CLOSED_OPERATING_NON_SHELL,OPERATING,operating,CLOSED_UNIQUE,31933113.0,2024-06-28,4039d2ffe69a2b82e0a83f94d65a8095705c6d8a99a0394a147312e57ecc5ed7,CLOSED_UNIQUE,31759404.0,NO_FY2022_10K,,2025-03-27,NAF,CLOSED_PF_LT60,2025-03-31,True,12B25,
1879726,0001641172-25-001742,20250331,SIDUS SPACE INC.,4-NON,NAF,CLOSED,CLOSED_OPERATING_NON_SHELL,OPERATING,operating,CLOSED_UNIQUE,9538645.0,2024-06-30,2e690121bd59df13e3fb9af1a179b543834035870a92edaab27f15abc52abdff,CLOSED_UNIQUE,5010565.0,CLOSED_UNIQUE,6250780.0,,NAF,CLOSED_PF_LT60,2025-03-31,True,DIRECT,
1879848,0001641172-25-013062,20250530,PHOENIX MOTOR INC.,4-NON,NAF,CLOSED,CLOSED_OPERATING_NON_SHELL,OPERATING,operating,CLOSED_UNIQUE,5191394.0,2024-06-30,4f3ca0ff4c70199b0b0b31a61ce264bd2c81f2b1c5281bc9a3bc6ecc607376ca,NO_WHITELIST_TOPLINE,,NO_WHITELIST_TOPLINE,,2025-04-01,NAF,CLOSED_PF_LT60,2025-03-31,False,LATE,
1880319,0001880319-25-000021,20250220,"PERIMETER SOLUTIONS, INC.",1-LAF,LAF,CLOSED,CLOSED_OPERATING_NON_SHELL,OPERATING,operating,CLOSED_UNIQUE,1072356828.0,2024-06-30,0cd880bd7f3e006461b5c91db0c062ba87e143b9b5e9b6e391c0ce4401dcfcf1,CLOSED_UNIQUE,322108000.0,CLOSED_UNIQUE,360505000.0,,LAF,CLOSED_PF_GE700,2025-03-03,True,DIRECT,
1880343,0001554795-25-000088,20250331,"AMAZE HOLDINGS, INC.",4-NON,NAF,CLOSED,CLOSED_OPERATING_NON_SHELL,OPERATING,operating,CLOSED_UNIQUE,5610312.0,2024-06-30,57475fd1e60cc951bfe21f210d6cfea86d0d1bcd7b2f06c81bbc38312a9edaf7,CLOSED_UNIQUE,1826190.0,CLOSED_UNIQUE,2860001.0,,NAF,CLOSED_PF_LT60,2025-03-31,True,DIRECT,
1880438,0000950170-25-044366,20250325,"AN2 THERAPEUTICS, INC.",4-NON,NAF,CLOSED,CLOSED_OPERATING_NON_SHELL,OPERATING,operating,CLOSED_UNIQUE,41131046.0,2024-06-28,ec2c0f3e6709ece20dc8d89bf9a5875b2ec4af1ac3af78564b2d4a4d88f8ede3,NO_WHITELIST_TOPLINE,,NO_WHITELIST_TOPLINE,,,NAF,CLOSED_PF_LT60,2025-03-31,True,DIRECT,
1880661,0001880661-25-000014,20250218,TPG INC.,1-LAF,LAF,CLOSED,CLOSED_OPERATING_NON_SHELL,OPERATING,operating,CLOSED_UNIQUE,3751400000.0,2024-06-28,8eabdfc9a8b86f53af988d5cb3ba2bf45c979db89450d20be925a394b167aeee,CLOSED_UNIQUE,2389911000.0,CLOSED_UNIQUE,2002887000.0,,LAF,CLOSED_PF_GE700,2025-03-03,True,DIRECT,
1881487,0000950170-25-036251,20250310,PROFRAC HOLDING CORP.,2-ACC,AF,CLOSED,CLOSED_OPERATING_NON_SHELL,OPERATING,operating,CLOSED_UNIQUE,154441917.0,2024-06-28,8ee9131b2bced4682d2ae42e9c3046e6bcccbc9409591a88861f6aee015f77ac,CLOSED_UNIQUE,2630000000.0,CLOSED_UNIQUE,2425600000.0,,AF,CLOSED_PRIOR_ACC_REV_GE80_REMAIN_AF,2025-03-17,True,DIRECT,
1881592,0001437749-25-009831,20250328,"NSTS BANCORP, INC.",4-NON,NAF,CLOSED,CLOSED_OPERATING_NON_SHELL,OPERATING,operating,CLOSED_UNIQUE,47100000.0,2024-06-30,97ec3ed6b806da4c93fcb21f33635b15c1941112feb9940f5967fec8ae359298,NO_WHITELIST_TOPLINE,,NO_WHITELIST_TOPLINE,,,NAF,CLOSED_PF_LT60,2025-03-31,True,DIRECT,
1882850,0000950170-25-043328,20250321,"APOLLO REALTY INCOME SOLUTIONS, INC.",4-NON,NAF,CLOSED,CLOSED_OPERATING_NON_SHELL,OPERATING,operating,CLOSED_UNIQUE,0.0,2024-06-30,80b86e5f3834012d5672ea6d12dbe8cf33c1d501390e72be983fda8760a52378,CLOSED_UNIQUE,6912000.0,NO_WHITELIST_TOPLINE,,,NAF,CLOSED_PF_LT60,2025-03-31,True,DIRECT,
1883313,0001883313-25-000013,20250221,"SAVERS VALUE VILLAGE, INC.",4-NON,NAF,CLOSED,CLOSED_OPERATING_NON_SHELL,OPERATING,operating,CLOSED_UNIQUE,329900000.0,2024-06-29,19acb71d3f05f56dede090d57aaaa24c435ce6e7383f5629fec72a9755889ff6,CLOSED_UNIQUE,1500249000.0,NO_FY2022_10K,,,AF,CLOSED_PRIOR_NON_REV_GE100_ENTER_AF,2025-03-17,True,DIRECT,
1883685,0001883685-25-000010,20250214,DRAFTKINGS INC.,1-LAF,LAF,CLOSED,CLOSED_OPERATING_NON_SHELL,OPERATING,operating,CLOSED_UNIQUE,16600000000.0,2024-06-28,4d88e753636cae887f23674529f9dc018c076831f00a48740d7bd0068e4c4aa5,CLOSED_UNIQUE,3665393000.0,CLOSED_UNIQUE,2240461000.0,,LAF,CLOSED_PF_GE700,2025-03-03,True,DIRECT,
1883814,0001558370-25-002183,20250304,"SOUTHLAND HOLDINGS, INC.",4-NON,NAF,CLOSED,CLOSED_OPERATING_NON_SHELL,OPERATING,operating,CLOSED_UNIQUE,57451112.0,2024-06-30,5b8a40cf8d55007936c7c66005283473cf7b0e6340b607e0b2eadb96576988ad,CLOSED_UNIQUE,1160417000.0,NO_WHITELIST_TOPLINE,,,NAF,CLOSED_PF_LT60,2025-03-31,True,DIRECT,
1883984,0001213900-25-052242,20250606,"ALTERNUS CLEAN ENERGY, INC.",4-NON,NAF,CLOSED,CLOSED_OPERATING_NON_SHELL,OPERATING,operating,CLOSED_UNIQUE,29500000.0,2024-06-28,122b78650192cb3af7753e4b61a2a2af3edab269cc80f7c1ef38403c5bde7640,CLOSED_UNIQUE,20084000.0,NO_WHITELIST_TOPLINE,,2025-03-31,NAF,CLOSED_PF_LT60,2025-03-31,False,LATE,
1884164,0001683168-25-002055,20250331,"KWIKCLICK, INC.",4-NON,NAF,CLOSED,CLOSED_OPERATING_NON_SHELL,OPERATING,operating,CLOSED_UNIQUE,12249969.0,2024-06-30,d3fcead551c9804bcc73f1a34ed57cfc191157c8f2c133f14ac99daadb9ca5c4,CLOSED_UNIQUE,288229.0,CLOSED_UNIQUE,606835.0,,NAF,CLOSED_PF_LT60,2025-03-31,True,DIRECT,
1885522,0000950170-25-030401,20250303,"NEUMORA THERAPEUTICS, INC.",4-NON,NAF,CLOSED,CLOSED_OPERATING_NON_SHELL,OPERATING,operating,CLOSED_UNIQUE,823800000.0,2024-06-30,701e28f778521dace928ef7feb9f4034111e150a62f26e0188bf1a7e0ec6a6e9,NO_WHITELIST_TOPLINE,,NO_FY2022_10K,,,LAF,CLOSED_PF_GE700,2025-03-03,True,DIRECT,
1886362,0001213900-25-026198,20250331,"MOBILE GLOBAL ESPORTS, INC.",4-NON,NAF,CLOSED,CLOSED_OPERATING_NON_SHELL,OPERATING,operating,CLOSED_UNIQUE,445000.0,2024-06-30,63b9a41d90ca17482f928944f4f34e1ffc287f1a95e68b36b15be22ef12cf303,CLOSED_UNIQUE,4962.0,NO_WHITELIST_TOPLINE,,,NAF,CLOSED_PF_LT60,2025-03-31,True,DIRECT,
1886894,0001641172-25-000784,20250326,"SNAIL, INC.",4-NON,NAF,CLOSED,CLOSED_OPERATING_NON_SHELL,OPERATING,operating,CLOSED_UNIQUE,6903794.0,2024-06-28,8ce6969f5964f6672e31c2b08768a816fad3c9ab055dc37970d188fea9ffb51f,NO_WHITELIST_TOPLINE,,NO_WHITELIST_TOPLINE,,,NAF,CLOSED_PF_LT60,2025-03-31,True,DIRECT,
1887944,0000950170-25-042721,20250320,SHIMMICK CORP,4-NON,NAF,CLOSED,CLOSED_OPERATING_NON_SHELL,OPERATING,operating,CLOSED_UNIQUE,18100000.0,2024-06-28,ba8e41dd63ff4e6e23d9995015bb1598f27cf7fddf02a8aeed8d1341f592a90d,CLOSED_UNIQUE,632806000.0,NO_FY2022_10K,,,NAF,CLOSED_PF_LT60,2025-03-31,True,DIRECT,
1888886,0001558370-25-001826,20250227,STRUCTURE THERAPEUTICS INC.,4-NON,NAF,CLOSED,CLOSED_OPERATING_NON_SHELL,OPERATING,operating,CLOSED_UNIQUE,1953600000.0,2024-06-30,b30b38fa9df0ca8795b0dd723349475339811e4942b25c2081c51edf764ff8a7,NO_WHITELIST_TOPLINE,,NO_FY2022_10K,,,LAF,CLOSED_PF_GE700,2025-03-03,True,DIRECT,
1889123,0001013762-25-004107,20250328,"FOLD HOLDINGS, INC.",4-NON,NAF,CLOSED,CLOSED_OPERATING_NON_SHELL,OPERATING,operating,CLOSED_UNIQUE,51300000.0,2024-06-28,93bc9e7d118035a1506319046019daf4aea79b7fa7a516c70b89df1e08661cc6,NO_WHITELIST_TOPLINE,,NO_WHITELIST_TOPLINE,,,NAF,CLOSED_PF_LT60,2025-03-31,True,DIRECT,
1889539,0001889539-25-000014,20250213,"COREBRIDGE FINANCIAL, INC.",1-LAF,LAF,CLOSED,CLOSED_OPERATING_NON_SHELL,OPERATING,operating,CLOSED_UNIQUE,7110000000.0,2024-06-30,f3dd1b330bdda23301181e7543af025d487790254559a06cab2dfe629b3f595d,CLOSED_UNIQUE,18878000000.0,CLOSED_UNIQUE,26679000000.0,,LAF,CLOSED_PF_GE700,2025-03-03,True,DIRECT,
1891856,0000950170-25-035772,20250310,"GEN RESTAURANT GROUP, INC.",4-NON,NAF,CLOSED,CLOSED_OPERATING_NON_SHELL,OPERATING,operating,CLOSED_UNIQUE,58775840.0,2024-06-30,184415f3443a4d90df417149c7c6d28664302668529e584f5eb24bb8bbd1a526,CLOSED_UNIQUE,181007000.0,NO_FY2022_10K,,,NAF,CLOSED_PF_LT60,2025-03-31,True,DIRECT,
1892322,0001213900-25-025791,20250331,"HEARTCORE ENTERPRISES, INC.",4-NON,NAF,CLOSED,CLOSED_OPERATING_NON_SHELL,OPERATING,operating,CLOSED_UNIQUE,3594334.0,2024-06-28,0a9eb986fddc1e643b733c1a5f5cc147f34dc773cc95880d945603d2ee08694e,CLOSED_UNIQUE,21845830.0,CLOSED_UNIQUE,8818312.0,,NAF,CLOSED_PF_LT60,2025-03-31,True,DIRECT,
1892492,0001641172-25-004802,20250415,EIGHTCO HOLDINGS INC.,4-NON,NAF,CLOSED,CLOSED_OPERATING_NON_SHELL,OPERATING,operating,CLOSED_UNIQUE,4008639.0,2024-06-28,6fa3f46d992037904f1de2804ea319c764e50e34e8cfa9d7f4bcf25d77a784a0,NO_WHITELIST_TOPLINE,,NO_WHITELIST_TOPLINE,,2025-03-31,NAF,CLOSED_PF_LT60,2025-03-31,True,12B25,
18926,0000018926-25-000010,20250220,"LUMEN TECHNOLOGIES, INC.",1-LAF,LAF,CLOSED,CLOSED_OPERATING_NON_SHELL,OPERATING,operating,CLOSED_UNIQUE,1100000000.0,2024-06-30,1b323b549194379a500aba8bb02ef1bf0134555bde8ba9d08be502b7ce60b66f,CLOSED_UNIQUE,14557000000.0,CLOSED_UNIQUE,17478000000.0,,LAF,CLOSED_PF_GE700,2025-03-03,True,DIRECT,
1893219,0001213900-25-032133,20250415,"ABPRO HOLDINGS, INC.",4-NON,NAF,CLOSED,CLOSED_OPERATING_NON_SHELL,OPERATING,operating,CLOSED_UNIQUE,8200000.0,2024-06-28,dfe2a3cc16450a29a5be701c23e1967f8ae2af47cdc01e9c11d4f12c65d0c575,NO_WHITELIST_TOPLINE,,NO_WHITELIST_TOPLINE,,2025-04-01,NAF,CLOSED_PF_LT60,2025-03-31,True,12B25,
1893657,0001641172-25-000072,20250320,RUBBER LEAF INC,4-NON,NAF,CLOSED,CLOSED_OPERATING_NON_SHELL,OPERATING,operating,CLOSED_UNIQUE,14357366.0,2024-06-30,f73a39237cdc883087f430d25f42581b95a88579f345331a1fbc4e98bd56c06a,CLOSED_UNIQUE,1396152.0,CLOSED_UNIQUE,5259447.0,,NAF,CLOSED_PF_LT60,2025-03-31,True,DIRECT,
1895262,0001628280-25-006184,20250219,NOBLE CORP PLC,1-LAF,LAF,CLOSED,CLOSED_OPERATING_NON_SHELL,OPERATING,operating,CLOSED_UNIQUE,5100000000.0,2024-06-28,0429fe39a3a060de8351923b6a362ed50f7b8842558f8b83d3f8f1cc103b110d,CLOSED_UNIQUE,2589018000.0,CLOSED_UNIQUE,1413847000.0,,LAF,CLOSED_PF_GE700,2025-03-03,True,DIRECT,
1896212,0001641172-25-001246,20250328,CONDUIT PHARMACEUTICALS INC.,4-NON,NAF,CLOSED,CLOSED_OPERATING_NON_SHELL,OPERATING,operating,CLOSED_UNIQUE,41401162.0,2024-06-28,0d5c713495a31070cee9a91aa6cfffed3f664f850346a31f2a1517eca48d5e2c,NO_WHITELIST_TOPLINE,,NO_WHITELIST_TOPLINE,,,NAF,CLOSED_PF_LT60,2025-03-31,True,DIRECT,
1898474,0001213900-25-031093,20250411,"SIGNING DAY SPORTS, INC.",4-NON,NAF,CLOSED,CLOSED_OPERATING_NON_SHELL,OPERATING,operating,CLOSED_UNIQUE,3301121.43,2024-06-28,5d6424ca216ae7c70ec18715e7d6880b74ecc73ffe4b281ea735fe27dc988f51,NO_WHITELIST_TOPLINE,,NO_FY2022_10K,,2025-04-01,NAF,CLOSED_PF_LT60,2025-03-31,True,12B25,
1898496,0001628280-25-013103,20250317,"GETTY IMAGES HOLDINGS, INC.",2-ACC,AF,CLOSED,CLOSED_OPERATING_NON_SHELL,OPERATING,operating,CLOSED_UNIQUE,134883569.28,2024-06-30,17d44a3bc4fc3405a0743c843f4bddebcdc5a9dfe0efeb2440ba25aaba51f0c9,CLOSED_UNIQUE,916555000.0,CLOSED_UNIQUE,926244000.0,,AF,CLOSED_PRIOR_ACC_REV_GE80_REMAIN_AF,2025-03-17,True,DIRECT,
1898604,0001641172-25-000804,20250327,YOSHIHARU GLOBAL CO.,4-NON,NAF,CLOSED,CLOSED_OPERATING_NON_SHELL,OPERATING,operating,CLOSED_UNIQUE,3000000.0,2024-06-30,a4ad83388a3e3bb6508d3438e445a26b5fb29daf24bcb3f05f22fac207980d81,CLOSED_UNIQUE,9214779.0,CLOSED_UNIQUE,8282368.0,,NAF,CLOSED_PF_LT60,2025-03-31,True,DIRECT,
1899287,0001899287-25-000012,20250320,"AMPRIUS TECHNOLOGIES, INC.",4-NON,NAF,CLOSED,CLOSED_OPERATING_NON_SHELL,OPERATING,operating,CLOSED_UNIQUE,50600000.0,2024-06-30,0c9ea62869fe6b88e9a4f6ebaa26ff2fdc29b4f8cd93f5d71fc838aad769ce0f,CLOSED_UNIQUE,9053000.0,CLOSED_UNIQUE,4409000.0,,NAF,CLOSED_PF_LT60,2025-03-31,True,DIRECT,
1899883,0001899883-25-000007,20250313,FTAI INFRASTRUCTURE INC.,2-ACC,AF,CLOSED,CLOSED_OPERATING_NON_SHELL,OPERATING,operating,CLOSED_UNIQUE,864000000.0,2024-06-30,eea3f44c1bfe98703b11e602d61be8684378e6b3fb70a8772104c1109afcc446,CLOSED_UNIQUE,320472000.0,CLOSED_UNIQUE,261966000.0,2025-03-04,LAF,CLOSED_PF_GE700,2025-03-03,True,12B25,
1900520,0001213900-25-032200,20250415,"LOMOND THERAPEUTICS HOLDINGS, INC.",4-NON,NAF,CLOSED,CLOSED_OPERATING_NON_SHELL,OPERATING,operating,CLOSED_UNIQUE,0.0,2024-06-30,799fbf236f6eda53f063b18ede1f8f13dd614b1af1865fa6e87b530d30abce81,NO_WHITELIST_TOPLINE,,NO_WHITELIST_TOPLINE,,2025-04-01,NAF,CLOSED_PF_LT60,2025-03-31,True,12B25,
1903382,0001410578-25-000400,20250320,"BLUEROCK HOMES TRUST, INC.",4-NON,NAF,CLOSED,CLOSED_OPERATING_NON_SHELL,OPERATING,operating,CLOSED_UNIQUE,69048385.0,2024-06-30,29adcd19d98c932f7f1abe16dadf61dff2c8a7722f4f821be7c25291a0b70356,CLOSED_UNIQUE,41093000.0,CLOSED_UNIQUE,34144000.0,,NAF,CLOSED_PRIOR_NON_PF_LT75,2025-03-31,True,DIRECT,
1906324,0001906324-25-000035,20250227,QUIDELORTHO CORP,1-LAF,LAF,CLOSED,CLOSED_OPERATING_NON_SHELL,OPERATING,operating,CLOSED_UNIQUE,2182619277.0,2024-06-28,7abb926b3151ed5c9dfd14bfe6cf4d5fa010777931c3c25cae9a9123d591e41e,CLOSED_UNIQUE,2997800000.0,CLOSED_UNIQUE,3266000000.0,,LAF,CLOSED_PF_GE700,2025-03-03,True,DIRECT,
1907223,0001213900-25-026372,20250331,"KLOTHO NEUROSCIENCES, INC.",4-NON,NAF,CLOSED,CLOSED_OPERATING_NON_SHELL,OPERATING,operating,CLOSED_UNIQUE,13600000.0,2024-06-30,59163f89ede435bbd97e2011d5ffd4a89dc156fe9f5daacfffcb7bf720d1672d,NO_WHITELIST_TOPLINE,,NO_WHITELIST_TOPLINE,,,NAF,CLOSED_PF_LT60,2025-03-31,True,DIRECT,
1907425,0001641172-25-008460,20250505,JOCOM HOLDINGS CORP.,4-NON,NAF,CLOSED,CLOSED_OPERATING_NON_SHELL,OPERATING,operating,CLOSED_UNIQUE,6702990.0,2024-06-28,a1fddb88a40af916afce90e1ca96637e5668f47339103940db90ba37912f23bc,CLOSED_UNIQUE,24000.0,CLOSED_UNIQUE,96000.0,2025-03-26,NAF,CLOSED_PF_LT60,2025-03-31,False,LATE,
1910139,0001410578-25-000127,20250213,MOBILEYE GLOBAL INC.,1-LAF,LAF,CLOSED,CLOSED_OPERATING_NON_SHELL,OPERATING,operating,CLOSED_UNIQUE,2690000000.0,2024-06-29,08d34ffa4238b355c888125cc81ab916f920618432fc0e0d0983338f70503f34,CLOSED_UNIQUE,2079000000.0,CLOSED_UNIQUE,1869000000.0,,LAF,CLOSED_PF_GE700,2025-03-03,True,DIRECT,
1911467,0001096906-25-000275,20250320,"CIRCLE ENERGY, INC./NV",4-NON,NAF,CLOSED,CLOSED_OPERATING_NON_SHELL,OPERATING,operating,CLOSED_UNIQUE,475000.0,2024-06-30,bf91a1622f5b920acdf72fae586fb130e3f6e2fc8311c919434b59dbd318bece,CLOSED_UNIQUE,0.0,CLOSED_UNIQUE,0.0,,NAF,CLOSED_PF_LT60,2025-03-31,True,DIRECT,
1912582,0001213900-25-026239,20250331,"THUNDER POWER HOLDINGS, INC.",4-NON,NAF,CLOSED,CLOSED_OPERATING_NON_SHELL,OPERATING,operating,CLOSED_UNIQUE,73331275.0,2024-06-28,485da74b07f9a2a1c9901e7f1383ca35915fa6cde644659b62a156eb46b428bd,NO_WHITELIST_TOPLINE,,NO_WHITELIST_TOPLINE,,,NAF,CLOSED_PRIOR_NON_PF_LT75,2025-03-31,True,DIRECT,
1914496,0001914496-25-000017,20250328,"SCULPTOR DIVERSIFIED REAL ESTATE INCOME TRUST, INC.",4-NON,NAF,CLOSED,CLOSED_OPERATING_NON_SHELL,OPERATING,operating,CLOSED_UNIQUE,0.0,2024-06-30,2fae3b523aaaf55f8b49f3d61cd6f0ee00af267d24d234627178f8f49f9a5391,CLOSED_UNIQUE,38843000.0,NO_FY2022_10K,,,NAF,CLOSED_PF_LT60,2025-03-31,True,DIRECT,
1915657,0001915657-25-000019,20250220,HF SINCLAIR CORP,1-LAF,LAF,CLOSED,CLOSED_OPERATING_NON_SHELL,OPERATING,operating,CLOSED_UNIQUE,9300000000.0,2024-06-30,215f7121ffae39c5a225814ceb3d048a4092fef5a8756948255f641df05db5f4,NO_WHITELIST_TOPLINE,,NO_WHITELIST_TOPLINE,,,LAF,CLOSED_PF_GE700,2025-03-03,True,DIRECT,
1920406,0001213900-25-026431,20250331,ASSET ENTITIES INC.,4-NON,NAF,CLOSED,CLOSED_OPERATING_NON_SHELL,OPERATING,operating,CLOSED_UNIQUE,2288866.66,2024-06-28,275bbdbd30ce153dfd26ad71220752070a11f00abd07a45a6f1973959051f66a,CLOSED_UNIQUE,277038.0,CLOSED_UNIQUE,343106.0,,NAF,CLOSED_PF_LT60,2025-03-31,True,DIRECT,
1921963,0001921963-25-000029,20250221,ATMUS FILTRATION TECHNOLOGIES INC.,4-NON,NAF,CLOSED,CLOSED_OPERATING_NON_SHELL,OPERATING,operating,CLOSED_UNIQUE,2399100000.0,2024-06-30,fc4afc269059ab6b0f8032bd72d20fb9cfad79c4a8d34e96675b9c0ba2699317,CLOSED_UNIQUE,1628100000.0,NO_FY2022_10K,,,LAF,CLOSED_PF_GE700,2025-03-03,True,DIRECT,
1922858,0001213900-25-032218,20250415,"ECD AUTOMOTIVE DESIGN, INC.",4-NON,NAF,CLOSED,CLOSED_OPERATING_NON_SHELL,OPERATING,operating,CLOSED_UNIQUE,9003636.0,2024-06-30,d6a50bea094c34f7334e631b59ee0f14837f6715edee601bc1b5acb147b083c8,NO_WHITELIST_TOPLINE,,NO_WHITELIST_TOPLINE,,2025-04-01,NAF,CLOSED_PF_LT60,2025-03-31,True,12B25,
1929561,0001929561-25-000044,20250227,"RXO, INC.",1-LAF,LAF,CLOSED,CLOSED_OPERATING_NON_SHELL,OPERATING,operating,CLOSED_UNIQUE,3000000000.0,2024-06-30,6f66e9d18f6e7016c518758321e0b53e5af2451b5bc296fcff0add32084b9789,CLOSED_UNIQUE,3927000000.0,CLOSED_UNIQUE,4796000000.0,,LAF,CLOSED_PF_GE700,2025-03-03,True,DIRECT,
1932393,0001932393-25-000005,20250213,GE HEALTHCARE TECHNOLOGIES INC.,1-LAF,LAF,CLOSED,CLOSED_OPERATING_NON_SHELL,OPERATING,operating,CLOSED_UNIQUE,33000000000.0,2024-06-28,322fa8cbc3b2cf65a9db0a4e359ba1c31ba736a42948365ab84ee216beeed100,CLOSED_UNIQUE,19552000000.0,NO_FY2022_10K,,,LAF,CLOSED_PF_GE700,2025-03-03,True,DIRECT,
1933567,0001493152-25-010984,20250320,"NEURAXIS, INC",4-NON,NAF,CLOSED,CLOSED_OPERATING_NON_SHELL,OPERATING,operating,CLOSED_UNIQUE,16400000.0,2024-06-30,b555447b6d148b56aa871e554ed87f292075c7d7421d8dbf4afacfaf5858d1cb,CLOSED_UNIQUE,2460049.0,NO_FY2022_10K,,,NAF,CLOSED_PF_LT60,2025-03-31,True,DIRECT,
1934245,0001641172-25-002840,20250404,"NEWTON GOLF COMPANY, INC.",4-NON,NAF,CLOSED,CLOSED_OPERATING_NON_SHELL,OPERATING,operating,CLOSED_UNIQUE,3629335.0,2024-06-30,3441e6d3dcf7489000544aa25a65c65eacb628dd4baa63f5a7fd75c6ff427667,CLOSED_UNIQUE,349000.0,NO_FY2022_10K,,2025-04-01,NAF,CLOSED_PF_LT60,2025-03-31,True,12B25,
1934642,0001641172-25-001819,20250331,"MDB CAPITAL HOLDINGS, LLC",4-NON,NAF,CLOSED,CLOSED_OPERATING_NON_SHELL,OPERATING,operating,CLOSED_UNIQUE,32131327.0,2024-06-28,cb776b3249b6b923de386ba43bc6727d0a0f469427f4e34690c17f5ef0e9ad73,NO_WHITELIST_TOPLINE,,NO_FY2022_10K,,,NAF,CLOSED_PF_LT60,2025-03-31,True,DIRECT,
1934850,0001934850-25-000015,20250228,"F&G ANNUITIES & LIFE, INC.",2-ACC,AF,CLOSED,CLOSED_OPERATING_NON_SHELL,OPERATING,operating,CLOSED_UNIQUE,622990760.0,2024-06-30,46581ef46f066f0fd3bac105c83793be37db7fb36064bccf4a21ea65608e4214,CLOSED_UNIQUE,4500000000.0,CLOSED_UNIQUE,2340000000.0,,AF,CLOSED_PRIOR_ACC_REV_GE80_REMAIN_AF,2025-03-17,True,DIRECT,
1935092,0001079973-25-000641,20250414,"CYBER ENVIRO-TECH, INC.",4-NON,NAF,CLOSED,CLOSED_OPERATING_NON_SHELL,OPERATING,operating,CLOSED_UNIQUE,13254041.0,2024-06-28,80f49947866581cbef8682b060aa6261c5aef4d5e0a40691be463d5cce40f3c3,CLOSED_UNIQUE,23649.0,NO_FY2022_10K,,2025-03-31,NAF,CLOSED_PF_LT60,2025-03-31,True,12B25,
1935979,0001935979-25-000015,20250303,BIOHAVEN LTD.,1-LAF,LAF,CLOSED,CLOSED_OPERATING_NON_SHELL,OPERATING,operating,CLOSED_UNIQUE,2239000000.0,2024-06-28,9d535e84e04078b6b89862393a46d2cd1cc45d34dc9b91e01120f13dba1a236c,NO_WHITELIST_TOPLINE,,NO_WHITELIST_TOPLINE,,,LAF,CLOSED_PF_GE700,2025-03-03,True,DIRECT,
1936224,0000950170-25-043326,20250321,SURF AIR MOBILITY INC.,4-NON,NAF,CLOSED,CLOSED_OPERATING_NON_SHELL,OPERATING,operating,CLOSED_UNIQUE,31700000.0,2024-06-30,2e9c25ed3d31ffe2d9dbfa5aec61239be17aca1d5b39d5c012363622ef9e3372,CLOSED_UNIQUE,60505000.0,NO_FY2022_10K,,,NAF,CLOSED_PF_LT60,2025-03-31,True,DIRECT,
1936258,0000950170-25-027339,20250226,NEWAMSTERDAM PHARMA CO N.V.,2-ACC,AF,CLOSED,CLOSED_OPERATING_NON_SHELL,OPERATING,operating,CLOSED_UNIQUE,1051390348.0,2024-06-30,7a2b0b9694e6b4f1fac61279bcdd1d94a8568a674f17697ad539053f7cc09648,CLOSED_UNIQUE,14090000.0,NO_FY2022_10K,,,LAF,CLOSED_PF_GE700,2025-03-03,True,DIRECT,
1937993,0001213900-25-023759,20250313,"CADRENAL THERAPEUTICS, INC.",4-NON,NAF,CLOSED,CLOSED_OPERATING_NON_SHELL,OPERATING,operating,CLOSED_UNIQUE,4008255.0,2024-06-30,91b8f049cc3eee235ef50215a9a4c1e6f5de1b90b0175d0b26d06933fc5b7bd0,NO_WHITELIST_TOPLINE,,NO_WHITELIST_TOPLINE,,,NAF,CLOSED_PF_LT60,2025-03-31,True,DIRECT,
1938046,0001641172-25-000085,20250320,"MANGOCEUTICALS, INC.",4-NON,NAF,CLOSED,CLOSED_OPERATING_NON_SHELL,OPERATING,operating,CLOSED_UNIQUE,5862777.0,2024-06-30,b5850b4f1b4899a48790ea05411e19dc8bc1a24ca0fd5ffd2e427f78861e71f8,CLOSED_UNIQUE,731493.0,NO_FY2022_10K,,,NAF,CLOSED_PF_LT60,2025-03-31,True,DIRECT,
1938338,0001477932-25-002102,20250327,GLOBALTECH CORP,4-NON,NAF,CLOSED,CLOSED_OPERATING_NON_SHELL,OPERATING,operating,CLOSED_UNIQUE,0.0,2024-06-30,11c32c3b728ad7c08a1e7ba01698d38901cf323247ec052c48a53f90e5a5c6a7,CLOSED_UNIQUE,10613766.0,NO_FY2022_10K,,,NAF,CLOSED_PF_LT60,2025-03-31,True,DIRECT,
1938571,0001213900-25-031878,20250415,"ADAPTIN BIO, INC.",4-NON,NAF,CLOSED,CLOSED_OPERATING_NON_SHELL,OPERATING,operating,CLOSED_UNIQUE,0.0,2024-06-30,880f7c771d53e60eadf774b9d4adca320d5e56505bb3643897c06ca5c30b311f,NO_WHITELIST_TOPLINE,,NO_FY2022_10K,,2025-03-31,NAF,CLOSED_PF_LT60,2025-03-31,True,12B25,
1939365,0001213900-25-026232,20250331,"INSPIRE VETERINARY PARTNERS, INC.",4-NON,NAF,CLOSED,CLOSED_OPERATING_NON_SHELL,OPERATING,operating,CLOSED_UNIQUE,6214608.0,2024-06-28,bd8abbe33fffb18843fd48f827b97877580e11d1e076b4da8d225188681df6c8,CLOSED_UNIQUE,16675393.0,NO_FY2022_10K,,,NAF,CLOSED_PF_LT60,2025-03-31,True,DIRECT,
1939433,0001939433-25-000041,20250313,"COHEN & STEERS INCOME OPPORTUNITIES REIT, INC.",4-NON,NAF,CLOSED,CLOSED_OPERATING_NON_SHELL,OPERATING,operating,CLOSED_UNIQUE,0.0,2024-06-30,69c620852997005023c1416985d76833bb3bce6eb5f35314ebead3ece02be7b9,CLOSED_UNIQUE,0.0,NO_FY2022_10K,,,NAF,CLOSED_PF_LT60,2025-03-31,True,DIRECT,
1941365,0001941365-25-000016,20250219,"MASTERBRAND, INC.",1-LAF,LAF,CLOSED,CLOSED_OPERATING_NON_SHELL,OPERATING,operating,CLOSED_UNIQUE,1824505782.0,2024-06-30,a18f81263efb8496f765745eb419688cd7eb6dfc8992773a528c7d7777c346d3,CLOSED_UNIQUE,2726200000.0,NO_FY2022_10K,,,LAF,CLOSED_PF_GE700,2025-03-03,True,DIRECT,
1943802,0000950170-25-042908,20250321,"FIRST SEACOAST BANCORP, INC.",4-NON,NAF,CLOSED,CLOSED_OPERATING_NON_SHELL,OPERATING,operating,CLOSED_UNIQUE,41000000.0,2024-06-30,405f596f1f23556271b6dc7feead3d8c7abb03a8b483dd0ed34d7a16f5200259,NO_WHITELIST_TOPLINE,,NO_WHITELIST_TOPLINE,,,NAF,CLOSED_PF_LT60,2025-03-31,True,DIRECT,
1944013,0001628280-25-008728,20250227,CRANE CO,4-NON,NAF,CLOSED,CLOSED_OPERATING_NON_SHELL,OPERATING,operating,CLOSED_UNIQUE,7030617496.0,2024-06-30,fa60ac8e8c9a2a80cd76f607128ae87e48c018be8e88592053419282771770a2,CLOSED_UNIQUE,2086400000.0,NO_FY2022_10K,,,LAF,CLOSED_PF_GE700,2025-03-03,True,DIRECT,
1944048,0001944048-25-000033,20250224,KENVUE INC.,4-NON,NAF,CLOSED,CLOSED_OPERATING_NON_SHELL,OPERATING,operating,CLOSED_UNIQUE,34800000000.0,2024-06-28,a3f78c189afa23c628fd897c8cb86bdfdd5f2c96dc6db176d7d5aeff90b455e0,CLOSED_UNIQUE,15444000000.0,NO_FY2022_10K,,,LAF,CLOSED_PF_GE700,2025-03-03,True,DIRECT,
1944366,0001944366-25-000041,20250313,BLUE OWL REAL ESTATE NET LEASE TRUST,4-NON,NAF,CLOSED,CLOSED_OPERATING_NON_SHELL,OPERATING,operating,CLOSED_UNIQUE,0.0,2024-06-30,f30bde12795538504697a239562ef68cbf5d838af6d433c1887fcb88b003db2f,CLOSED_UNIQUE,244239000.0,NO_FY2022_10K,,,NAF,CLOSED_PF_LT60,2025-03-31,True,DIRECT,
1944558,0001944558-25-000033,20250312,"VITESSE ENERGY, INC.",4-NON,NAF,CLOSED,CLOSED_OPERATING_NON_SHELL,OPERATING,operating,CLOSED_UNIQUE,591000000.0,2024-06-30,e090b6ff8781431548f0ff4a3239d640f9f6e346d470b5018539d99ed9080031,CLOSED_UNIQUE,233905000.0,CLOSED_UNIQUE,300070000.0,,AF,CLOSED_PRIOR_NON_REV_GE100_ENTER_AF,2025-03-17,True,DIRECT,
1945619,0001683168-25-002782,20250424,KINETIC SEAS INC.,4-NON,NAF,CLOSED,CLOSED_OPERATING_NON_SHELL,OPERATING,operating,CLOSED_UNIQUE,4251442.0,2024-06-30,7914756988701f8baece5329bb82d5092fd9e14041e0dafcb3ec489344d736ee,CLOSED_UNIQUE,0.0,CLOSED_UNIQUE,0.0,2025-03-28,NAF,CLOSED_PF_LT60,2025-03-31,False,LATE,
1946563,0001013762-25-003343,20250327,"60 DEGREES PHARMACEUTICALS, INC.",4-NON,NAF,CLOSED,CLOSED_OPERATING_NON_SHELL,OPERATING,operating,CLOSED_UNIQUE,2700000.0,2024-06-30,c7e0cd79402fc176eeb3bf67af112f6ec620931004b0453cfb18b98a5c80ba16,CLOSED_UNIQUE,253573.0,NO_FY2022_10K,,,NAF,CLOSED_PF_LT60,2025-03-31,True,DIRECT,
1946997,0001410578-25-000524,20250328,"EQT EXETER REAL ESTATE INCOME TRUST, INC.",4-NON,NAF,CLOSED,CLOSED_OPERATING_NON_SHELL,OPERATING,operating,CLOSED_UNIQUE,0.0,2024-06-30,bd268a15134eea49b40c7a3a2d78a8b5ba90e1a4f0c243433eaedc24f58b879b,NO_WHITELIST_TOPLINE,,NO_FY2022_10K,,,NAF,CLOSED_PF_LT60,2025-03-31,True,DIRECT,
1948056,0001948056-25-000015,20250313,KKR INFRASTRUCTURE CONGLOMERATE LLC,4-NON,NAF,CLOSED,CLOSED_OPERATING_NON_SHELL,OPERATING,operating,CLOSED_UNIQUE,0.0,2024-06-30,9dc2d38e53400f43e3b6f98e6edca008af3d0ed03ccb440235b6f18b61f97c5b,NO_WHITELIST_TOPLINE,,NO_WHITELIST_TOPLINE,,,NAF,CLOSED_PF_LT60,2025-03-31,True,DIRECT,
1949543,0001628280-25-008152,20250226,SITIO ROYALTIES CORP.,1-LAF,LAF,CLOSED,CLOSED_OPERATING_NON_SHELL,OPERATING,operating,CLOSED_UNIQUE,1900000000.0,2024-06-28,00c4c64468e6d03db4578be3b856a69f01aeb88f988b3ccb931dbefa173c5ef8,CLOSED_UNIQUE,593356000.0,CLOSED_UNIQUE,369612000.0,,LAF,CLOSED_PF_GE700,2025-03-03,True,DIRECT,
1951667,0001410578-25-000318,20250312,CHEETAH NET SUPPLY CHAIN SERVICE INC.,4-NON,NAF,CLOSED,CLOSED_OPERATING_NON_SHELL,OPERATING,operating,CLOSED_UNIQUE,9101493.0,2024-06-30,06e13f715a36ab2d20e146ad605f63096b7428a1099b62c89b244dda25153bc3,CLOSED_UNIQUE,38315974.0,NO_FY2022_10K,,,NAF,CLOSED_PF_LT60,2025-03-31,True,DIRECT,
1952976,0001952976-25-000007,20250227,NET LEASE OFFICE PROPERTIES,4-NON,NAF,CLOSED,CLOSED_OPERATING_NON_SHELL,OPERATING,operating,CLOSED_UNIQUE,362100000.0,2024-06-30,0a84c253122345e1677254b60b6f5da8a378dc9cb53b2de4f1e4c6368947a8a4,CLOSED_UNIQUE,174965000.0,NO_FY2022_10K,,,AF,CLOSED_PRIOR_NON_REV_GE100_ENTER_AF,2025-03-17,True,DIRECT,
1953366,0001558370-25-001097,20250218,STAR HOLDINGS,4-NON,NAF,CLOSED,CLOSED_OPERATING_NON_SHELL,OPERATING,operating,CLOSED_UNIQUE,155000000.0,2024-06-28,d077499d1dc94c326bf51a43192720ece78d3ffe86804cdb485670e3f7f0c740,CLOSED_UNIQUE,123053000.0,NO_FY2022_10K,,,AF,CLOSED_PRIOR_NON_REV_GE100_ENTER_AF,2025-03-17,True,DIRECT,
1955520,0001955520-25-000010,20250221,KNIFE RIVER CORP,4-NON,NAF,CLOSED,CLOSED_OPERATING_NON_SHELL,OPERATING,operating,CLOSED_UNIQUE,3970815129.0,2024-06-28,8c9409350e17429c98383f3e100c52758c5f2a7a7b6055901ae0a929cd1fb71b,CLOSED_UNIQUE,2830350000.0,NO_FY2022_10K,,,LAF,CLOSED_PF_GE700,2025-03-03,True,DIRECT,
1956744,0001641172-25-001862,20250331,"SRM ENTERTAINMENT, INC.",4-NON,NAF,CLOSED,CLOSED_OPERATING_NON_SHELL,OPERATING,operating,CLOSED_UNIQUE,6651621.0,2024-06-30,92b43adef30d0d21fe057f9db7740edbcc0cf7641939fff01ff06c73557d937f,CLOSED_UNIQUE,5760533.0,NO_FY2022_10K,,,NAF,CLOSED_PF_LT60,2025-03-31,True,DIRECT,
1957845,0001957845-25-000017,20250313,KKR PRIVATE EQUITY CONGLOMERATE LLC,4-NON,NAF,CLOSED,CLOSED_OPERATING_NON_SHELL,OPERATING,operating,CLOSED_UNIQUE,0.0,2024-06-30,27d71b320ca6d6a5279fe39b9b3b930179af2a83a43d04d6002b7a17e5a24f91,NO_WHITELIST_TOPLINE,,NO_FY2022_10K,,,NAF,CLOSED_PF_LT60,2025-03-31,True,DIRECT,
1958086,0000950170-25-019072,20250213,CORE LABORATORIES INC. /DE/,1-LAF,LAF,CLOSED,CLOSED_OPERATING_NON_SHELL,OPERATING,operating,CLOSED_UNIQUE,938376082.0,2024-06-30,cd0b47141d14df227fa464ea1134d2d9701f1f955460e469b17b9513b63c960a,CLOSED_UNIQUE,509790000.0,NO_FY2022_10K,,,LAF,CLOSED_PF_GE700,2025-03-03,True,DIRECT,
1958140,0001558370-25-002009,20250303,"ATLANTA BRAVES HOLDINGS, INC.",4-NON,NAF,CLOSED,CLOSED_OPERATING_NON_SHELL,OPERATING,operating,CLOSED_UNIQUE,2100000000.0,2024-06-30,6b42ca83802d501cd2f5f846c72ddf75e8fef3267f3516be67aca52f4da21818,CLOSED_UNIQUE,640667000.0,NO_FY2022_10K,,,LAF,CLOSED_PF_GE700,2025-03-03,True,DIRECT,
1959023,0001213900-25-026215,20250331,SAFE & GREEN DEVELOPMENT CORP,4-NON,NAF,CLOSED,CLOSED_OPERATING_NON_SHELL,OPERATING,operating,CLOSED_UNIQUE,3503309.0,2024-06-30,6a68337eeffe1ae89429a12e2dc48446fcf5406951b359839619aad606e04200,NO_WHITELIST_TOPLINE,,NO_FY2022_10K,,,NAF,CLOSED_PF_LT60,2025-03-31,True,DIRECT,
1959348,0001628280-25-007817,20250225,WK KELLOGG CO,4-NON,NAF,CLOSED,CLOSED_OPERATING_NON_SHELL,OPERATING,operating,CLOSED_UNIQUE,1400000000.0,2024-06-28,e59b7431baed3bb3da1d3dd2addedda14a5df742975a115840000b19ba4b5252,CLOSED_UNIQUE,2763000000.0,NO_FY2022_10K,,,LAF,CLOSED_PF_GE700,2025-03-03,True,DIRECT,
1960262,0001013762-25-004397,20250331,"LUDWIG ENTERPRISES, INC.",4-NON,NAF,CLOSED,CLOSED_OPERATING_NON_SHELL,OPERATING,operating,CLOSED_UNIQUE,17488299.0,2024-06-28,145afeefd751a92c6f6b76d338eca3f2e88e3237a90c7089a17ba152a2655af8,NO_WHITELIST_TOPLINE,,NO_FY2022_10K,,,NAF,CLOSED_PF_LT60,2025-03-31,True,DIRECT,
1961,0001264931-25-000008,20250401,WORLDS INC,4-NON,NAF,CLOSED,CLOSED_OPERATING_NON_SHELL,OPERATING,operating,CLOSED_UNIQUE,1713375.0,2024-06-30,88f1d56e1dd18eab8f8e827f2f8af1129671f593fc9b64ae4ef16941ec2e9c7f,NO_WHITELIST_TOPLINE,,NO_WHITELIST_TOPLINE,,2025-04-01,NAF,CLOSED_PF_LT60,2025-03-31,True,12B25,
19617,0000019617-25-000270,20250214,JPMORGAN CHASE & CO,1-LAF,LAF,CLOSED,CLOSED_OPERATING_NON_SHELL,OPERATING,operating,CLOSED_UNIQUE,573443601053.0,2024-06-30,8fffa4ede475dd244d723c20114b3e59e4acab7c813adb6490d16ab472d90fe9,CLOSED_UNIQUE,158104000000.0,CLOSED_UNIQUE,128695000000.0,,LAF,CLOSED_PF_GE700,2025-03-03,True,DIRECT,
1962481,0001641172-25-004712,20250415,BRANCHOUT FOOD INC.,4-NON,NAF,CLOSED,CLOSED_OPERATING_NON_SHELL,OPERATING,operating,CLOSED_UNIQUE,14304692.0,2024-06-30,010c42a36af2172acc9a0e2229c07befadefd23c991317be9001bc6a0f9474ff,CLOSED_UNIQUE,2825855.0,NO_FY2022_10K,,2025-03-31,NAF,CLOSED_PF_LT60,2025-03-31,True,12B25,
1965040,0001965040-25-000015,20250303,FORTREA HOLDINGS INC.,4-NON,NAF,CLOSED,CLOSED_OPERATING_NON_SHELL,OPERATING,operating,CLOSED_UNIQUE,2100000000.0,2024-06-28,42a4514d7ccf955f85579053833cdf5b731f54f7866d2e15191facc5240a79f7,CLOSED_UNIQUE,3109000000.0,NO_FY2022_10K,,,LAF,CLOSED_PF_GE700,2025-03-03,True,DIRECT,
1967656,0001558370-25-004028,20250328,"PFS BANCORP, INC.",4-NON,NAF,CLOSED,CLOSED_OPERATING_NON_SHELL,OPERATING,operating,CLOSED_UNIQUE,0.0,2024-06-30,7858af2e7bbf661b717764ca585861baadcf502e57bb31b7f653f1c9c9215fdc,NO_WHITELIST_TOPLINE,,NO_FY2022_10K,,,NAF,CLOSED_PF_LT60,2025-03-31,True,DIRECT,
1967680,0001967680-25-000008,20250225,VERALTO CORP,4-NON,NAF,CLOSED,CLOSED_OPERATING_NON_SHELL,OPERATING,operating,CLOSED_UNIQUE,23600000000.0,2024-06-28,05767d1c6bb54d1172e288d7cec9f6f945679d65988653949449563f8de7400a,CLOSED_UNIQUE,5021000000.0,NO_FY2022_10K,,,LAF,CLOSED_PF_GE700,2025-03-03,True,DIRECT,
1968915,0001968915-25-000006,20250213,PHINIA INC.,4-NON,NAF,CLOSED,CLOSED_OPERATING_NON_SHELL,OPERATING,operating,CLOSED_UNIQUE,1700000000.0,2024-06-30,1719b70e73b1b2040ae2131f2ae5bbad334b9c28b7d8af888bef12925e5208c8,CLOSED_UNIQUE,3500000000.0,NO_FY2022_10K,,,LAF,CLOSED_PF_GE700,2025-03-03,True,DIRECT,
1970129,0001683168-25-003098,20250505,"LEGEND SPICES, INC.",4-NON,NAF,CLOSED,CLOSED_OPERATING_NON_SHELL,OPERATING,operating,CLOSED_UNIQUE,0.0,2024-06-30,8806190b84c931112893435be2e8785937ada14057898d13089e6d6b8a67f250,CLOSED_UNIQUE,5794.0,NO_FY2022_10K,,2025-04-01,NAF,CLOSED_PF_LT60,2025-03-31,False,LATE,
1971543,0000950170-25-037138,20250311,MURAL ONCOLOGY PLC,4-NON,NAF,CLOSED,CLOSED_OPERATING_NON_SHELL,OPERATING,operating,CLOSED_UNIQUE,32178017.0,2024-06-30,80c4dcfb490cff86489355ca2a2df5b0581a14259ed4a75acd14ad5e75d0753b,NO_WHITELIST_TOPLINE,,NO_FY2022_10K,,,NAF,CLOSED_PF_LT60,2025-03-31,True,DIRECT,
1973266,0000950170-25-027778,20250226,"TKO GROUP HOLDINGS, INC.",4-NON,NAF,CLOSED,CLOSED_OPERATING_NON_SHELL,OPERATING,operating,CLOSED_UNIQUE,8505980836000.0,2024-06-30,0ebeb5d0c4ef06c19a9959a237200e1c7ad375b84701b3f7213f806c01119558,CLOSED_UNIQUE,1674968000.0,NO_FY2022_10K,,,LAF,CLOSED_PF_GE700,2025-03-03,True,DIRECT,
1974138,0001974138-25-000016,20250303,NCR ATLEOS CORP,4-NON,NAF,CLOSED,CLOSED_OPERATING_NON_SHELL,OPERATING,operating,CLOSED_UNIQUE,1940000000.0,2024-06-30,47e73b4539de4addd684beae6f4270ca42df4ffa8b4424e6a920306991f367ff,NO_WHITELIST_TOPLINE,,NO_FY2022_10K,,,LAF,CLOSED_PF_GE700,2025-03-03,True,DIRECT,
19745,0001628280-25-008213,20250226,CHESAPEAKE UTILITIES CORP,1-LAF,LAF,CLOSED,CLOSED_OPERATING_NON_SHELL,OPERATING,operating,CLOSED_UNIQUE,2300000000.0,2024-06-30,3fda2de3bfb1d547e844123387b9680d78d9b3e882376b2031267deafda2013d,CLOSED_UNIQUE,670604000.0,CLOSED_UNIQUE,680704000.0,,LAF,CLOSED_PF_GE700,2025-03-03,True,DIRECT,
1974640,0000950170-25-030385,20250303,"APOGEE THERAPEUTICS, INC.",4-NON,NAF,CLOSED,CLOSED_OPERATING_NON_SHELL,OPERATING,operating,CLOSED_UNIQUE,1433600000.0,2024-06-30,f68cbc081b081a5b6ce181f241cbacde42eb2b4cb90c9e3eac6f085fc5330daf,NO_WHITELIST_TOPLINE,,NO_FY2022_10K,,,LAF,CLOSED_PF_GE700,2025-03-03,True,DIRECT,
1976927,0001976927-25-000009,20250324,"INVESCO COMMERCIAL REAL ESTATE FINANCE TRUST, INC.",4-NON,NAF,CLOSED,CLOSED_OPERATING_NON_SHELL,OPERATING,operating,CLOSED_UNIQUE,0.0,2024-06-30,59864767248589ac05c81ec57f7e110b67b8fd7982ee8a0c4a78c253b8654f07,NO_WHITELIST_TOPLINE,,NO_FY2022_10K,,,NAF,CLOSED_PF_LT60,2025-03-31,True,DIRECT,
1980088,0001628280-25-012591,20250313,MACH NATURAL RESOURCES LP,4-NON,NAF,CLOSED,CLOSED_OPERATING_NON_SHELL,OPERATING,operating,CLOSED_UNIQUE,241700000.0,2024-06-28,7173e6158f25219c342feba46e1f04c917295185b07b8ba1bfda9714258272a2,CLOSED_UNIQUE,762309000.0,NO_FY2022_10K,,,AF,CLOSED_PRIOR_NON_REV_GE100_ENTER_AF,2025-03-17,True,DIRECT,
1984060,0000950170-25-026740,20250225,ATLAS ENERGY SOLUTIONS INC.,4-NON,NAF,CLOSED,CLOSED_OPERATING_NON_SHELL,OPERATING,operating,CLOSED_UNIQUE,1500000000.0,2024-06-28,83336337ea42a038f4138a4d5e2d4599abe6143ad3a7c441125aba97ff067ab1,CLOSED_UNIQUE,613960000.0,NO_FY2022_10K,,,LAF,CLOSED_PF_GE700,2025-03-03,True,DIRECT,
19871,0000950170-25-046656,20250328,CHICAGO RIVET & MACHINE CO,4-NON,NAF,CLOSED,CLOSED_OPERATING_NON_SHELL,OPERATING,operating,CLOSED_UNIQUE,14308415.0,2024-06-28,7663daa1a8fb8714139da4f781d44e8e387a72d1b9335c34cf338f64d439e3dd,CLOSED_UNIQUE,31507722.0,CLOSED_UNIQUE,33646033.0,,NAF,CLOSED_PF_LT60,2025-03-31,True,DIRECT,
1993004,0001993004-25-000021,20250213,"NORTHWESTERN ENERGY GROUP, INC.",1-LAF,LAF,CLOSED,CLOSED_OPERATING_NON_SHELL,OPERATING,operating,CLOSED_UNIQUE,3069877808.0,2024-06-30,72273ae2e11cad28b98c27d65787b650dcb4bf18a72fd9ccc0df118cb3d04748,CLOSED_UNIQUE,1422143000.0,NO_FY2022_10K,,,LAF,CLOSED_PF_GE700,2025-03-03,True,DIRECT,
200406,0000200406-25-000038,20250213,JOHNSON & JOHNSON,1-LAF,LAF,CLOSED,CLOSED_OPERATING_NON_SHELL,OPERATING,operating,CLOSED_UNIQUE,352000000000.0,2024-06-30,fab5e6956c7d9e9325c017923c973b12daaee8c4d78aa9537cf5b4a8d9ee6fc4,NO_WHITELIST_TOPLINE,,NO_WHITELIST_TOPLINE,,,LAF,CLOSED_PF_GE700,2025-03-03,True,DIRECT,
202058,0000202058-25-000023,20250214,"L3HARRIS TECHNOLOGIES, INC. /DE/",1-LAF,LAF,CLOSED,CLOSED_OPERATING_NON_SHELL,OPERATING,operating,CLOSED_UNIQUE,42471412123.0,2024-06-28,4304198e956d040e457130840ea231dba2104b7a8c6994325643cfd0cddec4cf,CLOSED_UNIQUE,19419000000.0,CLOSED_UNIQUE,17062000000.0,,LAF,CLOSED_PF_GE700,2025-03-03,True,DIRECT,
20212,0000020212-25-000051,20250220,CHURCHILL DOWNS INC,1-LAF,LAF,CLOSED,CLOSED_OPERATING_NON_SHELL,OPERATING,operating,CLOSED_UNIQUE,9764280136.0,2024-06-30,18adff57af564226d7337256380d2dc91a7599a6ca9b28d1e62fa3ffee10a13f,CLOSED_UNIQUE,2461700000.0,CLOSED_UNIQUE,1809800000.0,,LAF,CLOSED_PF_GE700,2025-03-03,True,DIRECT,
20286,0000020286-25-000009,20250224,CINCINNATI FINANCIAL CORP,1-LAF,LAF,CLOSED,CLOSED_OPERATING_NON_SHELL,OPERATING,operating,CLOSED_UNIQUE,18106771595.0,2024-06-30,e790e48f3b8977048cb97606ca4b6506f6038a9941704142fc9c2020d664bc70,CLOSED_UNIQUE,10013000000.0,CLOSED_UNIQUE,6557000000.0,,LAF,CLOSED_PF_GE700,2025-03-03,True,DIRECT,
202947,0000950170-25-016420,20250207,CAPITAL PROPERTIES INC /RI/,4-NON,NAF,CLOSED,CLOSED_OPERATING_NON_SHELL,OPERATING,operating,CLOSED_UNIQUE,18700000.0,2024-06-30,b58ebb40dfd8ec2c45ed489031b389e98f50e424bd2577b2effe7086c26a2774,NO_WHITELIST_TOPLINE,,NO_WHITELIST_TOPLINE,,,NAF,CLOSED_PF_LT60,2025-03-31,True,DIRECT,
203596,0000950170-25-030795,20250303,WESBANCO INC,1-LAF,LAF,CLOSED,CLOSED_OPERATING_NON_SHELL,OPERATING,operating,CLOSED_UNIQUE,1823305547.57,2024-06-30,526a5cf12464fd6661f9f44cf541b11dd7916faad398ac2fa2889fab3287e3b9,NO_WHITELIST_TOPLINE,,NO_WHITELIST_TOPLINE,,,LAF,CLOSED_PF_GE700,2025-03-03,True,DIRECT,
20520,0001562762-25-000028,20250220,"FRONTIER COMMUNICATIONS PARENT, INC.",1-LAF,LAF,CLOSED,CLOSED_OPERATING_NON_SHELL,OPERATING,operating,CLOSED_UNIQUE,6400000000.0,2024-06-30,9376f400d883a0a4b56e5f7d32b3bec373f01b603b5f8df0200c385aba4f2859,CLOSED_UNIQUE,5751000000.0,CLOSED_UNIQUE,5787000000.0,,LAF,CLOSED_PF_GE700,2025-03-03,True,DIRECT,
20639,0001140361-25-010025,20250324,AMBASE CORP,4-NON,NAF,CLOSED,CLOSED_OPERATING_NON_SHELL,OPERATING,operating,CLOSED_UNIQUE,6000000.0,2024-06-28,834c71b343cfff9d9f3378be2c030b2258bba0dcdd2375738595dcde31f2a499,NO_WHITELIST_TOPLINE,,NO_WHITELIST_TOPLINE,,,NAF,CLOSED_PF_LT60,2025-03-31,True,DIRECT,
2098,0000950170-25-034843,20250306,ACME UNITED CORP,2-ACC,AF,CLOSED,CLOSED_OPERATING_NON_SHELL,OPERATING,operating,CLOSED_UNIQUE,115019745.0,2024-06-30,37d66c67a929929c6f300b4e1c070d6c260830ea65ad8e478f0b0970a46fb663,CLOSED_UNIQUE,191500947.0,CLOSED_UNIQUE,193962357.0,,AF,CLOSED_PRIOR_ACC_REV_GE80_REMAIN_AF,2025-03-17,True,DIRECT,
21175,0000021175-25-000008,20250211,CNA FINANCIAL CORP,1-LAF,LAF,CLOSED,CLOSED_OPERATING_NON_SHELL,OPERATING,operating,CLOSED_UNIQUE,1001000000.0,2024-06-30,d67a303c74675ef0d7f793728a780794b19361f6a1e0ed73c16a327f231548cb,CLOSED_UNIQUE,13299000000.0,CLOSED_UNIQUE,11879000000.0,,LAF,CLOSED_PF_GE700,2025-03-03,True,DIRECT,
21344,0000021344-25-000011,20250220,COCA COLA CO,1-LAF,LAF,CLOSED,CLOSED_OPERATING_NON_SHELL,OPERATING,operating,CLOSED_UNIQUE,272048494989.0,2024-06-28,c6c8b95b13fea40eee6310e81998f269eed9bc8302828b067a2e9256c5a276aa,NO_WHITELIST_TOPLINE,,NO_WHITELIST_TOPLINE,,,LAF,CLOSED_PF_GE700,2025-03-03,True,DIRECT,
21535,0001437749-25-004612,20250220,COHU INC,1-LAF,LAF,CLOSED,CLOSED_OPERATING_NON_SHELL,OPERATING,operating,CLOSED_UNIQUE,1512400000.0,2024-06-28,d75ecda6e2f661e3628aabd173d4879f5e33dce4f043f4b6a977eb25af99ffd5,CLOSED_UNIQUE,636322000.0,CLOSED_UNIQUE,812775000.0,,LAF,CLOSED_PF_GE700,2025-03-03,True,DIRECT,
216085,0001628280-25-010869,20250306,HAVERTY FURNITURE COMPANIES INC,2-ACC,AF,CLOSED,CLOSED_OPERATING_NON_SHELL,OPERATING,operating,CLOSED_UNIQUE,381048530.0,2024-06-30,20c79873c28faee2b8f4acdcb616473a07e99c097c43c6b0c5bc3a2a06c50a3c,CLOSED_UNIQUE,862133000.0,CLOSED_UNIQUE,1047215000.0,,AF,CLOSED_PRIOR_ACC_REV_GE80_REMAIN_AF,2025-03-17,True,DIRECT,
216228,0000216228-25-000014,20250210,ITT INC.,1-LAF,LAF,CLOSED,CLOSED_OPERATING_NON_SHELL,OPERATING,operating,CLOSED_UNIQUE,10500000000.0,2024-06-30,7024de72aab4af4e4d5a2777068edccaaf11c9884fb1ef70e363b71e672b47ff,NO_WHITELIST_TOPLINE,,CLOSED_UNIQUE,2987700000.0,,LAF,CLOSED_PF_GE700,2025-03-03,True,DIRECT,
21665,0000021665-25-000008,20250213,COLGATE PALMOLIVE CO,1-LAF,LAF,CLOSED,CLOSED_OPERATING_NON_SHELL,OPERATING,operating,CLOSED_UNIQUE,79200000000.0,2024-06-30,180f7dc564ee976da21eeb9cc8dfff55331b81ff8e2421b74678c43ffccfb8b1,CLOSED_UNIQUE,19457000000.0,CLOSED_UNIQUE,17967000000.0,,LAF,CLOSED_PF_GE700,2025-03-03,True,DIRECT,
217346,0000217346-25-000017,20250206,TEXTRON INC,1-LAF,LAF,CLOSED,CLOSED_OPERATING_NON_SHELL,OPERATING,operating,CLOSED_UNIQUE,16000000000.0,2024-06-29,1cec694a3d823b2545dec91f9eefa193663332fae1492d1377c96caee38a6da1,CLOSED_UNIQUE,13683000000.0,CLOSED_UNIQUE,12869000000.0,,LAF,CLOSED_PF_GE700,2025-03-03,True,DIRECT,
2186,0001437749-25-009464,20250327,BK TECHNOLOGIES,4-NON,NAF,CLOSED,CLOSED_OPERATING_NON_SHELL,OPERATING,operating,CLOSED_UNIQUE,40918592.0,2024-06-28,6ff103bc7644777a11adf5db4dcff1ff08b745169978e800f925c629351bf415,NO_WHITELIST_TOPLINE,,NO_WHITELIST_TOPLINE,,,NAF,CLOSED_PF_LT60,2025-03-31,True,DIRECT,
22356,0000022356-25-000016,20250225,COMMERCE BANCSHARES INC /MO/,1-LAF,LAF,CLOSED,CLOSED_OPERATING_NON_SHELL,OPERATING,operating,CLOSED_UNIQUE,6720000000.0,2024-06-30,2610829a2b4f0da82f7fee9184341c77a3a81728dc15b9ed897367ac23647a29,NO_WHITELIST_TOPLINE,,NO_WHITELIST_TOPLINE,,,LAF,CLOSED_PF_GE700,2025-03-03,True,DIRECT,
230557,0000230557-25-000006,20250210,SELECTIVE INSURANCE GROUP INC,1-LAF,LAF,CLOSED,CLOSED_OPERATING_NON_SHELL,OPERATING,operating,CLOSED_UNIQUE,5667194813.0,2024-06-30,0522f59c5d6c46a1ed8ae7290334b8c8b230b3669aa38295145509d0542ea27b,CLOSED_UNIQUE,4232106000.0,CLOSED_UNIQUE,3558062000.0,,LAF,CLOSED_PF_GE700,2025-03-03,True,DIRECT,
23194,0000950170-25-024783,20250221,COMSTOCK RESOURCES INC,1-LAF,LAF,CLOSED,CLOSED_OPERATING_NON_SHELL,OPERATING,operating,CLOSED_UNIQUE,943400000.0,2024-06-30,58ed86f51f77c60aa8b0c99bba41fb5b6c2b28da3207479a613e615661715ff8,CLOSED_UNIQUE,1565109000.0,CLOSED_UNIQUE,3628057000.0,,LAF,CLOSED_PF_GE700,2025-03-03,True,DIRECT,
23795,0001558370-25-001229,20250220,"CTO REALTY GROWTH, INC.",2-ACC,AF,CLOSED,CLOSED_OPERATING_NON_SHELL,OPERATING,operating,CLOSED_UNIQUE,382529324.0,2024-06-28,520a0ff505a0d9b8560d67faf6f1ffae31bc243868474b0b43eb64848a9ef174,CLOSED_UNIQUE,109119000.0,CLOSED_UNIQUE,82320000.0,,AF,CLOSED_PRIOR_ACC_REV_GE80_REMAIN_AF,2025-03-17,True,DIRECT,
24090,0000024090-25-000018,20250313,"CITIZENS, INC.",2-ACC,AF,CLOSED,CLOSED_OPERATING_NON_SHELL,OPERATING,operating,CLOSED_UNIQUE,130124066.0,2024-06-30,3239a7f695b7b702b473a624c0be42fe55394a36005c75280d322deb47c3d97a,CLOSED_UNIQUE,240680000.0,CLOSED_UNIQUE,232524000.0,,AF,CLOSED_PRIOR_ACC_REV_GE80_REMAIN_AF,2025-03-17,True,DIRECT,
24545,0000024545-25-000007,20250218,MOLSON COORS BEVERAGE CO,1-LAF,LAF,CLOSED,CLOSED_OPERATING_NON_SHELL,OPERATING,operating,CLOSED_UNIQUE,8900000000.0,2024-06-30,e60193ee0b91a4775a20b60e92348e9227376e2ee2bb6c71124590985ca57dd6,CONFLICTING_WHITELIST_VALUES,,CONFLICTING_WHITELIST_VALUES,,,LAF,CLOSED_PF_GE700,2025-03-03,True,DIRECT,
24741,0001628280-25-005347,20250213,CORNING INC /NY,1-LAF,LAF,CLOSED,CLOSED_OPERATING_NON_SHELL,OPERATING,operating,CLOSED_UNIQUE,33000000000.0,2024-06-30,4dcada06ded44b009e9daeddd742656accba6d5284f563bbea6f5c5be8d133c4,CLOSED_UNIQUE,12588000000.0,CLOSED_UNIQUE,14189000000.0,,LAF,CLOSED_PF_GE700,2025-03-03,True,DIRECT,
2488,0000002488-25-000012,20250205,ADVANCED MICRO DEVICES INC,1-LAF,LAF,CLOSED,CLOSED_OPERATING_NON_SHELL,OPERATING,operating,CLOSED_UNIQUE,261400000000.0,2024-06-28,97ba5780a31dd6f67d528fdcbbb8a452089bb6073ff669f211bad6d6252f197e,CLOSED_UNIQUE,22680000000.0,CLOSED_UNIQUE,23601000000.0,,LAF,CLOSED_PF_GE700,2025-03-03,True,DIRECT,
25232,0000025232-25-000012,20250206,COUSINS PROPERTIES INC,1-LAF,LAF,CLOSED,CLOSED_OPERATING_NON_SHELL,OPERATING,operating,CLOSED_UNIQUE,3480329145.0,2024-06-28,bd396ecdfde9b5dacf617623fc22e933edc5aed0f5617cfd5f4955cc94f69f98,CLOSED_UNIQUE,802874000.0,CLOSED_UNIQUE,762290000.0,,LAF,CLOSED_PF_GE700,2025-03-03,True,DIRECT,
25445,0001628280-25-006754,20250220,"CRANE NXT, CO.",1-LAF,LAF,CLOSED,CLOSED_OPERATING_NON_SHELL,OPERATING,operating,CLOSED_UNIQUE,3002579092.0,2024-06-30,fe2ed8c9e4245ba13bfcb7c74ce14d5285266ffa2980096152441d87726efa5e,CLOSED_UNIQUE,1391300000.0,CLOSED_UNIQUE,3374900000.0,,LAF,CLOSED_PF_GE700,2025-03-03,True,DIRECT,
25475,0000950170-25-030894,20250303,CRAWFORD & CO,2-ACC,AF,CLOSED,CLOSED_OPERATING_NON_SHELL,OPERATING,operating,CLOSED_UNIQUE,189540410000.0,2024-06-30,de506d74a5cae890ac9cea5b8ef0288560d06148b926cd6c462e7f26c66e70ef,CLOSED_UNIQUE,1316919000.0,CLOSED_UNIQUE,1231226000.0,,LAF,CLOSED_PF_GE700,2025-03-03,True,DIRECT,
26058,0000950170-25-027956,20250226,CTS CORP,1-LAF,LAF,CLOSED,CLOSED_OPERATING_NON_SHELL,OPERATING,operating,CLOSED_UNIQUE,1564539350.0,2024-06-28,57f2cda6ab9bdbb270e098c9e7ce8d6c2ce6175d12a8f123fe74dccc61cb613d,CLOSED_UNIQUE,550422000.0,CLOSED_UNIQUE,586869000.0,,LAF,CLOSED_PF_GE700,2025-03-03,True,DIRECT,
26172,0000026172-25-000007,20250211,CUMMINS INC,1-LAF,LAF,CLOSED,CLOSED_OPERATING_NON_SHELL,OPERATING,operating,CLOSED_UNIQUE,38000000000.0,2024-06-30,5492e2044aac37f98e92605fcc624d427202f2625764d68fae54af093a29ba69,CLOSED_UNIQUE,34065000000.0,CLOSED_UNIQUE,28074000000.0,,LAF,CLOSED_PF_GE700,2025-03-03,True,DIRECT,
26324,0000026324-25-000015,20250213,CURTISS WRIGHT CORP,1-LAF,LAF,CLOSED,CLOSED_OPERATING_NON_SHELL,OPERATING,operating,CLOSED_UNIQUE,9200000000.0,2024-06-30,3ea7a1c0da114455a3807a7bca566fa2a5e2423ec154077861e51fe716ee1dc6,CLOSED_UNIQUE,2845373000.0,CLOSED_UNIQUE,2557025000.0,,LAF,CLOSED_PF_GE700,2025-03-03,True,DIRECT,
26780,0001437749-25-004554,20250220,DANA INC,1-LAF,LAF,CLOSED,CLOSED_OPERATING_NON_SHELL,OPERATING,operating,CLOSED_UNIQUE,1741718465.0,2024-06-30,34fa6c395b7c5e6371eac67b1a57ee0b31263826cf2dc527da28be4954d9a08f,CLOSED_UNIQUE,10555000000.0,CLOSED_UNIQUE,10156000000.0,,LAF,CLOSED_PF_GE700,2025-03-03,True,DIRECT,
275053,0001628280-25-012082,20250311,NATURES SUNSHINE PRODUCTS INC,2-ACC,AF,CLOSED,CLOSED_OPERATING_NON_SHELL,OPERATING,operating,CLOSED_UNIQUE,183438927.0,2024-06-30,2259f99100cdbfd5374eaa10d2f193c5335f3250b42bb3847dae7f3206888c35,CLOSED_UNIQUE,445320000.0,CLOSED_UNIQUE,421910000.0,,AF,CLOSED_PRIOR_ACC_REV_GE80_REMAIN_AF,2025-03-17,True,DIRECT,
275880,0000950170-25-022754,20250219,PARSONS CORP,1-LAF,LAF,CLOSED,CLOSED_OPERATING_NON_SHELL,OPERATING,operating,CLOSED_UNIQUE,8700000000.0,2024-06-30,12e6e448c39acc7f4075f21361ef2fd7d0a00c0b5a0daf91ca4d03b6fadd317a,CLOSED_UNIQUE,5442749000.0,CLOSED_UNIQUE,4195272000.0,,LAF,CLOSED_PF_GE700,2025-03-03,True,DIRECT,
277135,0000277135-25-000010,20250220,"W.W. GRAINGER, INC.",1-LAF,LAF,CLOSED,CLOSED_OPERATING_NON_SHELL,OPERATING,operating,CLOSED_UNIQUE,40147032828.0,2024-06-30,ff41f73b455ee3fda19b40064738075eacd7c2a0e531ebd79c2dfcd8c0a30117,CLOSED_UNIQUE,16478000000.0,CLOSED_UNIQUE,15228000000.0,,LAF,CLOSED_PF_GE700,2025-03-03,True,DIRECT,
277509,0000277509-25-000012,20250226,FEDERAL SIGNAL CORP /DE/,1-LAF,LAF,CLOSED,CLOSED_OPERATING_NON_SHELL,OPERATING,operating,CLOSED_UNIQUE,4992306848.0,2024-06-30,2313c99c3453bd9b5dfa54d005485d2e33cf41108dc9aba013f4e738cd606dac,CLOSED_UNIQUE,1722700000.0,CLOSED_UNIQUE,1434800000.0,,LAF,CLOSED_PF_GE700,2025-03-03,True,DIRECT,
277948,0000277948-25-000008,20250227,CSX CORP,1-LAF,LAF,CLOSED,CLOSED_OPERATING_NON_SHELL,OPERATING,operating,CLOSED_UNIQUE,65000000000.0,2024-06-30,86bd053f0eba42f879d2c24bcd5024649485b25a69d867ebdf8e183890961287,CLOSED_UNIQUE,14657000000.0,CLOSED_UNIQUE,14853000000.0,,LAF,CLOSED_PF_GE700,2025-03-03,True,DIRECT,
278165,0001641172-25-001813,20250331,OMNIQ CORP.,4-NON,NAF,CLOSED,CLOSED_OPERATING_NON_SHELL,OPERATING,operating,CLOSED_UNIQUE,3428138.0,2024-06-30,4ee475de451c7bd83cf20b307075e3e794336f38db05828071af8ee84fe49a98,CLOSED_UNIQUE,81193000.0,CLOSED_UNIQUE,102545000.0,,NAF,CLOSED_PF_LT60,2025-03-31,True,DIRECT,
27904,0000027904-25-000004,20250211,"DELTA AIR LINES, INC.",1-LAF,LAF,CLOSED,CLOSED_OPERATING_NON_SHELL,OPERATING,operating,CLOSED_UNIQUE,30600000000.0,2024-06-30,d45998db26bf6d86ecc35a23aea68f6e23eaa14aa517d2d997fae2d0b6d21a2b,CLOSED_UNIQUE,58048000000.0,CLOSED_UNIQUE,50582000000.0,,LAF,CLOSED_PF_GE700,2025-03-03,True,DIRECT,
27996,0000027996-25-000051,20250221,DELUXE CORP,1-LAF,LAF,CLOSED,CLOSED_OPERATING_NON_SHELL,OPERATING,operating,CLOSED_UNIQUE,976743692.0,2024-06-28,4df23005cdd6dc38bc0c7bcd352b7d668abadf878dd429464f0ef98b9ed23d51,CLOSED_UNIQUE,2192260000.0,CLOSED_UNIQUE,2238010000.0,,LAF,CLOSED_PF_GE700,2025-03-03,True,DIRECT,
28412,0000028412-25-000108,20250224,COMERICA INC /NEW/,1-LAF,LAF,CLOSED,CLOSED_OPERATING_NON_SHELL,OPERATING,operating,CLOSED_UNIQUE,6700000000.0,2024-06-28,baffb8877dfa80f5fd474a755474d6cd378db1e101aac27a4678b8b17da43926,NO_WHITELIST_TOPLINE,,NO_WHITELIST_TOPLINE,,,LAF,CLOSED_PF_GE700,2025-03-03,True,DIRECT,
28823,0000028823-25-000022,20250225,"DIEBOLD NIXDORF, INC",4-NON,NAF,CLOSED,CLOSED_OPERATING_NON_SHELL,OPERATING,operating,CLOSED_UNIQUE,767464014.0,2024-06-28,ca2a6a3d9bc29d55a7d29d92965199333fc2e2885f89213d6928ab8f35c6c32d,NO_WHITELIST_TOPLINE,,CLOSED_UNIQUE,3460700000.0,,LAF,CLOSED_PF_GE700,2025-03-03,True,DIRECT,
29002,0000950170-25-021400,20250214,DIODES INC /DEL/,1-LAF,LAF,CLOSED,CLOSED_OPERATING_NON_SHELL,OPERATING,operating,CLOSED_UNIQUE,3200000000.0,2024-06-28,b19b2a2927b25de7f271f91f16a7930194b83d78621a48796c9a2418cce594d7,CLOSED_UNIQUE,1661739000.0,CLOSED_UNIQUE,2000580000.0,,LAF,CLOSED_PF_GE700,2025-03-03,True,DIRECT,
29332,0000029332-25-000017,20250408,DIXIE GROUP INC,4-NON,NAF,CLOSED,CLOSED_OPERATING_NON_SHELL,OPERATING,operating,CLOSED_UNIQUE,8969820.0,2024-06-28,2f078caa8eecb5bac0ecb5d42fe062f5f4cbc086b9f383a88799c9649b94952d,CLOSED_UNIQUE,276343000.0,CLOSED_UNIQUE,303570000.0,,NAF,CLOSED_PF_LT60,2025-03-31,False,LATE,
29905,0000029905-25-000006,20250214,DOVER CORP,1-LAF,LAF,CLOSED,CLOSED_OPERATING_NON_SHELL,OPERATING,operating,CLOSED_UNIQUE,24714803907.0,2024-06-30,3b4a22825be8f67d3b48f8a0f79c55e527dc3d1b5c697337d6eaeaca2cfd9653,CLOSED_UNIQUE,8438134000.0,CLOSED_UNIQUE,8508088000.0,,LAF,CLOSED_PF_GE700,2025-03-03,True,DIRECT,
29989,0000029989-25-000009,20250205,OMNICOM GROUP INC.,1-LAF,LAF,CLOSED,CLOSED_OPERATING_NON_SHELL,OPERATING,operating,CLOSED_UNIQUE,17486183571.0,2024-06-30,cd8e4f5dd65c6ec2ffe2775a270e3fb91980b6422ef94d6d2e7f49b3888fd5e3,CLOSED_UNIQUE,14692200000.0,CLOSED_UNIQUE,14289100000.0,,LAF,CLOSED_PF_GE700,2025-03-03,True,DIRECT,
30305,0001628280-25-008401,20250227,DUCOMMUN INC /DE/,2-ACC,AF,CLOSED,CLOSED_OPERATING_NON_SHELL,OPERATING,operating,CLOSED_UNIQUE,798000000.0,2024-06-29,715e76fcff54bc01d4c350ad3822c5b710060227f1650384e48562e37560ce44,CLOSED_UNIQUE,756992000.0,CLOSED_UNIQUE,712537000.0,,LAF,CLOSED_PF_GE700,2025-03-03,True,DIRECT,
30625,0000030625-25-000039,20250226,FLOWSERVE CORP,1-LAF,LAF,CLOSED,CLOSED_OPERATING_NON_SHELL,OPERATING,operating,CLOSED_UNIQUE,3676745049.0,2024-06-28,3b4edacb7ab2d021ae0b008c5a2cf553d216c23b32c1727daaf6ab28d14f89f2,CLOSED_UNIQUE,4320577000.0,CLOSED_UNIQUE,3615120000.0,,LAF,CLOSED_PF_GE700,2025-03-03,True,DIRECT,
30697,0000030697-25-000003,20250221,WENDY'S CO,1-LAF,LAF,CLOSED,CLOSED_OPERATING_NON_SHELL,OPERATING,operating,CLOSED_UNIQUE,2901700000.0,2024-06-28,559c5966886f869b65cc15c8598733151b01d08259944fd6c4d5e4214ff2f970,CLOSED_UNIQUE,2181578000.0,CLOSED_UNIQUE,2095505000.0,,LAF,CLOSED_PF_GE700,2025-03-03,True,DIRECT,
310142,0001140361-25-005084,20250219,SENSIENT TECHNOLOGIES CORP,1-LAF,LAF,CLOSED,CLOSED_OPERATING_NON_SHELL,OPERATING,operating,CLOSED_UNIQUE,3086020977.0,2024-06-30,11e4f71b6f53f3547b81462dc254ebe3a24f280bd7c3f0ab04afd89f60e16b7a,CLOSED_UNIQUE,1456450000.0,CLOSED_UNIQUE,1437039000.0,,LAF,CLOSED_PF_GE700,2025-03-03,True,DIRECT,
310158,0001628280-25-007732,20250225,"MERCK & CO., INC.",1-LAF,LAF,CLOSED,CLOSED_OPERATING_NON_SHELL,OPERATING,operating,CLOSED_UNIQUE,313799000000.0,2024-06-28,bc1801cbcfcfb3aac0b1674dd0a136ea5e27332a926ad00a22801cef06d73bf7,CLOSED_UNIQUE,60115000000.0,CLOSED_UNIQUE,59283000000.0,,LAF,CLOSED_PF_GE700,2025-03-03,True,DIRECT,
310522,0000310522-25-000199,20250214,FEDERAL NATIONAL MORTGAGE ASSOCIATION FANNIE MAE,2-ACC,AF,CLOSED,CLOSED_OPERATING_NON_SHELL,OPERATING,operating,CLOSED_UNIQUE,1700000000.0,2024-06-28,c48d7715f7a0e107e26cc6c09f8ca9bef2287727a3d9619270cd70a8e6cb9f4a,NO_WHITELIST_TOPLINE,,NO_WHITELIST_TOPLINE,,,LAF,CLOSED_PF_GE700,2025-03-03,True,DIRECT,
310764,0000310764-25-000023,20250212,STRYKER CORP,1-LAF,LAF,CLOSED,CLOSED_OPERATING_NON_SHELL,OPERATING,operating,CLOSED_UNIQUE,123147898554.0,2024-06-30,ca4af35b761e7f77516026b36d2ca6b2d22a19f227312bbb9bf615b5751ff1f8,CLOSED_UNIQUE,20498000000.0,CLOSED_UNIQUE,18449000000.0,,LAF,CLOSED_PF_GE700,2025-03-03,True,DIRECT,
31107,0001654954-25-002610,20250311,EASTERN CO,2-ACC,AF,CLOSED,CLOSED_OPERATING_NON_SHELL,OPERATING,operating,CLOSED_UNIQUE,124230742.0,2024-06-29,268bcaa1305a299836efc5090e73922ca2ac023747145bfc51e9f524f6a5a65f,CLOSED_UNIQUE,273454857.0,CLOSED_UNIQUE,279265146.0,,AF,CLOSED_PRIOR_ACC_REV_GE80_REMAIN_AF,2025-03-17,True,DIRECT,
311094,0001171843-25-001156,20250228,WESTAMERICA BANCORPORATION,1-LAF,LAF,CLOSED,CLOSED_OPERATING_NON_SHELL,OPERATING,operating,CLOSED_UNIQUE,1234533446.0,2024-06-30,61e59f041aaa885f4bafba5e7432572c66cfc1e6feb62bf31366ddf0efcc6df4,NO_WHITELIST_TOPLINE,,NO_WHITELIST_TOPLINE,,,LAF,CLOSED_PF_GE700,2025-03-03,True,DIRECT,
312257,0001185185-25-000204,20250320,INNOVATIVE FOOD HOLDINGS INC,4-NON,NAF,CLOSED,CLOSED_OPERATING_NON_SHELL,OPERATING,operating,CLOSED_UNIQUE,23176767.0,2024-06-28,134882f0e451f94b1f78da1d431e85fc922ca4193dca8622de77667b810b8d5f,CLOSED_UNIQUE,72218996.0,CLOSED_UNIQUE,80102964.0,,NAF,CLOSED_PF_LT60,2025-03-31,True,DIRECT,
31235,0000950170-25-040256,20250317,EASTMAN KODAK CO,2-ACC,AF,CLOSED,CLOSED_OPERATING_NON_SHELL,OPERATING,operating,CLOSED_UNIQUE,345000000.0,2024-06-28,434bdbee50639f84f754ac6af459518b36fb43aefa1cc6cea061c48f56a0ad11,CLOSED_UNIQUE,1117000000.0,CLOSED_UNIQUE,1205000000.0,,AF,CLOSED_PRIOR_ACC_REV_GE80_REMAIN_AF,2025-03-17,True,DIRECT,
313616,0000313616-25-000043,20250220,DANAHER CORP /DE/,1-LAF,LAF,CLOSED,CLOSED_OPERATING_NON_SHELL,OPERATING,operating,CLOSED_UNIQUE,161100000000.0,2024-06-30,8ee84678e9687c5671236e7babe623c00cbfd0ce220a67b713bc3e5537c13c9e,CLOSED_UNIQUE,23890000000.0,CLOSED_UNIQUE,31471000000.0,,LAF,CLOSED_PF_GE700,2025-03-03,True,DIRECT,
313927,0000950170-25-019801,20250213,CHURCH & DWIGHT CO INC /DE/,1-LAF,LAF,CLOSED,CLOSED_OPERATING_NON_SHELL,OPERATING,operating,CLOSED_UNIQUE,24700000000.0,2024-06-30,7bef97f3e87f5de3aa2af6fb01fde4f2b86d040d713d63e4cf7c7995a4e8222e,CLOSED_UNIQUE,5867900000.0,CLOSED_UNIQUE,5375600000.0,,LAF,CLOSED_PF_GE700,2025-03-03,True,DIRECT,
314489,0000314489-25-000041,20250227,FIRST BUSEY CORP /NV/,1-LAF,LAF,CLOSED,CLOSED_OPERATING_NON_SHELL,OPERATING,operating,CLOSED_UNIQUE,1280000000.0,2024-06-28,56f40f8eac61e23a27a754b10e8a60b0e7b6109302f039df1771e3754bb24ea0,NO_WHITELIST_TOPLINE,,NO_WHITELIST_TOPLINE,,,LAF,CLOSED_PF_GE700,2025-03-03,True,DIRECT,
31462,0001558370-25-001263,20250221,ECOLAB INC.,1-LAF,LAF,CLOSED,CLOSED_OPERATING_NON_SHELL,OPERATING,operating,CLOSED_UNIQUE,58992719690.0,2024-06-30,4855b447763438d8aacaa541b4285f64c2989d0539eac82fd6be268b4067ee98,CLOSED_UNIQUE,15320200000.0,CLOSED_UNIQUE,14187800000.0,,LAF,CLOSED_PF_GE700,2025-03-03,True,DIRECT,
314808,0000314808-25-000028,20250220,VALARIS LTD,1-LAF,LAF,CLOSED,CLOSED_OPERATING_NON_SHELL,OPERATING,operating,CLOSED_UNIQUE,4600000000.0,2024-06-30,d984582a6e32d1af628f63ae5b6ae2f0ce596344861e0ff241cf0cafbcaffd0e,CLOSED_UNIQUE,1784200000.0,CLOSED_UNIQUE,1602500000.0,,LAF,CLOSED_PF_GE700,2025-03-03,True,DIRECT,
315213,0000315213-25-000007,20250213,ROBERT HALF INC.,1-LAF,LAF,CLOSED,CLOSED_OPERATING_NON_SHELL,OPERATING,operating,CLOSED_UNIQUE,6455445211.0,2024-06-30,a93b45dbbd47fdae314fd6255a029de497f5e7d7adf59cf6f617be5974ab867a,NO_WHITELIST_TOPLINE,,NO_WHITELIST_TOPLINE,,,LAF,CLOSED_PF_GE700,2025-03-03,True,DIRECT,
315293,0001628280-25-006093,20250218,AON PLC,1-LAF,LAF,CLOSED,CLOSED_OPERATING_NON_SHELL,OPERATING,operating,CLOSED_UNIQUE,63751112781.0,2024-06-28,6b5d3873c20006d57403ab622db3bb23f48836bf89cebf9a98cd162c9ecc5ea9,CLOSED_UNIQUE,13376000000.0,CLOSED_UNIQUE,12479000000.0,,LAF,CLOSED_PF_GE700,2025-03-03,True,DIRECT,
315709,0001558370-25-001782,20250227,INTERNATIONAL BANCSHARES CORP,1-LAF,LAF,CLOSED,CLOSED_OPERATING_NON_SHELL,OPERATING,operating,CLOSED_UNIQUE,3557308000.0,2024-06-30,9583aaaa01f6bc9d58212bb453800950525f75749f6a7c3c33c63d1873c29ebc,NO_WHITELIST_TOPLINE,,NO_WHITELIST_TOPLINE,,,LAF,CLOSED_PF_GE700,2025-03-03,True,DIRECT,
315852,0000950170-25-026789,20250225,RANGE RESOURCES CORP,1-LAF,LAF,CLOSED,CLOSED_OPERATING_NON_SHELL,OPERATING,operating,CLOSED_UNIQUE,8033163000.0,2024-06-30,2365e0557dd34947a22130d3e88cc81257f9e5423f13f207a1be8cffe25d442a,NO_WHITELIST_TOPLINE,,NO_WHITELIST_TOPLINE,,,LAF,CLOSED_PF_GE700,2025-03-03,True,DIRECT,
315958,0001140361-25-009647,20250320,CREDITRISKMONITOR COM INC,4-NON,NAF,CLOSED,CLOSED_OPERATING_NON_SHELL,OPERATING,operating,CLOSED_UNIQUE,9872843.0,2024-06-30,b96beedfb6e693ef78a557e08cde1831b1abd1efe32d1f80a60c13011c0ad9bd,CLOSED_UNIQUE,18931931.0,CLOSED_UNIQUE,17979317.0,,NAF,CLOSED_PF_LT60,2025-03-31,True,DIRECT,
316709,0000316709-25-000010,20250226,SCHWAB CHARLES CORP,1-LAF,LAF,CLOSED,CLOSED_OPERATING_NON_SHELL,OPERATING,operating,CLOSED_UNIQUE,122800000000.0,2024-06-30,860d1f8394e56a5f5580e17bb1a31f0a172e4ba4dc675fab07399d983c6445b1,CLOSED_UNIQUE,18837000000.0,CLOSED_UNIQUE,20762000000.0,,LAF,CLOSED_PF_GE700,2025-03-03,True,DIRECT,
317540,0000317540-25-000025,20250220,"COCA-COLA CONSOLIDATED, INC.",1-LAF,LAF,CLOSED,CLOSED_OPERATING_NON_SHELL,OPERATING,operating,CLOSED_UNIQUE,6371812773.0,2024-06-28,a271bb578a47e76641c0df01ff22cdba6cb95a8e206b8b436953d8c39736d95c,CLOSED_UNIQUE,6653858000.0,CLOSED_UNIQUE,6200957000.0,,LAF,CLOSED_PF_GE700,2025-03-03,True,DIRECT,
31791,0000031791-25-000009,20250225,"REVVITY, INC.",1-LAF,LAF,CLOSED,CLOSED_OPERATING_NON_SHELL,OPERATING,operating,CLOSED_UNIQUE,12871238120.0,2024-06-28,cc4aa85e60335e26bef32f59177ed4f7af157e1ab4ed9176a7da81d200a1247e,NO_WHITELIST_TOPLINE,,NO_WHITELIST_TOPLINE,,,LAF,CLOSED_PF_GE700,2025-03-03,True,DIRECT,
318154,0000318154-25-000010,20250214,AMGEN INC,1-LAF,LAF,CLOSED,CLOSED_OPERATING_NON_SHELL,OPERATING,operating,CLOSED_UNIQUE,167600000000.0,2024-06-30,e154acb2e06835ed9461be5175085ff2c2276aaf09c230578046d9783f83e6da,CLOSED_UNIQUE,28190000000.0,CLOSED_UNIQUE,26323000000.0,,LAF,CLOSED_PF_GE700,2025-03-03,True,DIRECT,
318300,0000318300-25-000093,20250227,PEOPLES BANCORP INC,1-LAF,LAF,CLOSED,CLOSED_OPERATING_NON_SHELL,OPERATING,operating,CLOSED_UNIQUE,1002781000.0,2024-06-30,126b3ab65dc07a2f181fa715b39d10468caa263ad5bfbd8be2fb9fbee357096c,NO_WHITELIST_TOPLINE,,NO_WHITELIST_TOPLINE,,,LAF,CLOSED_PF_GE700,2025-03-03,True,DIRECT,
318673,0001641172-25-001508,20250331,SECURITY NATIONAL FINANCIAL CORP,4-NON,NAF,CLOSED,CLOSED_OPERATING_NON_SHELL,OPERATING,operating,CLOSED_UNIQUE,68000000.0,2024-06-30,8a314a992ace33607f83a08e5bef90bc1e481acf98fc1f575842949e18505932,CLOSED_UNIQUE,318497490.0,CLOSED_UNIQUE,389652328.0,,NAF,CLOSED_PRIOR_NON_PF_LT75,2025-03-31,True,DIRECT,
318833,0000318833-25-000015,20250319,TEAM INC,4-NON,NAF,CLOSED,CLOSED_OPERATING_NON_SHELL,OPERATING,operating,CLOSED_UNIQUE,20200000.0,2024-06-30,ee639befd791c49a2a9d782173c81ae33af6dbf2e5a194a383fd7e5d657d933a,CLOSED_UNIQUE,862615000.0,CLOSED_UNIQUE,840208000.0,,NAF,CLOSED_PF_LT60,2025-03-31,True,DIRECT,
3197,0000950170-25-026562,20250225,CECO ENVIRONMENTAL CORP,2-ACC,AF,CLOSED,CLOSED_OPERATING_NON_SHELL,OPERATING,operating,CLOSED_UNIQUE,862300000.0,2024-06-28,b291d692649d2d6fbbbcebd70314c7748423e3d60ada9f063c97d97ec50aff23,CLOSED_UNIQUE,544845000.0,CLOSED_UNIQUE,422627000.0,,LAF,CLOSED_PF_GE700,2025-03-03,True,DIRECT,
320017,0000320017-25-000011,20250227,"LISATA THERAPEUTICS, INC.",4-NON,NAF,CLOSED,CLOSED_OPERATING_NON_SHELL,OPERATING,operating,CLOSED_UNIQUE,27700000.0,2024-06-28,bd7c96487027c5aa82d04ed502fbc3ead0a743feb0e1b7721a06cac240a7a456,NO_WHITELIST_TOPLINE,,NO_WHITELIST_TOPLINE,,,NAF,CLOSED_PF_LT60,2025-03-31,True,DIRECT,
320121,0000320121-25-000011,20250310,TELOS CORP,2-ACC,AF,CLOSED,CLOSED_OPERATING_NON_SHELL,OPERATING,operating,CLOSED_UNIQUE,212600000.0,2024-06-30,a3f181a9948a6e1b934f078bd50e98c9e6ded7be6cdff9fdec20161b09844bea,CLOSED_UNIQUE,145378000.0,CLOSED_UNIQUE,216887000.0,,AF,CLOSED_PRIOR_ACC_REV_GE80_REMAIN_AF,2025-03-17,True,DIRECT,
320335,0000320335-25-000013,20250226,GLOBE LIFE INC.,1-LAF,LAF,CLOSED,CLOSED_OPERATING_NON_SHELL,OPERATING,operating,CLOSED_UNIQUE,7400000000.0,2024-06-30,eb49b392d941da76c966621ec747a505fae034c3cefb5fcb6cc814ff9a1e9597,CONFLICTING_WHITELIST_VALUES,,CONFLICTING_WHITELIST_VALUES,,,LAF,CLOSED_PF_GE700,2025-03-03,True,DIRECT,
33185,0000033185-25-000025,20250220,EQUIFAX INC,1-LAF,LAF,CLOSED,CLOSED_OPERATING_NON_SHELL,OPERATING,operating,CLOSED_UNIQUE,30001128029.0,2024-06-30,7a45a151c0e9a8e116843ac781c7d2087253a52a5a6c97d638b23d8c8e5a7f08,CLOSED_UNIQUE,5265200000.0,CLOSED_UNIQUE,5122200000.0,,LAF,CLOSED_PF_GE700,2025-03-03,True,DIRECT,
33213,0000033213-25-000011,20250219,EQT CORP,1-LAF,LAF,CLOSED,CLOSED_OPERATING_NON_SHELL,OPERATING,operating,CLOSED_UNIQUE,16200000000.0,2024-06-28,9ff81b075ea4301c5bb23092f2e6912e51a7a9e626021e09def99d4bbea16a45,CLOSED_UNIQUE,6908923000.0,CLOSED_UNIQUE,7497689000.0,,LAF,CLOSED_PF_GE700,2025-03-03,True,DIRECT,
33488,0001437749-25-006863,20250310,ESCALADE INC,2-ACC,AF,CLOSED,CLOSED_OPERATING_NON_SHELL,OPERATING,operating,CLOSED_UNIQUE,138090613.0,2024-06-30,90199ecac40b4c9a6a6ab2f59efc9755cecd0e29a5e755244a8b5d3e605afef1,CLOSED_UNIQUE,263566000.0,CLOSED_UNIQUE,313757000.0,,AF,CLOSED_PRIOR_ACC_REV_GE80_REMAIN_AF,2025-03-17,True,DIRECT,
33992,0000033992-25-000007,20250318,"KINGSTONE COMPANIES, INC.",4-NON,NAF,CLOSED,CLOSED_OPERATING_NON_SHELL,OPERATING,operating,CLOSED_UNIQUE,48527250.0,2024-06-30,64c4ad56c09b91cfb71bd8bacd619a3811a442b121d332bfa59fe8a71eeb57d6,CLOSED_UNIQUE,144190714.0,CLOSED_UNIQUE,130159290.0,,NAF,CLOSED_PF_LT60,2025-03-31,True,DIRECT,
34067,0000034067-25-000028,20250224,DMC GLOBAL INC.,2-ACC,AF,CLOSED,CLOSED_OPERATING_NON_SHELL,OPERATING,operating,CLOSED_UNIQUE,281030947.0,2024-06-30,29fc866d59784866cb4a302b05f9cb68666b470233199eb0d7c2f2cef3f03d8a,CLOSED_UNIQUE,719188000.0,CLOSED_UNIQUE,654086000.0,,AF,CLOSED_PRIOR_ACC_REV_GE80_REMAIN_AF,2025-03-17,True,DIRECT,
34088,0000034088-25-000010,20250219,EXXON MOBIL CORP,1-LAF,LAF,CLOSED,CLOSED_OPERATING_NON_SHELL,OPERATING,operating,CLOSED_UNIQUE,511000000000.0,2024-06-28,fca3335322b78b45ad5d397f4bf136cab7a42ef642a152042954168c45b94b0f,CLOSED_UNIQUE,344582000000.0,CLOSED_UNIQUE,413680000000.0,,LAF,CLOSED_PF_GE700,2025-03-03,True,DIRECT,
34285,0001641172-25-001879,20250331,RELIABILITY INC,4-NON,NAF,CLOSED,CLOSED_OPERATING_NON_SHELL,OPERATING,operating,CLOSED_UNIQUE,1811021.44,2024-06-28,5203131f1b5500696fc275b5c8a8c6c7e1d7fb74827287fb9f15db45ed8405a6,NO_WHITELIST_TOPLINE,,NO_WHITELIST_TOPLINE,,,NAF,CLOSED_PF_LT60,2025-03-31,True,DIRECT,
3453,0001558370-25-001875,20250228,"MATSON, INC.",1-LAF,LAF,CLOSED,CLOSED_OPERATING_NON_SHELL,OPERATING,operating,CLOSED_UNIQUE,4307855048.0,2024-06-30,4dfa11b5cb71ef406a862a2dc63c853c4fb49ffc095cd4a84b163f9a68ffbc43,CLOSED_UNIQUE,3094600000.0,CLOSED_UNIQUE,4343000000.0,,LAF,CLOSED_PF_GE700,2025-03-03,True,DIRECT,
34782,0000034782-25-000025,20250218,1ST SOURCE CORP,1-LAF,LAF,CLOSED,CLOSED_OPERATING_NON_SHELL,OPERATING,operating,CLOSED_UNIQUE,1020669837.0,2024-06-30,2c6c7d33daf9b96aea97eb9c5c28d2bdc9eba443e9572108a722f7bd38509074,NO_WHITELIST_TOPLINE,,NO_WHITELIST_TOPLINE,,,LAF,CLOSED_PF_GE700,2025-03-03,True,DIRECT,
34956,0000950170-25-044398,20250325,"TENAX THERAPEUTICS, INC.",4-NON,NAF,CLOSED,CLOSED_OPERATING_NON_SHELL,OPERATING,operating,CLOSED_UNIQUE,5887711.0,2024-06-30,b8b39ee71712f2620762100fb5f2155fc20007c65889e34a1e5e618b391faec7,NO_WHITELIST_TOPLINE,,NO_WHITELIST_TOPLINE,,,NAF,CLOSED_PF_LT60,2025-03-31,True,DIRECT,
350698,0000350698-25-000029,20250214,"AUTONATION, INC.",1-LAF,LAF,CLOSED,CLOSED_OPERATING_NON_SHELL,OPERATING,operating,CLOSED_UNIQUE,4100000000.0,2024-06-28,b8ed25513a43603c147d419667f8d140c01ed94443dc23fa974a9b4b0a64e224,CLOSED_UNIQUE,26948900000.0,CLOSED_UNIQUE,26985000000.0,,LAF,CLOSED_PF_GE700,2025-03-03,True,DIRECT,
350852,0001140361-25-006428,20250228,COMMUNITY TRUST BANCORP INC /KY/,2-ACC,AF,CLOSED,CLOSED_OPERATING_NON_SHELL,OPERATING,operating,CLOSED_UNIQUE,761000000.0,2024-06-30,70062f71f06c3a87dba65483c0d88e383f5949c4a3d8c321f99316b52fb12864,NO_WHITELIST_TOPLINE,,NO_WHITELIST_TOPLINE,,,LAF,CLOSED_PF_GE700,2025-03-03,True,DIRECT,
350894,0000350894-25-000028,20250220,SEI INVESTMENTS CO,1-LAF,LAF,CLOSED,CLOSED_OPERATING_NON_SHELL,OPERATING,operating,CLOSED_UNIQUE,7000000000.0,2024-06-28,36cc26e69707214b1efd8c7c20c187e48842a000230ae10da8817477d9f00c4d,CLOSED_UNIQUE,1919793000.0,CLOSED_UNIQUE,1991037000.0,,LAF,CLOSED_PF_GE700,2025-03-03,True,DIRECT,
351569,0000351569-25-000006,20250228,AMERIS BANCORP,1-LAF,LAF,CLOSED,CLOSED_OPERATING_NON_SHELL,OPERATING,operating,CLOSED_UNIQUE,3290000000.0,2024-06-30,fcb0a49e45d271eb65cb7eb9c5fe212886a1823d790e4f431549ca0d649c6bfc,NO_WHITELIST_TOPLINE,,NO_WHITELIST_TOPLINE,,,LAF,CLOSED_PF_GE700,2025-03-03,True,DIRECT,
351789,0000897101-25-000160,20250319,ELECTRO SENSORS INC,4-NON,NAF,CLOSED,CLOSED_OPERATING_NON_SHELL,OPERATING,operating,CLOSED_UNIQUE,6500000.0,2024-06-28,6a5e7a27f316997b103fa8db122d85b797ddcc7881206d52e1ab1dbdddad893b,CLOSED_UNIQUE,8555000.0,CLOSED_UNIQUE,9029000.0,,NAF,CLOSED_PF_LT60,2025-03-31,True,DIRECT,
351834,0001062993-25-003695,20250226,SUNOPTA INC.,1-LAF,LAF,CLOSED,CLOSED_OPERATING_NON_SHELL,OPERATING,operating,CLOSED_UNIQUE,508700000.0,2024-06-29,ba8d51a418f35bc06c0ecd1edce968964e71f0804403d9e5e3a0da5a0580e26b,CLOSED_UNIQUE,630297000.0,CLOSED_UNIQUE,934662000.0,,AF,CLOSED_PRIOR_LAF_REV_GE100_EXIT_AF,2025-03-17,True,DIRECT,
351998,0001654954-25-003717,20250401,DATA I/O CORP,4-NON,NAF,CLOSED,CLOSED_OPERATING_NON_SHELL,OPERATING,operating,CLOSED_UNIQUE,23523648.0,2024-06-30,f7dd73b811957fed08e7653f1c654682bc0b629acd4760dea4ae3d007e4bb514,CLOSED_UNIQUE,28064000.0,CLOSED_UNIQUE,24217000.0,2025-04-01,NAF,CLOSED_PF_LT60,2025-03-31,True,12B25,
352915,0000950170-25-027785,20250226,UNIVERSAL HEALTH SERVICES INC,1-LAF,LAF,CLOSED,CLOSED_OPERATING_NON_SHELL,OPERATING,operating,CLOSED_UNIQUE,10600000000.0,2024-06-30,0494f52ad49db34e0225f6db580a97efeebd5abb707b5c382123dce669e2950f,CLOSED_UNIQUE,14281976000.0,CLOSED_UNIQUE,13399370000.0,,LAF,CLOSED_PF_GE700,2025-03-03,True,DIRECT,
354190,0000950170-25-021775,20250218,ARTHUR J. GALLAGHER & CO.,1-LAF,LAF,CLOSED,CLOSED_OPERATING_NON_SHELL,OPERATING,operating,CLOSED_UNIQUE,49339200000.0,2024-06-30,2e08364cd52a432e14f8bebe8508b79b3a7537bf31bb3880c854a4d3ac804490,CLOSED_UNIQUE,10071900000.0,CLOSED_UNIQUE,8550600000.0,,LAF,CLOSED_PF_GE700,2025-03-03,True,DIRECT,
354647,0000950170-25-029985,20250228,CVB FINANCIAL CORP,1-LAF,LAF,CLOSED,CLOSED_OPERATING_NON_SHELL,OPERATING,operating,CLOSED_UNIQUE,2193108361.0,2024-06-30,8495b3046fbdbb1bd38d22b06c1815a07e638710bcec805201302013d1862287,NO_WHITELIST_TOPLINE,,NO_WHITELIST_TOPLINE,,,LAF,CLOSED_PF_GE700,2025-03-03,True,DIRECT,
354963,0001628280-25-006567,20250220,SHENANDOAH TELECOMMUNICATIONS CO/VA/,1-LAF,LAF,CLOSED,CLOSED_OPERATING_NON_SHELL,OPERATING,operating,CLOSED_UNIQUE,700000000.0,2024-06-30,aa8f2c3cd07295bbf6194d8d56e61d30b46c486c0ce030bbe0a005da6a4f39b6,NO_WHITELIST_TOPLINE,,NO_WHITELIST_TOPLINE,,,LAF,CLOSED_PF_GE700,2025-03-03,True,DIRECT,
35527,0000035527-25-000079,20250224,FIFTH THIRD BANCORP,1-LAF,LAF,CLOSED,CLOSED_OPERATING_NON_SHELL,OPERATING,operating,CLOSED_UNIQUE,21700000000.0,2024-06-30,c1035ec10aadf5e258aa3e347676c0754b715dc57f3e06cfbf832e60066a6de6,NO_WHITELIST_TOPLINE,,NO_WHITELIST_TOPLINE,,,LAF,CLOSED_PF_GE700,2025-03-03,True,DIRECT,
355811,0000355811-25-000009,20250225,GENTEX CORP,1-LAF,LAF,CLOSED,CLOSED_OPERATING_NON_SHELL,OPERATING,operating,CLOSED_UNIQUE,7743686144.0,2024-06-30,5cd70826f4b92e94be08859651fcfa94486e41ce5200be6998d8f6b9f70d29f2,CLOSED_UNIQUE,2299215044.0,CLOSED_UNIQUE,1918958043.0,,LAF,CLOSED_PF_GE700,2025-03-03,True,DIRECT,
356171,0000356171-25-000012,20250303,TRICO BANCSHARES /,1-LAF,LAF,CLOSED,CLOSED_OPERATING_NON_SHELL,OPERATING,operating,CLOSED_UNIQUE,1400000000.0,2024-06-30,75b327dc6b74712e9d6365b26139b3d56780e41b1f6f106b6bbd17009427fa7d,NO_WHITELIST_TOPLINE,,NO_WHITELIST_TOPLINE,,,LAF,CLOSED_PF_GE700,2025-03-03,True,DIRECT,
3570,0000003570-25-000033,20250220,CHENIERE ENERGY INC,1-LAF,LAF,CLOSED,CLOSED_OPERATING_NON_SHELL,OPERATING,operating,CLOSED_UNIQUE,39400000000.0,2024-06-30,62d64fd94ca444c7aa1bd0d7f5054b311ae70fb5dce5f4eb8fb5e51164462058,CLOSED_UNIQUE,20394000000.0,CLOSED_UNIQUE,33428000000.0,,LAF,CLOSED_PF_GE700,2025-03-03,True,DIRECT,
36029,0000950170-25-024666,20250221,FIRST FINANCIAL BANKSHARES INC,1-LAF,LAF,CLOSED,CLOSED_OPERATING_NON_SHELL,OPERATING,operating,CLOSED_UNIQUE,4050000000.0,2024-06-30,e34865306be57e665f1c657d8b1be2778ca4d88aaf7893665502dad14ffe0544,NO_WHITELIST_TOPLINE,,NO_WHITELIST_TOPLINE,,,LAF,CLOSED_PF_GE700,2025-03-03,True,DIRECT,
36104,0000036104-25-000016,20250221,US BANCORP DE,1-LAF,LAF,CLOSED,CLOSED_OPERATING_NON_SHELL,OPERATING,operating,CLOSED_UNIQUE,62000000000.0,2024-06-28,4d2314810cb180ac4dd3925d85eb0de9f9d7c232a101008501cc12a0561b5ef8,NO_WHITELIST_TOPLINE,,NO_WHITELIST_TOPLINE,,,LAF,CLOSED_PF_GE700,2025-03-03,True,DIRECT,
36146,0000950170-25-023184,20250219,TRUSTMARK CORP,1-LAF,LAF,CLOSED,CLOSED_OPERATING_NON_SHELL,OPERATING,operating,CLOSED_UNIQUE,1003000000.0,2024-06-30,4ac49e62e01eafe6463fc939fa86c5f442ce9672d64bb241a24c459a4d094ad0,NO_WHITELIST_TOPLINE,,NO_WHITELIST_TOPLINE,,,LAF,CLOSED_PF_GE700,2025-03-03,True,DIRECT,
36270,0001628280-25-006267,20250219,M&T BANK CORP,1-LAF,LAF,CLOSED,CLOSED_OPERATING_NON_SHELL,OPERATING,operating,CLOSED_UNIQUE,24606656349.0,2024-06-30,e7c1a509ff624083235ec6b31169c760f78cfd826eafb57a4f6dba5a019e4ff6,NO_WHITELIST_TOPLINE,,NO_WHITELIST_TOPLINE,,,LAF,CLOSED_PF_GE700,2025-03-03,True,DIRECT,
36377,0001558370-25-001943,20250228,"FIRST HAWAIIAN, INC.",1-LAF,LAF,CLOSED,CLOSED_OPERATING_NON_SHELL,OPERATING,operating,CLOSED_UNIQUE,2600000000.0,2024-06-30,42c874055d02780d6462119feff365be99c58a4a3297ec8a56f68d2e87ad2b63,NO_WHITELIST_TOPLINE,,NO_WHITELIST_TOPLINE,,,LAF,CLOSED_PF_GE700,2025-03-03,True,DIRECT,
36966,0000036966-25-000024,20250227,FIRST HORIZON CORP,1-LAF,LAF,CLOSED,CLOSED_OPERATING_NON_SHELL,OPERATING,operating,CLOSED_UNIQUE,8400000000.0,2024-06-30,251a30db520623da587594c8a8a09564ca8f4aed193926d9b9ffaeae015fc6c5,NO_WHITELIST_TOPLINE,,NO_WHITELIST_TOPLINE,,,LAF,CLOSED_PF_GE700,2025-03-03,True,DIRECT,
37785,0000037785-25-000030,20250228,FMC CORP,1-LAF,LAF,CLOSED,CLOSED_OPERATING_NON_SHELL,OPERATING,operating,CLOSED_UNIQUE,7145820070.0,2024-06-30,d5f8bc217ccd5a27a7cc1e017a87706f01b4ce5b5de6d8854370595fc4f6586a,CLOSED_UNIQUE,4486800000.0,CLOSED_UNIQUE,5802300000.0,,LAF,CLOSED_PF_GE700,2025-03-03,True,DIRECT,
37808,0000037808-25-000071,20250227,FNB CORP/PA/,1-LAF,LAF,CLOSED,CLOSED_OPERATING_NON_SHELL,OPERATING,operating,CLOSED_UNIQUE,4736749576.0,2024-06-30,2c6444f4c9630101c30764ad8f0807364b75db07a344ebed92323f1c11ab065d,NO_WHITELIST_TOPLINE,,NO_WHITELIST_TOPLINE,,,LAF,CLOSED_PF_GE700,2025-03-03,True,DIRECT,
37996,0000037996-25-000013,20250206,FORD MOTOR CO,1-LAF,LAF,CLOSED,CLOSED_OPERATING_NON_SHELL,OPERATING,operating,CLOSED_UNIQUE,48960272506.0,2024-06-30,9f140e48cf02f918331c28ab5e7918d608e50473872bec6ad330b1b544a5bb55,NO_WHITELIST_TOPLINE,,NO_WHITELIST_TOPLINE,,,LAF,CLOSED_PF_GE700,2025-03-03,True,DIRECT,
38723,0000038723-25-000048,20250430,1ST FRANKLIN FINANCIAL CORP,4-NON,NAF,CLOSED,CLOSED_OPERATING_NON_SHELL,OPERATING,operating,CLOSED_UNIQUE,0.0,2024-06-30,b589d7fe223cc8e6134879d6381ef935aa9ad44b318f36e57a8762d71f9b213c,NO_WHITELIST_TOPLINE,,NO_WHITELIST_TOPLINE,,2025-04-01,NAF,CLOSED_PF_LT60,2025-03-31,False,LATE,
38725,0000038725-25-000026,20250221,FRANKLIN ELECTRIC CO INC,1-LAF,LAF,CLOSED,CLOSED_OPERATING_NON_SHELL,OPERATING,operating,CLOSED_UNIQUE,4386004855.0,2024-06-30,6b26147782997e88d25b62ae5fae02a78e2325c3a1d03f53f79592357e1cab83,CLOSED_UNIQUE,2065133000.0,CLOSED_UNIQUE,2043711000.0,,LAF,CLOSED_PF_GE700,2025-03-03,True,DIRECT,
39263,0000039263-25-000017,20250206,"CULLEN/FROST BANKERS, INC.",1-LAF,LAF,CLOSED,CLOSED_OPERATING_NON_SHELL,OPERATING,operating,CLOSED_UNIQUE,6400000000.0,2024-06-30,dcde8cc9c1857f799a2f498eb3f52b18c263e89ea89a1e288ee20e13e2921e6c,NO_WHITELIST_TOPLINE,,NO_WHITELIST_TOPLINE,,,LAF,CLOSED_PF_GE700,2025-03-03,True,DIRECT,
39899,0000950170-25-029076,20250227,TEGNA INC,1-LAF,LAF,CLOSED,CLOSED_OPERATING_NON_SHELL,OPERATING,operating,CLOSED_UNIQUE,2307432488.0,2024-06-30,912578a38cab3ba1a90e289747fe3f302b3a9f3d11b36ee239e27429fe1d1346,CLOSED_UNIQUE,2910930000.0,CLOSED_UNIQUE,3279245000.0,,LAF,CLOSED_PF_GE700,2025-03-03,True,DIRECT,
40211,0000040211-25-000024,20250219,GATX CORP,1-LAF,LAF,CLOSED,CLOSED_OPERATING_NON_SHELL,OPERATING,operating,CLOSED_UNIQUE,4700000000.0,2024-06-30,b93c3d6466703f48be7e7bb5382d3733d357714aac5079764d84cc17f2d9f902,CLOSED_UNIQUE,1410900000.0,CLOSED_UNIQUE,1273000000.0,,LAF,CLOSED_PF_GE700,2025-03-03,True,DIRECT,
40533,0000040533-25-000008,20250207,GENERAL DYNAMICS CORP,1-LAF,LAF,CLOSED,CLOSED_OPERATING_NON_SHELL,OPERATING,operating,CLOSED_UNIQUE,71126305337.0,2024-06-30,b8dd6a6dc07a9ebbe5aedb0f4c7c2348004191beda2c5730ca2557318c277a56,CLOSED_UNIQUE,42272000000.0,CLOSED_UNIQUE,39407000000.0,,LAF,CLOSED_PF_GE700,2025-03-03,True,DIRECT,
40545,0000040545-25-000015,20250203,GENERAL ELECTRIC CO,1-LAF,LAF,CLOSED,CLOSED_OPERATING_NON_SHELL,OPERATING,operating,CLOSED_UNIQUE,170000000000.0,2024-06-30,b63f6f5a6e6eb78643c74a7025f94d81653bfbef2e365ec76c934312661d3c21,CLOSED_UNIQUE,67954000000.0,CLOSED_UNIQUE,76555000000.0,,LAF,CLOSED_PF_GE700,2025-03-03,True,DIRECT,
40729,0000040729-25-000006,20250219,ALLY FINANCIAL INC.,1-LAF,LAF,CLOSED,CLOSED_OPERATING_NON_SHELL,OPERATING,operating,CLOSED_UNIQUE,12100000000.0,2024-06-28,90131d6d858335240c37d38932ad7aafdcc61f6b8d4fdc401ca71fa283f811ac,CLOSED_UNIQUE,8214000000.0,CLOSED_UNIQUE,8428000000.0,,LAF,CLOSED_PF_GE700,2025-03-03,True,DIRECT,
40987,0000040987-25-000026,20250221,GENUINE PARTS CO,1-LAF,LAF,CLOSED,CLOSED_OPERATING_NON_SHELL,OPERATING,operating,CLOSED_UNIQUE,16200000000.0,2024-06-30,dec331e39259ca18ca0c34e4216040e104c76ab826c4f6b62323f17537d4efb5,CLOSED_UNIQUE,23090610000.0,CLOSED_UNIQUE,22095973000.0,,LAF,CLOSED_PF_GE700,2025-03-03,True,DIRECT,
42582,0000950170-25-020763,20250214,GOODYEAR TIRE & RUBBER CO /OH/,1-LAF,LAF,CLOSED,CLOSED_OPERATING_NON_SHELL,OPERATING,operating,CLOSED_UNIQUE,3200000000.0,2024-06-28,b6257eb6e392a79a04e5e3588360114f4f330c1d372d1e6ed4ffa55605891212,NO_WHITELIST_TOPLINE,,NO_WHITELIST_TOPLINE,,,LAF,CLOSED_PF_GE700,2025-03-03,True,DIRECT,
42682,0001437749-25-005856,20250303,GORMAN RUPP CO,2-ACC,AF,CLOSED,CLOSED_OPERATING_NON_SHELL,OPERATING,operating,CLOSED_UNIQUE,741250000.0,2024-06-30,00f3f813c7c481e6b0758d9ea4948ffcd93ff612eb9a6b7d4cba91afc5e3679d,CLOSED_UNIQUE,659511000.0,CLOSED_UNIQUE,521027000.0,,LAF,CLOSED_PF_GE700,2025-03-03,True,DIRECT,
4281,0000004281-25-000011,20250214,HOWMET AEROSPACE INC.,1-LAF,LAF,CLOSED,CLOSED_OPERATING_NON_SHELL,OPERATING,operating,CLOSED_UNIQUE,31000000000.0,2024-06-30,33c388d241ffbb883705177814db07eb380c1af0b7b7c9e9918e3f03df8fdf9e,NO_WHITELIST_TOPLINE,,NO_WHITELIST_TOPLINE,,,LAF,CLOSED_PF_GE700,2025-03-03,True,DIRECT,
4447,0001628280-25-008716,20250227,HESS CORP,1-LAF,LAF,CLOSED,CLOSED_OPERATING_NON_SHELL,OPERATING,operating,CLOSED_UNIQUE,41004000000.0,2024-06-30,7161645ed0ca526ecef6614a1963a489d4dd64b025ad954f2276bd2988a1d88c,CLOSED_UNIQUE,10511000000.0,CLOSED_UNIQUE,11324000000.0,,LAF,CLOSED_PF_GE700,2025-03-03,True,DIRECT,
45012,0000045012-25-000010,20250212,HALLIBURTON CO,1-LAF,LAF,CLOSED,CLOSED_OPERATING_NON_SHELL,OPERATING,operating,CLOSED_UNIQUE,22200000000.0,2024-06-30,49092184fd051035a5b5428f2be10a700d60971113c5c3d3fb954d0c03b84f27,CLOSED_UNIQUE,23018000000.0,CLOSED_UNIQUE,20297000000.0,,LAF,CLOSED_PF_GE700,2025-03-03,True,DIRECT,
45876,0000045876-25-000018,20250220,ENVIRI CORP,1-LAF,LAF,CLOSED,CLOSED_OPERATING_NON_SHELL,OPERATING,operating,CLOSED_UNIQUE,658406743.0,2024-06-30,b6963b3b707ea303c57c376d58d6a95ef47eaa3d04d914a35dc0df9579c1e5fd,NO_WHITELIST_TOPLINE,,NO_WHITELIST_TOPLINE,,,LAF,CLOSED_PRIOR_LAF_PF_GE560,2025-03-03,True,DIRECT,
45919,0000045919-25-000008,20250317,HARTE HANKS INC,4-NON,NAF,CLOSED,CLOSED_OPERATING_NON_SHELL,OPERATING,operating,CLOSED_UNIQUE,54992944.0,2024-06-30,a10560517848368df02e2b938bed51da7a5ae698780aed3b7e13fba1347fa24c,CLOSED_UNIQUE,191492000.0,CLOSED_UNIQUE,206278000.0,,NAF,CLOSED_PF_LT60,2025-03-31,True,DIRECT,
46080,0000046080-25-000027,20250227,"HASBRO, INC.",1-LAF,LAF,CLOSED,CLOSED_OPERATING_NON_SHELL,OPERATING,operating,CLOSED_UNIQUE,8100000000.0,2024-06-28,6d0df392e9ada5904a3dc2f668249c0b99516c28708467aabc696719ccaf566d,CLOSED_UNIQUE,5003300000.0,CLOSED_UNIQUE,5856700000.0,,LAF,CLOSED_PF_GE700,2025-03-03,True,DIRECT,
46129,0001558370-25-002265,20250305,ALLIENT INC,2-ACC,AF,CLOSED,CLOSED_OPERATING_NON_SHELL,OPERATING,operating,CLOSED_UNIQUE,358901285.0,2024-06-30,14e602151134489105d74299d103740be54546191d3dc1275d84f1ef57519353,CLOSED_UNIQUE,578634000.0,CLOSED_UNIQUE,502988000.0,,AF,CLOSED_PRIOR_ACC_REV_GE80_REMAIN_AF,2025-03-17,True,DIRECT,
46195,0000950170-25-031193,20250304,BANK OF HAWAII CORP,1-LAF,LAF,CLOSED,CLOSED_OPERATING_NON_SHELL,OPERATING,operating,CLOSED_UNIQUE,2235050474.0,2024-06-28,8ecaf7d9f0aaec9c75efab8b4959f6c9409d6e48229313a91d1d91cd8ec97e10,NO_WHITELIST_TOPLINE,,NO_WHITELIST_TOPLINE,,,LAF,CLOSED_PF_GE700,2025-03-03,False,LATE,
47111,0000047111-25-000014,20250218,HERSHEY CO,1-LAF,LAF,CLOSED,CLOSED_OPERATING_NON_SHELL,OPERATING,operating,CLOSED_UNIQUE,26717916357.0,2024-06-28,e9b68083d17b9396184ef62668518001f06b2eb6d509f62031f23219b8ae37d2,CLOSED_UNIQUE,11164992000.0,CLOSED_UNIQUE,10419294000.0,,LAF,CLOSED_PF_GE700,2025-03-03,True,DIRECT,
47307,0001437749-25-005328,20250227,CRAWFORD UNITED CORP,4-NON,NAF,CLOSED,CLOSED_OPERATING_NON_SHELL,OPERATING,operating,CLOSED_UNIQUE,28480829.0,2024-06-30,a1665ff20aff6ea8c40f03b886e221b6e7f264ecc796089c1c485bddc780a7ca,CLOSED_UNIQUE,143885934.0,CLOSED_UNIQUE,127754927.0,,NAF,CLOSED_PF_LT60,2025-03-31,True,DIRECT,
48287,0000048287-25-000084,20250225,HNI CORP,1-LAF,LAF,CLOSED,CLOSED_OPERATING_NON_SHELL,OPERATING,operating,CLOSED_UNIQUE,1528339577.0,2024-06-29,ee7f5ea186ced5829b3ee3a498855c73ed6370d5874b9f20af3a47428d8b548e,CLOSED_UNIQUE,2434000000.0,CLOSED_UNIQUE,2361800000.0,,LAF,CLOSED_PF_GE700,2025-03-03,True,DIRECT,
48898,0001628280-25-005311,20250213,HUBBELL INC,1-LAF,LAF,CLOSED,CLOSED_OPERATING_NON_SHELL,OPERATING,operating,CLOSED_UNIQUE,19516681705.0,2024-06-28,bb4181332cb3fce5a39c9fb1929148554b6dc07f3f931579359609ead78c6dff,CLOSED_UNIQUE,5372900000.0,CLOSED_UNIQUE,4947900000.0,,LAF,CLOSED_PF_GE700,2025-03-03,True,DIRECT,
49071,0000049071-25-000007,20250220,HUMANA INC,1-LAF,LAF,CLOSED,CLOSED_OPERATING_NON_SHELL,OPERATING,operating,CLOSED_UNIQUE,45549515606.0,2024-06-30,9032fdf0ff53cbb3f401d3a5e9a38b94ca4400501d013c5cefb87ffdd1a12414,CLOSED_UNIQUE,106374000000.0,CLOSED_UNIQUE,92870000000.0,,LAF,CLOSED_PF_GE700,2025-03-03,True,DIRECT,
49196,0000049196-25-000020,20250214,HUNTINGTON BANCSHARES INC /MD/,1-LAF,LAF,CLOSED,CLOSED_OPERATING_NON_SHELL,OPERATING,operating,CLOSED_UNIQUE,18889814095.0,2024-06-30,48407e97aecc9ba644bb8efe2ad7d6e5a54ed6db9e8b8790408823b61aeea2c5,NO_WHITELIST_TOPLINE,,NO_WHITELIST_TOPLINE,,,LAF,CLOSED_PF_GE700,2025-03-03,True,DIRECT,
49600,0000049600-25-000019,20250212,EASTGROUP PROPERTIES INC,1-LAF,LAF,CLOSED,CLOSED_OPERATING_NON_SHELL,OPERATING,operating,CLOSED_UNIQUE,8194355215.0,2024-06-28,c468c683ed11eee4a330fecbe6842a94411c69a03714f8f9df77e2b81e7a0146,CLOSED_UNIQUE,570591000.0,CLOSED_UNIQUE,487025000.0,,LAF,CLOSED_PF_GE700,2025-03-03,True,DIRECT,
4962,0000004962-25-000016,20250207,AMERICAN EXPRESS CO,1-LAF,LAF,CLOSED,CLOSED_OPERATING_NON_SHELL,OPERATING,operating,CLOSED_UNIQUE,164700000000.0,2024-06-30,1dc832140172742752d6261f8e57fee45b0871d18dafeefe33484d860c5fc70a,NO_WHITELIST_TOPLINE,,NO_WHITELIST_TOPLINE,,,LAF,CLOSED_PF_GE700,2025-03-03,True,DIRECT,
49754,0001628280-25-010259,20250305,"DINE BRANDS GLOBAL, INC.",1-LAF,LAF,CLOSED,CLOSED_OPERATING_NON_SHELL,OPERATING,operating,CLOSED_UNIQUE,522100000.0,2024-06-30,662f6bb0463cbc1cf14d2f852da055996c567b40eb66be2ca835f609646e2c8e,CLOSED_UNIQUE,831068000.0,CLOSED_UNIQUE,909402000.0,,AF,CLOSED_PRIOR_LAF_REV_GE100_EXIT_AF,2025-03-17,True,DIRECT,
4977,0000004977-25-000047,20250226,AFLAC INC,1-LAF,LAF,CLOSED,CLOSED_OPERATING_NON_SHELL,OPERATING,operating,CLOSED_UNIQUE,49825613971.0,2024-06-28,99a22c6ed744e06b1d942880aabd9b6288bed5460da5b8803a72b13c870dee95,CLOSED_UNIQUE,18701000000.0,CLOSED_UNIQUE,19502000000.0,,LAF,CLOSED_PF_GE700,2025-03-03,True,DIRECT,
49826,0000049826-25-000007,20250214,ILLINOIS TOOL WORKS INC,1-LAF,LAF,CLOSED,CLOSED_OPERATING_NON_SHELL,OPERATING,operating,CLOSED_UNIQUE,70100000000.0,2024-06-30,e1699a6da3bf306d94190bc7b41ee212941719ed677431a873931967c212c578,CLOSED_UNIQUE,16107000000.0,CLOSED_UNIQUE,15932000000.0,,LAF,CLOSED_PF_GE700,2025-03-03,True,DIRECT,
50863,0000050863-25-000009,20250131,INTEL CORP,1-LAF,LAF,CLOSED,CLOSED_OPERATING_NON_SHELL,OPERATING,operating,CLOSED_UNIQUE,132400000000.0,2024-06-28,3593d5a2f30e1d1def4241460e4bca03a2585b5fdf8e35dcc4c3d34357f73105,CLOSED_UNIQUE,54228000000.0,CLOSED_UNIQUE,63054000000.0,,LAF,CLOSED_PF_GE700,2025-03-03,True,DIRECT,
51143,0000051143-25-000015,20250225,INTERNATIONAL BUSINESS MACHINES CORP,1-LAF,LAF,CLOSED,CLOSED_OPERATING_NON_SHELL,OPERATING,operating,CLOSED_UNIQUE,159200000000.0,2024-06-30,13eece0d9a213ab15e4c1a6dccf78f64091f22b1802ffcc73b1ecce40d25ac52,CLOSED_UNIQUE,61860000000.0,NO_WHITELIST_TOPLINE,,,LAF,CLOSED_PF_GE700,2025-03-03,True,DIRECT,
51253,0000051253-25-000013,20250228,INTERNATIONAL FLAVORS & FRAGRANCES INC,1-LAF,LAF,CLOSED,CLOSED_OPERATING_NON_SHELL,OPERATING,operating,CLOSED_UNIQUE,24341101827.0,2024-06-30,ec7c52e1a64da25c2422734a288e610f46f613666848809819fe218092cfe798,CLOSED_UNIQUE,11479000000.0,CLOSED_UNIQUE,12440000000.0,,LAF,CLOSED_PF_GE700,2025-03-03,True,DIRECT,
51644,0000051644-25-000024,20250220,"INTERPUBLIC GROUP OF COMPANIES, INC.",1-LAF,LAF,CLOSED,CLOSED_OPERATING_NON_SHELL,OPERATING,operating,CLOSED_UNIQUE,10900000000.0,2024-06-30,47a1e353b90611c2b51a6d2ec8f5cf542ccfbe5e85db1d27f668c2c479015b6c,CONFLICTING_WHITELIST_VALUES,,CONFLICTING_WHITELIST_VALUES,,,LAF,CLOSED_PF_GE700,2025-03-03,True,DIRECT,
5272,0000005272-25-000012,20250213,"AMERICAN INTERNATIONAL GROUP, INC.",1-LAF,LAF,CLOSED,CLOSED_OPERATING_NON_SHELL,OPERATING,operating,CLOSED_UNIQUE,42903000000.0,2024-06-30,c0afa70d724f29741dbef94b2804123c080ba6fee1f76020bd4d644e64c7fe12,CLOSED_UNIQUE,46802000000.0,CLOSED_UNIQUE,56437000000.0,,LAF,CLOSED_PF_GE700,2025-03-03,True,DIRECT,
55067,0001628280-25-007118,20250221,KELLANOVA,1-LAF,LAF,CLOSED,CLOSED_OPERATING_NON_SHELL,OPERATING,operating,CLOSED_UNIQUE,16600000000.0,2024-06-29,b703e10bace8cb7a7da45f8ac955235187c9da9a45394cde783a6e3b9912ea7e,CLOSED_UNIQUE,13122000000.0,CLOSED_UNIQUE,15315000000.0,,LAF,CLOSED_PF_GE700,2025-03-03,True,DIRECT,
5513,0000005513-25-000015,20250227,UNUM GROUP,1-LAF,LAF,CLOSED,CLOSED_OPERATING_NON_SHELL,OPERATING,operating,CLOSED_UNIQUE,9600000000.0,2024-06-30,331610f55ce53afb380fd8d2e43565d026d66f3c9906e331ecd15c05cc7c7adf,CLOSED_UNIQUE,12385900000.0,CLOSED_UNIQUE,11991000000.0,,LAF,CLOSED_PF_GE700,2025-03-03,True,DIRECT,
55234,0001477932-25-002666,20250414,KENILWORTH SYSTEMS CORP,4-NON,NAF,CLOSED,CLOSED_OPERATING_NON_SHELL,OPERATING,operating,CLOSED_UNIQUE,1007485.0,2024-06-30,d76ae6361ecd7d473ca68252507d18b07e138c6c8f11e519006bc53fdaf55cee,CLOSED_UNIQUE,12000.0,CLOSED_UNIQUE,0.0,2025-03-31,NAF,CLOSED_PF_LT60,2025-03-31,True,12B25,
55785,0000055785-25-000013,20250213,KIMBERLY CLARK CORP,1-LAF,LAF,CLOSED,CLOSED_OPERATING_NON_SHELL,OPERATING,operating,CLOSED_UNIQUE,46600000000.0,2024-06-30,31152e83ff207f6e1d74cb1fe88d73430a88cee7737054868c1a6dbf4c7d4f87,CLOSED_UNIQUE,20431000000.0,CLOSED_UNIQUE,20175000000.0,,LAF,CLOSED_PF_GE700,2025-03-03,True,DIRECT,
56047,0000950170-25-022012,20250218,KIRBY CORP,1-LAF,LAF,CLOSED,CLOSED_OPERATING_NON_SHELL,OPERATING,operating,CLOSED_UNIQUE,6900000000.0,2024-06-30,ae49d993e41443f5db6d7705987d86f1d0d4ba068491a020fb9b098882814ff0,CLOSED_UNIQUE,3091640000.0,CLOSED_UNIQUE,2784754000.0,,LAF,CLOSED_PF_GE700,2025-03-03,True,DIRECT,
58492,0000058492-25-000136,20250226,LEGGETT & PLATT INC,1-LAF,LAF,CLOSED,CLOSED_OPERATING_NON_SHELL,OPERATING,operating,CLOSED_UNIQUE,1505582000.0,2024-06-28,4154fa4aabde5d18367aaa3028390604d6a5a29e404dc5961b615624a32165f3,NO_WHITELIST_TOPLINE,,NO_WHITELIST_TOPLINE,,,LAF,CLOSED_PF_GE700,2025-03-03,True,DIRECT,
59255,0001558370-25-002409,20250306,VALHI INC /DE/,4-NON,NAF,CLOSED,CLOSED_OPERATING_NON_SHELL,OPERATING,operating,CLOSED_UNIQUE,43400000.0,2024-06-30,72bce89e0360369ebbb0996f4f666b6ee245aa6f9d0878f8a9768c604f53fe01,CLOSED_UNIQUE,1921700000.0,CLOSED_UNIQUE,2222500000.0,,NAF,CLOSED_PF_LT60,2025-03-31,True,DIRECT,
59478,0000059478-25-000067,20250219,ELI LILLY & CO,1-LAF,LAF,CLOSED,CLOSED_OPERATING_NON_SHELL,OPERATING,operating,CLOSED_UNIQUE,769792000000.0,2024-06-30,164d8db17662a28faade1ca5f133bf37bb29342edf27de6dfbc32c0f32002790,NO_WHITELIST_TOPLINE,,NO_WHITELIST_TOPLINE,,,LAF,CLOSED_PF_GE700,2025-03-03,True,DIRECT,
59527,0000059527-25-000006,20250226,LINCOLN ELECTRIC HOLDINGS INC,1-LAF,LAF,CLOSED,CLOSED_OPERATING_NON_SHELL,OPERATING,operating,CLOSED_UNIQUE,10520915345.0,2024-06-30,eb56f1d239cfa472216c7c1bc6411f77a3d29a8678585163d4a517a39e229046,NO_WHITELIST_TOPLINE,,NO_WHITELIST_TOPLINE,,,LAF,CLOSED_PF_GE700,2025-03-03,True,DIRECT,
59558,0000059558-25-000023,20250221,LINCOLN NATIONAL CORP,1-LAF,LAF,CLOSED,CLOSED_OPERATING_NON_SHELL,OPERATING,operating,CLOSED_UNIQUE,4600000000.0,2024-06-30,b91fdfbd37e28af0313e9c9cdf8d12635658fb75b321e7646595a5a28db6b2f1,CLOSED_UNIQUE,11645000000.0,CLOSED_UNIQUE,18784000000.0,,LAF,CLOSED_PF_GE700,2025-03-03,True,DIRECT,
60086,0000060086-25-000036,20250211,LOEWS CORP,1-LAF,LAF,CLOSED,CLOSED_OPERATING_NON_SHELL,OPERATING,operating,CLOSED_UNIQUE,13336000000.0,2024-06-30,6f3533f82c3c0819b18e98862701099bf1ef41d14843ee0e0f48bd7fb120138e,NO_WHITELIST_TOPLINE,,NO_WHITELIST_TOPLINE,,,LAF,CLOSED_PF_GE700,2025-03-03,True,DIRECT,
60519,0000060519-25-000005,20250219,LOUISIANA-PACIFIC CORP,1-LAF,LAF,CLOSED,CLOSED_OPERATING_NON_SHELL,OPERATING,operating,CLOSED_UNIQUE,5761626247.0,2024-06-30,38edbbb2efa269da902a37e772901915d987a58f06e7f15b3b6714216f20f2b5,CLOSED_UNIQUE,2581000000.0,CLOSED_UNIQUE,3854000000.0,,LAF,CLOSED_PF_GE700,2025-03-03,True,DIRECT,
60714,0000950170-25-029046,20250227,"LSB INDUSTRIES, INC.",2-ACC,AF,CLOSED,CLOSED_OPERATING_NON_SHELL,OPERATING,operating,CLOSED_UNIQUE,415000000.0,2024-06-28,139559097efd996f10d3afa678f0cedc0a97546b96db24be969c460e85b773d2,CLOSED_UNIQUE,593709000.0,CLOSED_UNIQUE,901711000.0,,AF,CLOSED_PRIOR_ACC_REV_GE80_REMAIN_AF,2025-03-17,True,DIRECT,
61004,0001437749-25-010246,20250331,LGL GROUP INC,4-NON,NAF,CLOSED,CLOSED_OPERATING_NON_SHELL,OPERATING,operating,CLOSED_UNIQUE,16622513.0,2024-06-30,01f5412ee2aeb1730f589394cd2a3fe0e6c1ad9d449c4d5f15bbeb6a421c131d,CONFLICTING_WHITELIST_VALUES,,CLOSED_UNIQUE,1655000.0,,NAF,CLOSED_PF_LT60,2025-03-31,True,DIRECT,
6176,0000950170-25-040259,20250317,AMPCO PITTSBURGH CORP,4-NON,NAF,CLOSED,CLOSED_OPERATING_NON_SHELL,OPERATING,operating,CLOSED_UNIQUE,9000000.0,2024-06-30,54ddc8595d484899543002c9b7ea93b4f3fb1defff3b27b62629c89925685630,CONFLICTING_WHITELIST_VALUES,,CONFLICTING_WHITELIST_VALUES,,,NAF,CLOSED_PF_LT60,2025-03-31,True,DIRECT,
61986,0000950170-25-024838,20250221,MANITOWOC CO INC,2-ACC,AF,CLOSED,CLOSED_OPERATING_NON_SHELL,OPERATING,operating,CLOSED_UNIQUE,389200000.0,2024-06-28,0a13a7667251472b06b66696e3a919faa0db078b62c6baa8235a31de0c3f9923,CLOSED_UNIQUE,2227800000.0,CLOSED_UNIQUE,2032500000.0,,AF,CLOSED_PRIOR_ACC_REV_GE80_REMAIN_AF,2025-03-17,True,DIRECT,
62234,0000062234-25-000006,20250228,MARCUS CORP,2-ACC,AF,CLOSED,CLOSED_OPERATING_NON_SHELL,OPERATING,operating,CLOSED_UNIQUE,218000340.0,2024-06-27,9030cbba4df8e4036d2401a43ea58382bad70a8f74f7c161d814fb18f6e60f0b,CLOSED_UNIQUE,729575000.0,CLOSED_UNIQUE,677394000.0,,AF,CLOSED_PRIOR_ACC_REV_GE80_REMAIN_AF,2025-03-17,True,DIRECT,
62709,0000062709-25-000015,20250210,"MARSH & MCLENNAN COMPANIES, INC.",1-LAF,LAF,CLOSED,CLOSED_OPERATING_NON_SHELL,OPERATING,operating,CLOSED_UNIQUE,103586269063.0,2024-06-30,3e33e8aea8d862e6f70ba5f867ecfa3c59cb65168e4c8e815bffbd0eff04d80f,CLOSED_UNIQUE,22736000000.0,CLOSED_UNIQUE,20720000000.0,,LAF,CLOSED_PF_GE700,2025-03-03,True,DIRECT,
62996,0000062996-25-000004,20250211,MASCO CORP /DE/,1-LAF,LAF,CLOSED,CLOSED_OPERATING_NON_SHELL,OPERATING,operating,CLOSED_UNIQUE,14510947978.0,2024-06-30,a87252e7a3c50301a128fa27d13d66163ec0a92002811edd093952e981f5700e,CLOSED_UNIQUE,7967000000.0,CLOSED_UNIQUE,8680000000.0,,LAF,CLOSED_PF_GE700,2025-03-03,True,DIRECT,
63276,0001628280-25-007887,20250226,MATTEL INC /DE/,1-LAF,LAF,CLOSED,CLOSED_OPERATING_NON_SHELL,OPERATING,operating,CLOSED_UNIQUE,5525716222.0,2024-06-30,8dc1c678b1da1b79c034c45c249eaf8b56b7c7c5e980e3e1e148568e42a0b9fb,CLOSED_UNIQUE,5441219000.0,CLOSED_UNIQUE,5434687000.0,,LAF,CLOSED_PF_GE700,2025-03-03,True,DIRECT,
63908,0000063908-25-000012,20250225,MCDONALDS CORP,1-LAF,LAF,CLOSED,CLOSED_OPERATING_NON_SHELL,OPERATING,operating,CLOSED_UNIQUE,182778968633.0,2024-06-28,91af1c790d1c790f042a0a04c454917697b5852edbe0595242c085395161d9d6,CLOSED_UNIQUE,25493700000.0,CLOSED_UNIQUE,23182600000.0,,LAF,CLOSED_PF_GE700,2025-03-03,True,DIRECT,
64463,0001641172-25-001756,20250331,"SOLUNA HOLDINGS, INC",4-NON,NAF,CLOSED,CLOSED_OPERATING_NON_SHELL,OPERATING,operating,CLOSED_UNIQUE,24360071.0,2024-06-30,4bbfc9547ca713f99c8a86fe8b4a883dd73d6a5e858fe32d56e404a31d82ec6b,CLOSED_UNIQUE,21066000.0,CLOSED_UNIQUE,28547000.0,,NAF,CLOSED_PF_LT60,2025-03-31,True,DIRECT,
64803,0000064803-25-000007,20250212,CVS HEALTH CORP,1-LAF,LAF,CLOSED,CLOSED_OPERATING_NON_SHELL,OPERATING,operating,CLOSED_UNIQUE,74072103405.0,2024-06-30,ba84232ad819ed087e0dcb223a9e50a32ca51b1aacd4c70623c822a12f8def25,CLOSED_UNIQUE,357776000000.0,CLOSED_UNIQUE,322467000000.0,,LAF,CLOSED_PF_GE700,2025-03-03,True,DIRECT,
64996,0000064996-25-000013,20250211,MERCURY GENERAL CORP,1-LAF,LAF,CLOSED,CLOSED_OPERATING_NON_SHELL,OPERATING,operating,CLOSED_UNIQUE,1411146942.0,2024-06-30,6f8e7ba9e87c85c02c5219c3bc66f2f0fb8418c1e18ac7870a58efe424f397c8,CLOSED_UNIQUE,4629631000.0,CLOSED_UNIQUE,3643066000.0,,LAF,CLOSED_PF_GE700,2025-03-03,True,DIRECT,
65770,0001641172-25-000783,20250326,"MICROVISION, INC.",1-LAF,LAF,CLOSED,CLOSED_OPERATING_NON_SHELL,OPERATING,operating,CLOSED_UNIQUE,222000000.0,2024-06-30,23b7a3d20a15820b4e0769a6f5a4716e444df41f99a6f7de82e59b09018b8b4a,CLOSED_UNIQUE,7259000.0,CLOSED_UNIQUE,664000.0,,NAF,CLOSED_PRIOR_LAF_REV_LT80_EXIT_NAF,2025-03-31,True,DIRECT,
66570,0000066570-25-000007,20250214,MSA SAFETY INC,1-LAF,LAF,CLOSED,CLOSED_OPERATING_NON_SHELL,OPERATING,operating,CLOSED_UNIQUE,7300000000.0,2024-06-30,bf98b427161b95cb3fe78a55d8f35f1277f363b0d1c3e69b926c2d4b74a72d45,CLOSED_UNIQUE,1787647000.0,CLOSED_UNIQUE,1527953000.0,,LAF,CLOSED_PF_GE700,2025-03-03,True,DIRECT,
66740,0000066740-25-000006,20250205,3M CO,1-LAF,LAF,CLOSED,CLOSED_OPERATING_NON_SHELL,OPERATING,operating,CLOSED_UNIQUE,56100000000.0,2024-06-30,132101c71aea4f9d64aebf1608ffd43ba7486fac73db5f7f8f3a9bb0d2a205dd,CLOSED_UNIQUE,32681000000.0,CLOSED_UNIQUE,34229000000.0,,LAF,CLOSED_PF_GE700,2025-03-03,True,DIRECT,
66756,0000066756-25-000013,20250213,ALLETE INC,1-LAF,LAF,CLOSED,CLOSED_OPERATING_NON_SHELL,OPERATING,operating,CLOSED_UNIQUE,3591830978.0,2024-06-28,ac165e9af868162b4b7211ee67d93556ed942f5c5876f41e154a7a3951e7deb8,CLOSED_UNIQUE,1879800000.0,CLOSED_UNIQUE,1570700000.0,,LAF,CLOSED_PF_GE700,2025-03-03,True,DIRECT,
67716,0000067716-25-000016,20250220,MDU RESOURCES GROUP INC,1-LAF,LAF,CLOSED,CLOSED_OPERATING_NON_SHELL,OPERATING,operating,CLOSED_UNIQUE,5095923531.0,2024-06-28,2f1f283269d00f6ab67cc2e82649451036111d3979aabb81addab524ce0ec90f,CLOSED_UNIQUE,4657340000.0,CLOSED_UNIQUE,6973864000.0,,LAF,CLOSED_PF_GE700,2025-03-03,True,DIRECT,
68505,0000068505-25-000012,20250214,"MOTOROLA SOLUTIONS, INC.",1-LAF,LAF,CLOSED,CLOSED_OPERATING_NON_SHELL,OPERATING,operating,CLOSED_UNIQUE,56300000000.0,2024-06-28,d9b6f5852f4093a8f5b5ac033f368e573d8494dd62a8c9d3db28c209a3ddebba,CLOSED_UNIQUE,9978000000.0,CLOSED_UNIQUE,9112000000.0,,LAF,CLOSED_PF_GE700,2025-03-03,True,DIRECT,
68622,0000068622-25-000005,20250220,QWEST CORP,4-NON,NAF,CLOSED,CLOSED_OPERATING_NON_SHELL,OPERATING,operating,CLOSED_UNIQUE,0.0,2024-06-30,bbff9a9a92a797619645001ffbf8c34b61c92ce1832fc0d4a8b3bd8fb8216f53,CLOSED_UNIQUE,5915000000.0,CLOSED_UNIQUE,6449000000.0,,NAF,CLOSED_PF_LT60,2025-03-31,True,DIRECT,
69488,0000950170-25-034598,20250306,MYERS INDUSTRIES INC,2-ACC,AF,CLOSED,CLOSED_OPERATING_NON_SHELL,OPERATING,operating,CLOSED_UNIQUE,339559634.0,2024-06-30,1df017ea59e7dc7d03c2fa145a3129b1917a8d2fb8fab1a3175dbc7fe48b745b,CLOSED_UNIQUE,813067000.0,CLOSED_UNIQUE,899547000.0,,AF,CLOSED_PRIOR_ACC_REV_GE80_REMAIN_AF,2025-03-17,True,DIRECT,
700564,0000700564-25-000014,20250228,FULTON FINANCIAL CORP,1-LAF,LAF,CLOSED,CLOSED_OPERATING_NON_SHELL,OPERATING,operating,CLOSED_UNIQUE,3000000000.0,2024-06-30,b3ffb72990e6df0130cf132af1b25a6672339921c03bb3af5a612a8c82c21a71,NO_WHITELIST_TOPLINE,,NO_WHITELIST_TOPLINE,,,LAF,CLOSED_PF_GE700,2025-03-03,True,DIRECT,
700565,0000950170-25-029793,20250228,"FIRST MID BANCSHARES, INC.",2-ACC,AF,CLOSED,CLOSED_OPERATING_NON_SHELL,OPERATING,operating,CLOSED_UNIQUE,704766369.0,2024-06-30,e50527fca32035ae177c124350ed5ff61dc46bf353b012cb6b84b0ea0ce4a63b,NO_WHITELIST_TOPLINE,,NO_WHITELIST_TOPLINE,,,LAF,CLOSED_PF_GE700,2025-03-03,True,DIRECT,
700841,0001437749-25-007557,20250313,"RCM TECHNOLOGIES, INC.",2-ACC,AF,CLOSED,CLOSED_OPERATING_NON_SHELL,OPERATING,operating,CLOSED_UNIQUE,84800000.0,2024-06-28,1e2539e769b83bdfa1d38a243834b15848edcb6361f4751a0a223bd5f184d12e,CLOSED_UNIQUE,263237000.0,CLOSED_UNIQUE,284680000.0,,AF,CLOSED_PRIOR_ACC_REV_GE80_REMAIN_AF,2025-03-17,True,DIRECT,
700923,0000700923-25-000006,20250226,MYR GROUP INC.,1-LAF,LAF,CLOSED,CLOSED_OPERATING_NON_SHELL,OPERATING,operating,CLOSED_UNIQUE,1880000000.0,2024-06-28,91fa9be7ff0af47a4cd023e228d18624c132bc2eac286e00051817214608ddce,NO_WHITELIST_TOPLINE,,NO_WHITELIST_TOPLINE,,,LAF,CLOSED_PF_GE700,2025-03-03,True,DIRECT,
701719,0000701719-25-000007,20250326,ENVELA CORP,4-NON,NAF,CLOSED,CLOSED_OPERATING_NON_SHELL,OPERATING,operating,CLOSED_UNIQUE,30500000.0,2024-06-28,44dbd546d79b2d8af30327c0ccec2f22c31c742cde32030ec1c9eb8f7b3bf8eb,CLOSED_UNIQUE,171674088.0,CLOSED_UNIQUE,182685854.0,,NAF,CLOSED_PF_LT60,2025-03-31,True,DIRECT,
702165,0000702165-25-000008,20250210,NORFOLK SOUTHERN CORP,1-LAF,LAF,CLOSED,CLOSED_OPERATING_NON_SHELL,OPERATING,operating,CLOSED_UNIQUE,48522427121.0,2024-06-30,fdf769f46339ac3ba16c31fc92bc768291bf27ca0dc6a21abf2ac3a34bcaf13f,NO_WHITELIST_TOPLINE,,NO_WHITELIST_TOPLINE,,,LAF,CLOSED_PF_GE700,2025-03-03,True,DIRECT,
70318,0000070318-25-000009,20250218,TENET HEALTHCARE CORP,1-LAF,LAF,CLOSED,CLOSED_OPERATING_NON_SHELL,OPERATING,operating,CLOSED_UNIQUE,9970000000.0,2024-06-30,8392d7efe73f321ac525a59d1e9559205fad5ee30e9de1e8d355e9ed1563c7c7,NO_WHITELIST_TOPLINE,,NO_WHITELIST_TOPLINE,,,LAF,CLOSED_PF_GE700,2025-03-03,True,DIRECT,
703604,0000703604-25-000012,20250306,"DISTRIBUTION SOLUTIONS GROUP, INC.",2-ACC,AF,CLOSED,CLOSED_OPERATING_NON_SHELL,OPERATING,operating,CLOSED_UNIQUE,298778940.0,2024-06-30,f9dab42112dc3f9eaba073a5cd0db9a2a16ee7d3d0889dfc472e2c1d7b80e232,CLOSED_UNIQUE,1570402000.0,CLOSED_UNIQUE,1151422000.0,,AF,CLOSED_PRIOR_ACC_REV_GE80_REMAIN_AF,2025-03-17,True,DIRECT,
704532,0000950170-25-026729,20250225,ONTO INNOVATION INC.,1-LAF,LAF,CLOSED,CLOSED_OPERATING_NON_SHELL,OPERATING,operating,CLOSED_UNIQUE,10757963994000.0,2024-06-30,627c75d3f7472044b9ff1bfe20d071841345eb64a44ea38d5cb74bdcbb41dd6d,CLOSED_UNIQUE,815868000.0,CLOSED_UNIQUE,1005183000.0,,LAF,CLOSED_PF_GE700,2025-03-03,True,DIRECT,
70487,0001437749-25-007867,20250317,NATIONAL RESEARCH CORP,2-ACC,AF,CLOSED,CLOSED_OPERATING_NON_SHELL,OPERATING,operating,CLOSED_UNIQUE,299398035.0,2024-06-30,1c02ed987feea57c8401bef6bc19785e2aa3d5a9adba031b29f93448806c0fac,CLOSED_UNIQUE,148580000.0,CLOSED_UNIQUE,151568000.0,,AF,CLOSED_PRIOR_ACC_REV_GE80_REMAIN_AF,2025-03-17,True,DIRECT,
705432,0000705432-25-000020,20250227,SOUTHSIDE BANCSHARES INC,1-LAF,LAF,CLOSED,CLOSED_OPERATING_NON_SHELL,OPERATING,operating,CLOSED_UNIQUE,785900000.0,2024-06-30,6816cdedbd4ffdaff67776ad85479cb6b4538d89fe1b3b033e013ffb4cfa0b19,NO_WHITELIST_TOPLINE,,NO_WHITELIST_TOPLINE,,,LAF,CLOSED_PF_GE700,2025-03-03,True,DIRECT,
707179,0000707179-25-000005,20250219,OLD NATIONAL BANCORP /IN/,1-LAF,LAF,CLOSED,CLOSED_OPERATING_NON_SHELL,OPERATING,operating,CLOSED_UNIQUE,5427272350.0,2024-06-30,e8feb1316d181b93787fa118738ec3ccc741a53a1a07f8a6134c2e1025ad184c,NO_WHITELIST_TOPLINE,,NO_WHITELIST_TOPLINE,,,LAF,CLOSED_PF_GE700,2025-03-03,True,DIRECT,
707388,0000707388-25-000040,20250321,"STAR EQUITY HOLDINGS, INC.",4-NON,NAF,CLOSED,CLOSED_OPERATING_NON_SHELL,OPERATING,operating,CLOSED_UNIQUE,5100000.0,2024-06-30,dbcd3333f70b383d6fd14f5524bed62efa0901e35a683c1237108cac461be77e,CLOSED_UNIQUE,45785000.0,CLOSED_UNIQUE,112151000.0,,NAF,CLOSED_PF_LT60,2025-03-31,True,DIRECT,
707605,0001558370-25-003291,20250319,AMERISERV FINANCIAL INC /PA/,4-NON,NAF,CLOSED,CLOSED_OPERATING_NON_SHELL,OPERATING,operating,CLOSED_UNIQUE,33885898.0,2024-06-30,ac2a0e0886175f1fea73055f60bf02b5e5f795296f33b5f92f9fabea98144a99,NO_WHITELIST_TOPLINE,,NO_WHITELIST_TOPLINE,,,NAF,CLOSED_PF_LT60,2025-03-31,True,DIRECT,
7084,0000007084-25-000011,20250220,ARCHER-DANIELS-MIDLAND CO,1-LAF,LAF,CLOSED,CLOSED_OPERATING_NON_SHELL,OPERATING,operating,CLOSED_UNIQUE,28800000000.0,2024-06-28,53e8ef412b36d63fb348c6b5c339a60e790a43ea5fc7380d9fa24bea25955d52,CLOSED_UNIQUE,93935000000.0,CLOSED_UNIQUE,101556000000.0,,LAF,CLOSED_PF_GE700,2025-03-03,True,DIRECT,
70858,0000070858-25-000139,20250225,BANK OF AMERICA CORP /DE/,1-LAF,LAF,CLOSED,CLOSED_OPERATING_NON_SHELL,OPERATING,operating,CLOSED_UNIQUE,309201944388.0,2024-06-30,4e2b64e5d83e35274598bf9d8a515f1b02ef83bd5f3b2cf2abcd62163e30a7bf,NO_WHITELIST_TOPLINE,,NO_WHITELIST_TOPLINE,,,LAF,CLOSED_PF_GE700,2025-03-03,True,DIRECT,
70866,0000070866-25-000010,20250227,NCR VOYIX CORP,1-LAF,LAF,CLOSED,CLOSED_OPERATING_NON_SHELL,OPERATING,operating,CLOSED_UNIQUE,1800000000.0,2024-06-30,4033db9d9ae3cb5f4fca37716245603d8ead2dc2fe57895d6d29f8aa6d32b088,CLOSED_UNIQUE,3830000000.0,NO_WHITELIST_TOPLINE,,,LAF,CLOSED_PF_GE700,2025-03-03,True,DIRECT,
708781,0000708781-25-000018,20250305,CASS INFORMATION SYSTEMS INC,2-ACC,AF,CLOSED,CLOSED_OPERATING_NON_SHELL,OPERATING,operating,CLOSED_UNIQUE,529500000.0,2024-06-30,4b8b5bb3f51018c5265e5e72ee6ea6a4788d31a75881b2a9b610bc7887407ca4,CLOSED_UNIQUE,197511000.0,CLOSED_UNIQUE,182476000.0,,AF,CLOSED_PRIOR_ACC_REV_GE80_REMAIN_AF,2025-03-17,True,DIRECT,
708821,0000708821-25-000015,20250303,PAR TECHNOLOGY CORP,1-LAF,LAF,CLOSED,CLOSED_OPERATING_NON_SHELL,OPERATING,operating,CLOSED_UNIQUE,1586321913.0,2024-06-28,ca52c20cc94e359cf9ff5240c585cede69012adc2b40f998cdff5cef373965df,CLOSED_UNIQUE,415823000.0,CLOSED_UNIQUE,355795000.0,,LAF,CLOSED_PF_GE700,2025-03-03,True,DIRECT,
708955,0000708955-25-000012,20250220,FIRST FINANCIAL BANCORP /OH/,1-LAF,LAF,CLOSED,CLOSED_OPERATING_NON_SHELL,OPERATING,operating,CLOSED_UNIQUE,2078427000.0,2024-06-30,fa9906aae702d969d69329830260350d9b68ee3c20b2c6558f09340e88214d00,NO_WHITELIST_TOPLINE,,NO_WHITELIST_TOPLINE,,,LAF,CLOSED_PF_GE700,2025-03-03,True,DIRECT,
709005,0001654954-25-006725,20250609,NOBLE ROMANS INC,4-NON,NAF,CLOSED,CLOSED_OPERATING_NON_SHELL,OPERATING,operating,CLOSED_UNIQUE,7270000.0,2024-06-30,fe73dbe50302b89c74f1cdc1cf00c10a34f1081ace39c989ee03797ce6d22563,CLOSED_UNIQUE,14373574.0,CLOSED_UNIQUE,14452765.0,2025-03-31,NAF,CLOSED_PF_LT60,2025-03-31,False,LATE,
712034,0000950170-25-024931,20250221,ACCO BRANDS CORP,2-ACC,AF,CLOSED,CLOSED_OPERATING_NON_SHELL,OPERATING,operating,CLOSED_UNIQUE,440900000.0,2024-06-30,1ebcf5dbf0e35becd32ed1380ffcc8ce716cd3cecaa4b33446a26ec197c3df02,CLOSED_UNIQUE,1832800000.0,CLOSED_UNIQUE,1947600000.0,,AF,CLOSED_PRIOR_ACC_REV_GE80_REMAIN_AF,2025-03-17,True,DIRECT,
712534,0000712534-25-000058,20250224,FIRST MERCHANTS CORP,1-LAF,LAF,CLOSED,CLOSED_OPERATING_NON_SHELL,OPERATING,operating,CLOSED_UNIQUE,1932340000.0,2024-06-30,8706d04a4f3e10294d444a7a6195555ba02e20e60d14761dd19a81cd0c0833c5,NO_WHITELIST_TOPLINE,,NO_WHITELIST_TOPLINE,,,LAF,CLOSED_PF_GE700,2025-03-03,True,DIRECT,
713676,0000713676-25-000027,20250221,"PNC FINANCIAL SERVICES GROUP, INC.",1-LAF,LAF,CLOSED,CLOSED_OPERATING_NON_SHELL,OPERATING,operating,CLOSED_UNIQUE,61600000000.0,2024-06-30,f990bfd463547b67924b1b71c521b478fc0cba788381bf408497c86598e384ba,CLOSED_UNIQUE,21490000000.0,CLOSED_UNIQUE,21120000000.0,,LAF,CLOSED_PF_GE700,2025-03-03,True,DIRECT,
714310,0000714310-25-000068,20250228,VALLEY NATIONAL BANCORP,1-LAF,LAF,CLOSED,CLOSED_OPERATING_NON_SHELL,OPERATING,operating,CLOSED_UNIQUE,3500000000.0,2024-06-30,fd3f915e38a76c4258ee4df19565cce23804d46844f0bc50d16de44f4d3a4536,NO_WHITELIST_TOPLINE,,NO_WHITELIST_TOPLINE,,,LAF,CLOSED_PF_GE700,2025-03-03,True,DIRECT,
714395,0000714395-25-000012,20250303,"GERMAN AMERICAN BANCORP, INC.",1-LAF,LAF,CLOSED,CLOSED_OPERATING_NON_SHELL,OPERATING,operating,CLOSED_UNIQUE,1010766098.0,2024-06-30,179cd64e8603b3b2039b8305401711dcfb34e6a0d9151ba48e2d227244c351ad,NO_WHITELIST_TOPLINE,,NO_WHITELIST_TOPLINE,,,LAF,CLOSED_PF_GE700,2025-03-03,True,DIRECT,
714562,0000714562-25-000010,20250305,FIRST FINANCIAL CORP /IN/,2-ACC,AF,CLOSED,CLOSED_OPERATING_NON_SHELL,OPERATING,operating,CLOSED_UNIQUE,3989363.0,2024-06-30,4ed9d001bd42fe8d6825e66181df2551a1bb244dcb68b327a5733ec0245b7a27,NO_WHITELIST_TOPLINE,,NO_WHITELIST_TOPLINE,,,NAF,CLOSED_PF_LT60,2025-03-31,True,DIRECT,
714712,0001558370-25-003701,20250326,JUNIATA VALLEY FINANCIAL CORP,4-NON,NAF,CLOSED,CLOSED_OPERATING_NON_SHELL,OPERATING,operating,CLOSED_UNIQUE,55956664.0,2024-06-30,e7ef3e5be980a239a6d9daae497607772905c599f80dfbba97382cda91a919b6,NO_WHITELIST_TOPLINE,,NO_WHITELIST_TOPLINE,,,NAF,CLOSED_PF_LT60,2025-03-31,True,DIRECT,
715072,0000715072-25-000054,20250226,RENASANT CORP,1-LAF,LAF,CLOSED,CLOSED_OPERATING_NON_SHELL,OPERATING,operating,CLOSED_UNIQUE,1675664047.0,2024-06-28,0161873d9c472da962947909fa948dd648f8e57cbf3c8ebf17b8bfbf6f396655,NO_WHITELIST_TOPLINE,,NO_WHITELIST_TOPLINE,,,LAF,CLOSED_PF_GE700,2025-03-03,True,DIRECT,
71557,0001437749-25-007871,20250317,"NUVERA COMMUNICATIONS, INC.",2-ACC,AF,CLOSED,CLOSED_OPERATING_NON_SHELL,OPERATING,operating,CLOSED_UNIQUE,34700732.0,2024-06-30,ba8a31948cf21c9c03659371ded5d7e1986459532a622161f459069e98867d38,CLOSED_UNIQUE,65791968.0,CLOSED_UNIQUE,65714469.0,,NAF,CLOSED_PF_LT60,2025-03-31,True,DIRECT,
715787,0000715787-25-000006,20250226,INTERFACE INC,2-ACC,AF,CLOSED,CLOSED_OPERATING_NON_SHELL,OPERATING,operating,CLOSED_UNIQUE,834272048.0,2024-06-28,8d7a5657c8926448de649af90a2dac5c78cb4de316d3cba1a9d6dcd7f062d2e4,CLOSED_UNIQUE,1261498000.0,CLOSED_UNIQUE,1297919000.0,,LAF,CLOSED_PF_GE700,2025-03-03,True,DIRECT,
71691,0000071691-25-000047,20250227,NEW YORK TIMES CO,1-LAF,LAF,CLOSED,CLOSED_OPERATING_NON_SHELL,OPERATING,operating,CLOSED_UNIQUE,8300000000.0,2024-06-28,22b8ac160682935052faa3b9f236252b0662a6cb3a99537b14c98a24d67aad91,CLOSED_UNIQUE,2426152000.0,CLOSED_UNIQUE,2308321000.0,,LAF,CLOSED_PF_GE700,2025-03-03,True,DIRECT,
717423,0000717423-25-000006,20250227,MURPHY OIL CORP,1-LAF,LAF,CLOSED,CLOSED_OPERATING_NON_SHELL,OPERATING,operating,CLOSED_UNIQUE,4465018220.0,2024-06-28,7678aa8271018288e0b0356f29145d1fb4f9d14d5ed3b14db1cac08f469a82a7,NO_WHITELIST_TOPLINE,,NO_WHITELIST_TOPLINE,,,LAF,CLOSED_PF_GE700,2025-03-03,True,DIRECT,
717605,0000950170-25-014412,20250205,HEXCEL CORP /DE/,1-LAF,LAF,CLOSED,CLOSED_OPERATING_NON_SHELL,OPERATING,operating,CLOSED_UNIQUE,5103866076000000.0,2024-06-30,662ac3cecabcd3728502b622cd7b6503d44fffdd438bb661ad47b2cb833258f6,CLOSED_UNIQUE,1789000000.0,CLOSED_UNIQUE,1577700000.0,,LAF,CLOSED_PF_GE700,2025-03-03,True,DIRECT,
717806,0000950170-25-039251,20250314,"FIRST US BANCSHARES, INC.",4-NON,NAF,CLOSED,CLOSED_OPERATING_NON_SHELL,OPERATING,operating,CLOSED_UNIQUE,48712850.0,2024-06-30,3381b74be9a9e1674731e0ee42d4dec955f5f15eea8f70603b3c11a8dc0af33e,NO_WHITELIST_TOPLINE,,NO_WHITELIST_TOPLINE,,,NAF,CLOSED_PF_LT60,2025-03-31,True,DIRECT,
71829,0000071829-25-000012,20250228,NPK INTERNATIONAL INC.,2-ACC,AF,CLOSED,CLOSED_OPERATING_NON_SHELL,OPERATING,operating,CLOSED_UNIQUE,686600000.0,2024-06-30,c16d06d85de46d39c693e340397ca9ec48245a679c115df3b147b5eeaa78a003,CLOSED_UNIQUE,749600000.0,CLOSED_UNIQUE,815594000.0,,AF,CLOSED_PRIOR_ACC_REV_GE80_REMAIN_AF,2025-03-17,True,DIRECT,
718937,0000950170-25-024813,20250221,STAAR SURGICAL CO,1-LAF,LAF,CLOSED,CLOSED_OPERATING_NON_SHELL,OPERATING,operating,CLOSED_UNIQUE,2340566448.0,2024-06-28,a89fc8b52729323319168d11301b204d1569d601f8c2712c95dffa7986888343,CLOSED_UNIQUE,322415000.0,CLOSED_UNIQUE,284391000.0,,LAF,CLOSED_PF_GE700,2025-03-03,True,DIRECT,
719135,0001437749-25-007521,20250313,APYX MEDICAL CORP,4-NON,NAF,CLOSED,CLOSED_OPERATING_NON_SHELL,OPERATING,operating,CLOSED_UNIQUE,43100000.0,2024-06-30,b60159b85b0ff82387f19c6379916b4a7dc7c2e11f985f314c09bc3e963d98af,CLOSED_UNIQUE,52349000.0,CLOSED_UNIQUE,44510000.0,,NAF,CLOSED_PF_LT60,2025-03-31,True,DIRECT,
719220,0000719220-25-000013,20250303,S&T BANCORP INC,1-LAF,LAF,CLOSED,CLOSED_OPERATING_NON_SHELL,OPERATING,operating,CLOSED_UNIQUE,1262919520.0,2024-06-30,7ad4a8539cfa407bb9249f71d11f216fbfe4a62443d25a2a44a97b7da978b31c,NO_WHITELIST_TOPLINE,,NO_WHITELIST_TOPLINE,,,LAF,CLOSED_PF_GE700,2025-03-03,True,DIRECT,
719413,0000950170-25-019955,20250213,HECLA MINING CO/DE/,1-LAF,LAF,CLOSED,CLOSED_OPERATING_NON_SHELL,OPERATING,operating,CLOSED_UNIQUE,2979623680.0,2024-06-30,1ededa37c7ae43cc152b421bc14b1a8f1160829c9e850791ea56263d4c56a937,CLOSED_UNIQUE,720227000.0,CLOSED_UNIQUE,718905000.0,,LAF,CLOSED_PF_GE700,2025-03-03,True,DIRECT,
720672,0000950170-25-027702,20250226,STIFEL FINANCIAL CORP,1-LAF,LAF,CLOSED,CLOSED_OPERATING_NON_SHELL,OPERATING,operating,CLOSED_UNIQUE,8900000000.0,2024-06-30,f51e9efbf3ceceb0ad8e3da288665b77933b58926efac5a613a1cabdf625a20e,CONFLICTING_WHITELIST_VALUES,,CONFLICTING_WHITELIST_VALUES,,,LAF,CLOSED_PF_GE700,2025-03-03,True,DIRECT,
720858,0000720858-25-000007,20250317,INVESTORS TITLE CO,2-ACC,AF,CLOSED,CLOSED_OPERATING_NON_SHELL,OPERATING,operating,CLOSED_UNIQUE,253406884.0,2024-06-30,6f1d64dd5b6055d072fbf2482982fad14d1ebb408c437d60c4b4b639fbb3920a,CLOSED_UNIQUE,224750000.0,CLOSED_UNIQUE,283392000.0,,AF,CLOSED_PRIOR_ACC_REV_GE80_REMAIN_AF,2025-03-17,True,DIRECT,
72162,0001558370-25-002417,20250306,NL INDUSTRIES INC,4-NON,NAF,CLOSED,CLOSED_OPERATING_NON_SHELL,OPERATING,operating,CLOSED_UNIQUE,51000000.0,2024-06-30,3444c802d03db35ebfbfa98132708263babaee70138bd7b2122d151aebf857f2,CLOSED_UNIQUE,161287000.0,CLOSED_UNIQUE,166562000.0,,NAF,CLOSED_PF_LT60,2025-03-31,True,DIRECT,
721994,0000721994-25-000087,20250219,LAKELAND FINANCIAL CORP,1-LAF,LAF,CLOSED,CLOSED_OPERATING_NON_SHELL,OPERATING,operating,CLOSED_UNIQUE,1514168000.0,2024-06-30,033a9e686c378bd21374786ed7531a2843cad8108f6d123d095ae8994c1215e0,NO_WHITELIST_TOPLINE,,NO_WHITELIST_TOPLINE,,,LAF,CLOSED_PF_GE700,2025-03-03,True,DIRECT,
722313,0001641172-25-001473,20250331,NORTECH SYSTEMS INC,4-NON,NAF,CLOSED,CLOSED_OPERATING_NON_SHELL,OPERATING,operating,CLOSED_UNIQUE,17705142.0,2024-06-30,5757a6760b017e8d990d4a9559599b33239ed17e76b04de48ec760cd92c8097c,CLOSED_UNIQUE,139332000.0,CLOSED_UNIQUE,134123000.0,,NAF,CLOSED_PF_LT60,2025-03-31,True,DIRECT,
723188,0001410578-25-000247,20250228,"COMMUNITY FINANCIAL SYSTEM, INC.",1-LAF,LAF,CLOSED,CLOSED_OPERATING_NON_SHELL,OPERATING,operating,CLOSED_UNIQUE,2455654871.0,2024-06-28,a4d5a1dccec1a517ea87b4c418ee715bb1fe9eadd9ee6fc9666961ab11f4ac0a,NO_WHITELIST_TOPLINE,,NO_WHITELIST_TOPLINE,,,LAF,CLOSED_PF_GE700,2025-03-03,True,DIRECT,
723533,0001641172-25-004790,20250415,WENYUAN GROUP CORP.,4-NON,NAF,CLOSED,CLOSED_OPERATING_NON_SHELL,OPERATING,operating,CLOSED_UNIQUE,4596119.0,2024-06-30,ddb5a692d94dfc612e57256481a4a827242d608d6629d1db6aa1dde628ba6635,CLOSED_UNIQUE,21086.0,CLOSED_UNIQUE,41137.0,2025-03-31,NAF,CLOSED_PF_LT60,2025-03-31,True,12B25,
723612,0000723612-25-000005,20250214,"AVIS BUDGET GROUP, INC.",1-LAF,LAF,CLOSED,CLOSED_OPERATING_NON_SHELL,OPERATING,operating,CLOSED_UNIQUE,1797778805.0,2024-06-30,558924f29b2562432a8b539e4e4b95c6a7e6b40fba7ee9e3f1af807269f12a88,CLOSED_UNIQUE,12008000000.0,CLOSED_UNIQUE,11994000000.0,,LAF,CLOSED_PF_GE700,2025-03-03,True,DIRECT,
724742,0001558370-25-003553,20250324,TRINITY PLACE HOLDINGS INC.,4-NON,NAF,CLOSED,CLOSED_OPERATING_NON_SHELL,OPERATING,operating,CLOSED_UNIQUE,7120000.0,2024-06-30,12f5d46692120513e3e5bfed87c0ad90fb494329860a7f9ea177477a39d5e666,CLOSED_UNIQUE,33602000.0,CLOSED_UNIQUE,42984000.0,,NAF,CLOSED_PF_LT60,2025-03-31,True,DIRECT,
726728,0000726728-25-000055,20250225,REALTY INCOME CORP,1-LAF,LAF,CLOSED,CLOSED_OPERATING_NON_SHELL,OPERATING,operating,CLOSED_UNIQUE,45900000000.0,2024-06-30,2f614f58c2d5beaf2934da2a2a142e79232d220ca4a4f3fa10e0a5af73351ae6,CLOSED_UNIQUE,4078993000.0,CLOSED_UNIQUE,3343681000.0,,LAF,CLOSED_PF_GE700,2025-03-03,True,DIRECT,
726854,0000726854-25-000037,20250226,CITY HOLDING CO,1-LAF,LAF,CLOSED,CLOSED_OPERATING_NON_SHELL,OPERATING,operating,CLOSED_UNIQUE,1600000000.0,2024-06-30,5fb30a5897c98071d4b2a67d3583b6b8019cbf69984a3f8afbf297a8166417a9,CLOSED_UNIQUE,69068000.0,CLOSED_UNIQUE,68099000.0,,LAF,CLOSED_PF_GE700,2025-03-03,True,DIRECT,
727346,0001641172-25-004859,20250415,"SELECTIS HEALTH, INC.",4-NON,NAF,CLOSED,CLOSED_OPERATING_NON_SHELL,OPERATING,operating,CLOSED_UNIQUE,4747402.0,2024-06-28,8aa3907d753319a03619e8adc4bea369aae0ca9b3ec0d8b9aa8644d327afdc0e,CLOSED_UNIQUE,36783047.0,CLOSED_UNIQUE,40599517.0,2025-03-31,NAF,CLOSED_PF_LT60,2025-03-31,True,12B25,
728385,0001477932-25-002237,20250331,BIRCHTECH CORP.,4-NON,NAF,CLOSED,CLOSED_OPERATING_NON_SHELL,OPERATING,operating,CLOSED_UNIQUE,49379000.0,2024-06-30,642e3d4a2b80c41cdf8d5899408b7a4c6252cf4ba9fdd3fc41cee8d30d021689,CLOSED_UNIQUE,17940370.0,CLOSED_UNIQUE,21620153.0,,NAF,CLOSED_PF_LT60,2025-03-31,True,DIRECT,
728535,0001437749-25-004736,20250221,HUNT J B TRANSPORT SERVICES INC,1-LAF,LAF,CLOSED,CLOSED_OPERATING_NON_SHELL,OPERATING,operating,CLOSED_UNIQUE,13000000000.0,2024-06-30,a9a55ff8fbee59ba632e996e4207f06eedf6db13d4c0b6f29ce5be593a94b895,CLOSED_UNIQUE,12829665000.0,CLOSED_UNIQUE,14813999000.0,,LAF,CLOSED_PF_GE700,2025-03-03,True,DIRECT,
72903,0000072903-25-000029,20250227,XCEL ENERGY INC,1-LAF,LAF,CLOSED,CLOSED_OPERATING_NON_SHELL,OPERATING,operating,CLOSED_UNIQUE,29767371894.0,2024-06-30,5a36f770f4b4a15bb3f3590a9e6b06afce3134a332593d2d5daf15174a5f75cf,CLOSED_UNIQUE,14206000000.0,CLOSED_UNIQUE,15310000000.0,,LAF,CLOSED_PF_GE700,2025-03-03,True,DIRECT,
72909,0000072909-25-000004,20250227,NORTHERN STATES POWER CO /WI/,4-NON,NAF,CLOSED,CLOSED_OPERATING_NON_SHELL,OPERATING,operating,CLOSED_UNIQUE,0.0,2024-06-30,8cdf0a97f68a41bd2504edb9555e469f1fe78c93e22cd9710f19a0bb59090d72,CLOSED_UNIQUE,1177000000.0,CLOSED_UNIQUE,1201000000.0,,NAF,CLOSED_PF_LT60,2025-03-31,True,DIRECT,
729580,0001437749-25-005652,20250228,BEL FUSE INC /NJ,2-ACC,AF,CLOSED,CLOSED_OPERATING_NON_SHELL,OPERATING,operating,CLOSED_UNIQUE,807400000.0,2024-06-30,0f83f6d7f1f3f8c7c033ad02cf73eb39aa57c4437438845f9ef0761a5961ad1e,CLOSED_UNIQUE,639813000.0,CLOSED_UNIQUE,654233000.0,,LAF,CLOSED_PF_GE700,2025-03-03,True,DIRECT,
72971,0000072971-25-000066,20250225,WELLS FARGO & COMPANY/MN,1-LAF,LAF,CLOSED,CLOSED_OPERATING_NON_SHELL,OPERATING,operating,CLOSED_UNIQUE,201600000000.0,2024-06-28,6ebe8c1f5956ad0fd20ec4b7ebd0dead5fb72d3c4ca2dc74c246ad5efda55cc5,CLOSED_UNIQUE,82597000000.0,CLOSED_UNIQUE,73785000000.0,,LAF,CLOSED_PF_GE700,2025-03-03,True,DIRECT,
729986,0001193125-25-042589,20250228,UNITED BANKSHARES INC/WV,1-LAF,LAF,CLOSED,CLOSED_OPERATING_NON_SHELL,OPERATING,operating,CLOSED_UNIQUE,4185635034.0,2024-06-30,45254315cf8832f18562a68a0b491033cc1f33c397f291ac02acb5c8e68f8bab,NO_WHITELIST_TOPLINE,,NO_WHITELIST_TOPLINE,,,LAF,CLOSED_PF_GE700,2025-03-03,True,DIRECT,
730272,0000950170-25-038999,20250314,REPLIGEN CORP,1-LAF,LAF,CLOSED,CLOSED_OPERATING_NON_SHELL,OPERATING,operating,CLOSED_UNIQUE,5979282111.0,2024-06-30,87fce4a706bacd63a78b7bdddd3061728cd95206f3884236704e4b4250a7f7d6,CLOSED_UNIQUE,638764000.0,CLOSED_UNIQUE,801536000.0,2025-03-03,LAF,CLOSED_PF_GE700,2025-03-03,True,12B25,
730708,0000730708-25-000045,20250225,SEACOAST BANKING CORP OF FLORIDA,1-LAF,LAF,CLOSED,CLOSED_OPERATING_NON_SHELL,OPERATING,operating,CLOSED_UNIQUE,2000000000.0,2024-06-30,fb36741e219b97633095d709283e36da2890ba525d6d53bf1e9d29e3bdb1c824,NO_WHITELIST_TOPLINE,,NO_WHITELIST_TOPLINE,,,LAF,CLOSED_PF_GE700,2025-03-03,True,DIRECT,
731012,0000731012-25-000032,20250214,HEALTHCARE SERVICES GROUP INC,1-LAF,LAF,CLOSED,CLOSED_OPERATING_NON_SHELL,OPERATING,operating,CLOSED_UNIQUE,620000000.0,2024-06-30,7f5cd2800cf3b402fe63835d1d93c8c2f56625b73778eab39455dd1e9f202ec5,CLOSED_UNIQUE,1671389000.0,CLOSED_UNIQUE,1690176000.0,,LAF,CLOSED_PRIOR_LAF_PF_GE560,2025-03-03,True,DIRECT,
73124,0000073124-25-000105,20250224,NORTHERN TRUST CORP,1-LAF,LAF,CLOSED,CLOSED_OPERATING_NON_SHELL,OPERATING,operating,CLOSED_UNIQUE,16600000000.0,2024-06-28,a97d20e3df783bf7d4e6123cf0787436c935a5e1094fe0cf7ac09a44cd5c8009,NO_WHITELIST_TOPLINE,,NO_WHITELIST_TOPLINE,,,LAF,CLOSED_PF_GE700,2025-03-03,True,DIRECT,
731766,0000731766-25-000063,20250227,UNITEDHEALTH GROUP INC,1-LAF,LAF,CLOSED,CLOSED_OPERATING_NON_SHELL,OPERATING,operating,CLOSED_UNIQUE,468433146650.0,2024-06-30,cb7a766693c214b11525a4cfeda827944014c6dac22727e14897e4c3caae06f2,CLOSED_UNIQUE,371622000000.0,CLOSED_UNIQUE,324162000000.0,,LAF,CLOSED_PF_GE700,2025-03-03,True,DIRECT,
732712,0000732712-25-000006,20250212,VERIZON COMMUNICATIONS INC,1-LAF,LAF,CLOSED,CLOSED_OPERATING_NON_SHELL,OPERATING,operating,CLOSED_UNIQUE,173600000000.0,2024-06-30,03323f6d5d8b512d405a4f4d0a6cd8f966427ca1043035b59f500f7d86aa4909,CLOSED_UNIQUE,133974000000.0,CLOSED_UNIQUE,136835000000.0,,LAF,CLOSED_PF_GE700,2025-03-03,True,DIRECT,
732717,0000732717-25-000013,20250212,AT&T INC.,1-LAF,LAF,CLOSED,CLOSED_OPERATING_NON_SHELL,OPERATING,operating,CLOSED_UNIQUE,137000000000.0,2024-06-30,dd08649d38144a19ad7b15ac4273d88806d009ce4b51f7ca5925baa2d260974e,CLOSED_UNIQUE,122428000000.0,CLOSED_UNIQUE,120741000000.0,,LAF,CLOSED_PF_GE700,2025-03-03,True,DIRECT,
733076,0000733076-25-000003,20250304,BRIGHTHOUSE LIFE INSURANCE CO,4-NON,NAF,CLOSED,CLOSED_OPERATING_NON_SHELL,OPERATING,operating,CLOSED_UNIQUE,0.0,2024-06-30,f9fcdbfa85e76ebf0a724cb3ecf26542730d95c848e5228a10b7eda70fc92376,CLOSED_UNIQUE,3405000000.0,CLOSED_UNIQUE,7832000000.0,,NAF,CLOSED_PF_LT60,2025-03-31,True,DIRECT,
73309,0000950170-25-028427,20250227,NUCOR CORP,1-LAF,LAF,CLOSED,CLOSED_OPERATING_NON_SHELL,OPERATING,operating,CLOSED_UNIQUE,37270000000.0,2024-06-28,f849904c405eb6f671ebf8700f234773668cd5ac12e36746a54675157af1cda2,CLOSED_UNIQUE,34713501000.0,NO_WHITELIST_TOPLINE,,,LAF,CLOSED_PF_GE700,2025-03-03,True,DIRECT,
733590,0000733590-25-000004,20250320,TRANSCONTINENTAL REALTY INVESTORS INC,4-NON,NAF,CLOSED,CLOSED_OPERATING_NON_SHELL,OPERATING,operating,CLOSED_UNIQUE,32800000.0,2024-06-30,5c947eac780499199c9eddf4ace3259ecca767226bb6ae202baa8a7e87b18297,CLOSED_UNIQUE,49905000.0,CLOSED_UNIQUE,36660000.0,,NAF,CLOSED_PF_LT60,2025-03-31,True,DIRECT,
737875,0000737875-25-000012,20250326,FIRST KEYSTONE CORP,4-NON,NAF,CLOSED,CLOSED_OPERATING_NON_SHELL,OPERATING,operating,CLOSED_UNIQUE,68560542.0,2024-06-30,b849f8d37d24e57ff5ea972f033edf99ce038ce51db2bdeaac5d462bce3b3340,NO_WHITELIST_TOPLINE,,NO_WHITELIST_TOPLINE,,,NAF,CLOSED_PRIOR_NON_PF_LT75,2025-03-31,True,DIRECT,
738214,0001437749-25-007768,20250314,"AEMETIS, INC",2-ACC,AF,CLOSED,CLOSED_OPERATING_NON_SHELL,OPERATING,operating,CLOSED_UNIQUE,125800000.0,2024-06-30,180eb1011f3a8c7e7e6b6600e302b4803fe30b029993001155346ce527393398,CLOSED_UNIQUE,186717000.0,CLOSED_UNIQUE,256513000.0,,AF,CLOSED_PRIOR_ACC_REV_GE80_REMAIN_AF,2025-03-17,True,DIRECT,
740260,0000740260-25-000052,20250213,"VENTAS, INC.",1-LAF,LAF,CLOSED,CLOSED_OPERATING_NON_SHELL,OPERATING,operating,CLOSED_UNIQUE,21100000000.0,2024-06-30,9dadbe45c404419a8d46cb71a581601e6425380061245355bae572db8aac7673,CLOSED_UNIQUE,4497827000.0,CLOSED_UNIQUE,4129193000.0,,LAF,CLOSED_PF_GE700,2025-03-03,True,DIRECT,
740663,0001437749-25-007257,20250312,FIRST OF LONG ISLAND CORP,2-ACC,AF,CLOSED,CLOSED_OPERATING_NON_SHELL,OPERATING,operating,CLOSED_UNIQUE,12200000.0,2024-06-30,ede94d9447db0f85504dceadc3df19a6a097950bc77999bff6feda5b98839c51,NO_WHITELIST_TOPLINE,,NO_WHITELIST_TOPLINE,,,NAF,CLOSED_PF_LT60,2025-03-31,True,DIRECT,
740806,0001654954-25-003506,20250328,F&M BANK CORP,4-NON,NAF,CLOSED,CLOSED_OPERATING_NON_SHELL,OPERATING,operating,CLOSED_UNIQUE,50849761.0,2024-06-30,0e6b8276e975ce99df1fdd9f21f4a3c58f342418dff67532958968feee912eca,NO_WHITELIST_TOPLINE,,NO_WHITELIST_TOPLINE,,,NAF,CLOSED_PF_LT60,2025-03-31,True,DIRECT,
74208,0000074208-25-000010,20250218,"UDR, INC.",1-LAF,LAF,CLOSED,CLOSED_OPERATING_NON_SHELL,OPERATING,operating,CLOSED_UNIQUE,5900000000.0,2024-06-30,bc3d2aabf27ea7f5e899ff13bb6601b7a9341c38872eb843318c589d5c904c78,CLOSED_UNIQUE,1627501000.0,CLOSED_UNIQUE,1517386000.0,,LAF,CLOSED_PF_GE700,2025-03-03,True,DIRECT,
742278,0001558370-25-001922,20250228,RPC INC,2-ACC,AF,CLOSED,CLOSED_OPERATING_NON_SHELL,OPERATING,operating,CLOSED_UNIQUE,520746956.0,2024-06-30,ead56e986ff6e12599feb5c3346cb85daf50ef87d0d46b9c772b3a16f552bcf1,CLOSED_UNIQUE,1617474000.0,CLOSED_UNIQUE,1601762000.0,,AF,CLOSED_PRIOR_ACC_REV_GE80_REMAIN_AF,2025-03-17,True,DIRECT,
74303,0000074303-25-000023,20250220,OLIN CORP,1-LAF,LAF,CLOSED,CLOSED_OPERATING_NON_SHELL,OPERATING,operating,CLOSED_UNIQUE,5520518211.0,2024-06-30,2b5647553cb21c9a70b3bf0681882acb81067c26efdb173ff9c97001f3c58a77,CLOSED_UNIQUE,6833000000.0,CLOSED_UNIQUE,9376200000.0,,LAF,CLOSED_PF_GE700,2025-03-03,True,DIRECT,
7431,0000950170-25-026060,20250225,ARMSTRONG WORLD INDUSTRIES INC,1-LAF,LAF,CLOSED,CLOSED_OPERATING_NON_SHELL,OPERATING,operating,CLOSED_UNIQUE,4900000000.0,2024-06-28,9a57ebe4a5fde8407db8fab9a6c8568230a6767d87601defd2c0e11c38ddc571,CLOSED_UNIQUE,1295200000.0,CLOSED_UNIQUE,1233100000.0,,LAF,CLOSED_PF_GE700,2025-03-03,True,DIRECT,
743238,0001437749-25-004501,20250220,"SHYFT GROUP, INC.",1-LAF,LAF,CLOSED,CLOSED_OPERATING_NON_SHELL,OPERATING,operating,CLOSED_UNIQUE,404697831.0,2024-06-28,fdd21f930bd1610be92c8be566bc86cc20e621dccc0b3e4eebf5aae67141ce13,CLOSED_UNIQUE,872198000.0,CLOSED_UNIQUE,1027164000.0,,AF,CLOSED_PRIOR_LAF_REV_GE100_EXIT_AF,2025-03-17,True,DIRECT,
744218,0001410578-25-000216,20250227,"CELLDEX THERAPEUTICS, INC.",1-LAF,LAF,CLOSED,CLOSED_OPERATING_NON_SHELL,OPERATING,operating,CLOSED_UNIQUE,2400000000.0,2024-06-30,2ab998670e48e9129d45e476cc52a3f43f6de5bcb0ba806f8b51c8093da79ae4,CLOSED_UNIQUE,6883000.0,CLOSED_UNIQUE,2357000.0,,LAF,CLOSED_PF_GE700,2025-03-03,True,DIRECT,
744825,0001437749-25-011052,20250404,AMERICAN SHARED HOSPITAL SERVICES,4-NON,NAF,CLOSED,CLOSED_OPERATING_NON_SHELL,OPERATING,operating,CLOSED_UNIQUE,15497000.0,2024-06-30,b19e643ff58295e4b6cb07195cb7cb63e51222f3c324b63ff72e2c70f1434eb2,CLOSED_UNIQUE,21325000.0,CLOSED_UNIQUE,19746000.0,2025-03-31,NAF,CLOSED_PF_LT60,2025-03-31,True,12B25,
745308,0001558370-25-001603,20250226,ST JOE CO,1-LAF,LAF,CLOSED,CLOSED_OPERATING_NON_SHELL,OPERATING,operating,CLOSED_UNIQUE,2000000000.0,2024-06-30,b39f18f431c27ab19071e8ba153b455dc059ca3daf19dfc0038dbdb8f5bb88df,CLOSED_UNIQUE,389285000.0,CLOSED_UNIQUE,252321000.0,,LAF,CLOSED_PF_GE700,2025-03-03,True,DIRECT,
746210,0001437749-25-008262,20250318,"OBLONG, INC.",4-NON,NAF,CLOSED,CLOSED_OPERATING_NON_SHELL,OPERATING,operating,CLOSED_UNIQUE,5079626.0,2024-06-30,02f59f4d378eaf48d8fef4870a2c11576a1e744dfcab8bf180a9f9d01f04b32c,CLOSED_UNIQUE,3810000.0,CLOSED_UNIQUE,5476000.0,,NAF,CLOSED_PF_LT60,2025-03-31,True,DIRECT,
746515,0000950170-25-024750,20250221,EXPEDITORS INTERNATIONAL OF WASHINGTON INC,1-LAF,LAF,CLOSED,CLOSED_OPERATING_NON_SHELL,OPERATING,operating,CLOSED_UNIQUE,17435031444.0,2024-06-30,85a8b59746befa1dc2ea6d5303195751eccb828fce8fecc0114681f393c8e3dd,NO_WHITELIST_TOPLINE,,NO_WHITELIST_TOPLINE,,,LAF,CLOSED_PF_GE700,2025-03-03,True,DIRECT,
746838,0000746838-25-000008,20250221,UNISYS CORP,2-ACC,AF,CLOSED,CLOSED_OPERATING_NON_SHELL,OPERATING,operating,CLOSED_UNIQUE,273100000.0,2024-06-30,91956da2106cfe19ac36a1335c681ba9e5c9d76f5d49c8c83fb0b608ba4ea8ec,CLOSED_UNIQUE,2015400000.0,CLOSED_UNIQUE,1979900000.0,,AF,CLOSED_PRIOR_ACC_REV_GE80_REMAIN_AF,2025-03-17,True,DIRECT,
748592,0001493152-25-010051,20250312,ETERNA THERAPEUTICS INC.,4-NON,NAF,CLOSED,CLOSED_OPERATING_NON_SHELL,OPERATING,operating,CLOSED_UNIQUE,8900000.0,2024-06-30,a98972e2dcdc610a267d87a2eb02ca3de6f3c93ca38ea78c8ddf9c1265be8d50,CLOSED_UNIQUE,68000.0,NO_WHITELIST_TOPLINE,,,NAF,CLOSED_PF_LT60,2025-03-31,True,DIRECT,
749251,0000749251-25-000008,20250213,GARTNER INC,1-LAF,LAF,CLOSED,CLOSED_OPERATING_NON_SHELL,OPERATING,operating,CLOSED_UNIQUE,33600000000.0,2024-06-30,ac4de0a1b657ff6d37d745c8d908b18ac61890da07f20666483c0428e680a831,CLOSED_UNIQUE,5906956000.0,CLOSED_UNIQUE,5475846000.0,,LAF,CLOSED_PF_GE700,2025-03-03,True,DIRECT,
749647,0001493152-25-008460,20250227,"IMUNON, INC.",4-NON,NAF,CLOSED,CLOSED_OPERATING_NON_SHELL,OPERATING,operating,CLOSED_UNIQUE,10800000.0,2024-06-28,2f55195aa6ea4e1ad5749cde0c826f38cf81f15e85179d40787aee8bdb6b80ec,NO_WHITELIST_TOPLINE,,NO_WHITELIST_TOPLINE,,,NAF,CLOSED_PF_LT60,2025-03-31,True,DIRECT,
750004,0000750004-25-000016,20250225,"LIGHT & WONDER, INC.",1-LAF,LAF,CLOSED,CLOSED_OPERATING_NON_SHELL,OPERATING,operating,CLOSED_UNIQUE,7160478533.0,2024-06-30,bbf9d86b3061db010fa3e6da0b1880f02ae4e42311240feaf02ada731494298a,CLOSED_UNIQUE,2902000000.0,CLOSED_UNIQUE,2512000000.0,,LAF,CLOSED_PF_GE700,2025-03-03,True,DIRECT,
750558,0000950170-25-040857,20250318,QNB CORP,4-NON,NAF,CLOSED,CLOSED_OPERATING_NON_SHELL,OPERATING,operating,CLOSED_UNIQUE,73795561.0,2024-06-30,19d3451eaf13d53e6ac494cdc4bc7bbc0b31d8f4e4b6fee1d4dc04a34651c9f9,NO_WHITELIST_TOPLINE,,NO_WHITELIST_TOPLINE,,,NAF,CLOSED_PRIOR_NON_PF_LT75,2025-03-31,True,DIRECT,
750574,0001193125-25-051574,20250311,"AUBURN NATIONAL BANCORPORATION, INC",4-NON,NAF,CLOSED,CLOSED_OPERATING_NON_SHELL,OPERATING,operating,CLOSED_UNIQUE,40992280.0,2024-06-30,ca4759c2a30c46f4aa31e6f109b76cb081c1ab676f05be8686ef7bf5e3f764c6,NO_WHITELIST_TOPLINE,,NO_WHITELIST_TOPLINE,,,NAF,CLOSED_PF_LT60,2025-03-31,True,DIRECT,
750577,0000950170-25-028009,20250227,HANCOCK WHITNEY CORP,1-LAF,LAF,CLOSED,CLOSED_OPERATING_NON_SHELL,OPERATING,operating,CLOSED_UNIQUE,4100000000.0,2024-06-30,9b807ad568ca4af3b588538b9fb5a48f5873b7ec54eead1860118f69e3b9637f,NO_WHITELIST_TOPLINE,,NO_WHITELIST_TOPLINE,,,LAF,CLOSED_PF_GE700,2025-03-03,True,DIRECT,
751364,0000950170-25-017472,20250211,"NNN REIT, INC.",1-LAF,LAF,CLOSED,CLOSED_OPERATING_NON_SHELL,OPERATING,operating,CLOSED_UNIQUE,7741963000.0,2024-06-30,cb7e6b6b522647cfe76424cd32987a6ee29fe1bc91d1f72fb27d66671cab4e97,CLOSED_UNIQUE,828111000.0,CLOSED_UNIQUE,773053000.0,,LAF,CLOSED_PF_GE700,2025-03-03,True,DIRECT,
751978,0000950170-25-030619,20250303,VICOR CORP,1-LAF,LAF,CLOSED,CLOSED_OPERATING_NON_SHELL,OPERATING,operating,CLOSED_UNIQUE,752864109.0,2024-06-28,1db5ee6e87ac1ee7882b3f549dfd977f7e18247572d0a57cbd00df1d95a11e17,CLOSED_UNIQUE,405059000.0,CLOSED_UNIQUE,399079000.0,,LAF,CLOSED_PF_GE700,2025-03-03,True,DIRECT,
75252,0001558370-25-001940,20250228,OWENS & MINOR INC/VA/,1-LAF,LAF,CLOSED,CLOSED_OPERATING_NON_SHELL,OPERATING,operating,CLOSED_UNIQUE,1017910995.0,2024-06-30,ecfa6c38ea02d4271ce4805033c809c908086a5446c9348f7f177989f3c32573,CLOSED_UNIQUE,10333967000.0,CLOSED_UNIQUE,9955475000.0,,LAF,CLOSED_PF_GE700,2025-03-03,True,DIRECT,
752642,0001493152-25-008351,20250226,"UMH PROPERTIES, INC.",1-LAF,LAF,CLOSED,CLOSED_OPERATING_NON_SHELL,OPERATING,operating,CLOSED_UNIQUE,1200000000.0,2024-06-30,9aab4ad639285b0f30b3424abfc43663eeeb033a66e4b177ea4f979eea58f49a,NO_WHITELIST_TOPLINE,,NO_WHITELIST_TOPLINE,,,LAF,CLOSED_PF_GE700,2025-03-03,True,DIRECT,
752714,0000950170-25-023116,20250219,MCGRATH RENTCORP,1-LAF,LAF,CLOSED,CLOSED_OPERATING_NON_SHELL,OPERATING,operating,CLOSED_UNIQUE,2575595751000.0,2024-06-30,192ecd7783dac8bdcffc021fe3044fe8651412486373415414fd6a5b1ef02420,CLOSED_UNIQUE,831842000.0,CONFLICTING_WHITELIST_VALUES,,,LAF,CLOSED_PF_GE700,2025-03-03,True,DIRECT,
7536,0001558370-25-000781,20250211,"ARROW ELECTRONICS, INC.",1-LAF,LAF,CLOSED,CLOSED_OPERATING_NON_SHELL,OPERATING,operating,CLOSED_UNIQUE,6372985825.0,2024-06-28,952f0e2d94059d1a1cf7645966e3449638f05c40da920029597ad8e3e54eda26,CLOSED_UNIQUE,33107120000.0,CLOSED_UNIQUE,37124422000.0,,LAF,CLOSED_PF_GE700,2025-03-03,True,DIRECT,
75362,0000950170-25-023145,20250219,PACCAR INC,1-LAF,LAF,CLOSED,CLOSED_OPERATING_NON_SHELL,OPERATING,operating,CLOSED_UNIQUE,53000000000.0,2024-06-30,186ba8a5132d87a4b0175707faa430ec746bf6df60166c47d2c80aaf288f2815,CLOSED_UNIQUE,35127400000.0,CLOSED_UNIQUE,28819700000.0,,LAF,CLOSED_PF_GE700,2025-03-03,True,DIRECT,
755001,0000950170-25-017154,20250210,UNITIL CORP,1-LAF,LAF,CLOSED,CLOSED_OPERATING_NON_SHELL,OPERATING,operating,CLOSED_UNIQUE,819534612.0,2024-06-30,81048f237e31533c01f8adc4ef72f09351e836d1e7ed84c745255dff511aadf6,CLOSED_UNIQUE,557100000.0,CLOSED_UNIQUE,563200000.0,,LAF,CLOSED_PF_GE700,2025-03-03,True,DIRECT,
75677,0000950170-25-028533,20250227,PACKAGING CORP OF AMERICA,1-LAF,LAF,CLOSED,CLOSED_OPERATING_NON_SHELL,OPERATING,operating,CLOSED_UNIQUE,1.6124636098e+16,2024-06-30,355877d90df5380f72335be445144d17b92dca8bbc1c538ff564ea9a0f13b154,CLOSED_UNIQUE,7802400000.0,CLOSED_UNIQUE,8478000000.0,,LAF,CLOSED_PF_GE700,2025-03-03,True,DIRECT,
759944,0000759944-25-000013,20250213,CITIZENS FINANCIAL GROUP INC/RI,1-LAF,LAF,CLOSED,CLOSED_OPERATING_NON_SHELL,OPERATING,operating,CLOSED_UNIQUE,16220612178.0,2024-06-30,c475afa6fcd2c0802cdfef6dabdf7b423afc761b1488af24bcfa02886b0f5983,NO_WHITELIST_TOPLINE,,NO_WHITELIST_TOPLINE,,,LAF,CLOSED_PF_GE700,2025-03-03,True,DIRECT,
760498,0000950170-25-030159,20250228,BANCFIRST CORP /OK/,1-LAF,LAF,CLOSED,CLOSED_OPERATING_NON_SHELL,OPERATING,operating,CLOSED_UNIQUE,1814370049.0,2024-06-30,570ed5ccb167ecb671e88a2f75e62ba3dbbc5aee262f6b852c7b65a16a2fc386,NO_WHITELIST_TOPLINE,,NO_WHITELIST_TOPLINE,,,LAF,CLOSED_PF_GE700,2025-03-03,True,DIRECT,
761648,0000761648-25-000019,20250304,"CEDAR REALTY TRUST, INC.",4-NON,NAF,CLOSED,CLOSED_OPERATING_NON_SHELL,OPERATING,operating,CLOSED_UNIQUE,0.0,2024-06-30,36652d6fd6a86566d4e30d27ce1a421273002c35196e4af39006992142d85e94,CLOSED_UNIQUE,34632000.0,CLOSED_UNIQUE,34005000.0,,NAF,CLOSED_PF_LT60,2025-03-31,True,DIRECT,
76282,0000076282-25-000013,20250306,PARK OHIO HOLDINGS CORP,2-ACC,AF,CLOSED,CLOSED_OPERATING_NON_SHELL,OPERATING,operating,CLOSED_UNIQUE,365032223.0,2024-06-28,a8d9c52ee941fa9eaa1bca999591d87840895d2e0e5be9451558e38f9a896b29,CLOSED_UNIQUE,1659700000.0,CLOSED_UNIQUE,1492900000.0,,AF,CLOSED_PRIOR_ACC_REV_GE80_REMAIN_AF,2025-03-17,True,DIRECT,
763744,0000763744-25-000022,20250221,LCI INDUSTRIES,1-LAF,LAF,CLOSED,CLOSED_OPERATING_NON_SHELL,OPERATING,operating,CLOSED_UNIQUE,1885436312.0,2024-06-30,76e9def824d008c5a7e166fab44a53457f17b097a630d96ec9b06a715070f5cd,CLOSED_UNIQUE,3784808000.0,CLOSED_UNIQUE,5207143000.0,,LAF,CLOSED_PF_GE700,2025-03-03,True,DIRECT,
763901,0001193125-25-043848,20250303,"POPULAR, INC.",1-LAF,LAF,CLOSED,CLOSED_OPERATING_NON_SHELL,OPERATING,operating,CLOSED_UNIQUE,6300000000.0,2024-06-30,f180782dcecbe092b4aaf8c451678e0326e8b049178334c91553352570072618,NO_WHITELIST_TOPLINE,,NO_WHITELIST_TOPLINE,,,LAF,CLOSED_PF_GE700,2025-03-03,True,DIRECT,
764038,0001558370-25-001274,20250221,SOUTHSTATE CORP,1-LAF,LAF,CLOSED,CLOSED_OPERATING_NON_SHELL,OPERATING,operating,CLOSED_UNIQUE,5764999000.0,2024-06-30,46db65040270c4e9b237da4173a22888a03956055ce86f8ac8f72585244c4df4,NO_WHITELIST_TOPLINE,,NO_WHITELIST_TOPLINE,,,LAF,CLOSED_PF_GE700,2025-03-03,True,DIRECT,
764065,0000764065-25-000058,20250225,CLEVELAND-CLIFFS INC.,1-LAF,LAF,CLOSED,CLOSED_OPERATING_NON_SHELL,OPERATING,operating,CLOSED_UNIQUE,7077318531.0,2024-06-30,02a4de087bf68dee3ccebc014d5d204eaa6bf92b7333231175e1918136d902df,CLOSED_UNIQUE,21996000000.0,CLOSED_UNIQUE,22989000000.0,,LAF,CLOSED_PF_GE700,2025-03-03,True,DIRECT,
765880,0001628280-25-003748,20250204,"HEALTHPEAK PROPERTIES, INC.",1-LAF,LAF,CLOSED,CLOSED_OPERATING_NON_SHELL,OPERATING,operating,CLOSED_UNIQUE,11800000000.0,2024-06-30,343faed77b20fee9a5a7cb25e69e697ac2dd15c2b1bb0292fd7e1daf8dd89f94,CLOSED_UNIQUE,2181003000.0,CLOSED_UNIQUE,2061178000.0,,LAF,CLOSED_PF_GE700,2025-03-03,True,DIRECT,
76605,0000076605-25-000062,20250220,PATRICK INDUSTRIES INC,1-LAF,LAF,CLOSED,CLOSED_OPERATING_NON_SHELL,OPERATING,operating,CLOSED_UNIQUE,2300000000.0,2024-06-28,868907773d3ecbf436a3ce5a32d88bce5704ced6bb34dc8eabec7b3bf103fee7,CLOSED_UNIQUE,3468045000.0,CLOSED_UNIQUE,4881872000.0,,LAF,CLOSED_PF_GE700,2025-03-03,True,DIRECT,
766421,0000766421-25-000009,20250214,"ALASKA AIR GROUP, INC.",1-LAF,LAF,CLOSED,CLOSED_OPERATING_NON_SHELL,OPERATING,operating,CLOSED_UNIQUE,5100000000.0,2024-06-30,935de163a82479d33f8ea6d33efce644bc91835328666626cfa8387ad8b1b5c1,CLOSED_UNIQUE,10426000000.0,CLOSED_UNIQUE,9646000000.0,,LAF,CLOSED_PF_GE700,2025-03-03,True,DIRECT,
766704,0000766704-25-000009,20250212,WELLTOWER INC.,1-LAF,LAF,CLOSED,CLOSED_OPERATING_NON_SHELL,OPERATING,operating,CLOSED_UNIQUE,63435707000.0,2024-06-30,1b548916751e57617a52a8c2c3a10842398837de53724d086f2bb50084acd978,CLOSED_UNIQUE,6637995000.0,CLOSED_UNIQUE,5860615000.0,,LAF,CLOSED_PF_GE700,2025-03-03,True,DIRECT,
766792,0001493152-25-010917,20250319,CVD EQUIPMENT CORP,4-NON,NAF,CLOSED,CLOSED_OPERATING_NON_SHELL,OPERATING,operating,CLOSED_UNIQUE,20795415.0,2024-06-30,5c06259b13f83f7ffd11ee075f735d6c0cf7cc322e7f2c519d7fd4bc9f8887fe,CLOSED_UNIQUE,24109000.0,CLOSED_UNIQUE,25813000.0,,NAF,CLOSED_PF_LT60,2025-03-31,True,DIRECT,
766829,0000766829-25-000009,20250228,SJW GROUP,1-LAF,LAF,CLOSED,CLOSED_OPERATING_NON_SHELL,OPERATING,operating,CLOSED_UNIQUE,1700000000.0,2024-06-28,449d3d7d8b2ac6fda9f3929adb32fe9e6a78dbd4d33b5513f3bdb5d25611dae8,CLOSED_UNIQUE,670363000.0,CLOSED_UNIQUE,620698000.0,,LAF,CLOSED_PF_GE700,2025-03-03,True,DIRECT,
769520,0000769520-25-000009,20250226,MIDDLEBY CORP,1-LAF,LAF,CLOSED,CLOSED_OPERATING_NON_SHELL,OPERATING,operating,CLOSED_UNIQUE,6514462779.0,2024-06-29,aa472f75edf82cf264718b680b4cd0578c7de7527ef089ad1f22e92a0aa43048,CLOSED_UNIQUE,4036605000.0,CLOSED_UNIQUE,4032853000.0,,LAF,CLOSED_PF_GE700,2025-03-03,True,DIRECT,
770460,0001558370-25-003310,20250319,PEOPLES FINANCIAL CORP /MS/,4-NON,NAF,CLOSED,CLOSED_OPERATING_NON_SHELL,OPERATING,operating,CLOSED_UNIQUE,45385000.0,2024-06-30,d2df16ad7f6bc44891cff9cfe636edf2bae7295ec8e5e9552398874597fbef6b,NO_WHITELIST_TOPLINE,,NO_WHITELIST_TOPLINE,,,NAF,CLOSED_PF_LT60,2025-03-31,True,DIRECT,
771999,0001641172-25-001576,20250331,"DSS, INC.",4-NON,NAF,CLOSED,CLOSED_OPERATING_NON_SHELL,OPERATING,operating,CLOSED_UNIQUE,3185799.0,2024-06-30,2cc8a8fbd40c04bbcc4732e1f3e0a37fd1b33361c38989250ab1e56acfd36bb5,CLOSED_UNIQUE,30258000.0,CLOSED_UNIQUE,47307000.0,,NAF,CLOSED_PF_LT60,2025-03-31,True,DIRECT,
773141,0000773141-25-000004,20250211,"M.D.C. HOLDINGS, INC.",1-LAF,LAF,CLOSED,CLOSED_OPERATING_NON_SHELL,OPERATING,operating,CLOSED_UNIQUE,0.0,2024-06-30,7cf5f7b2b71cc98e63af4db03c8072aa76580a7b406c73c623e85cd162622536,CLOSED_UNIQUE,4642866000.0,CLOSED_UNIQUE,5717987000.0,,NAF,CLOSED_PF_LT60,2025-03-31,True,DIRECT,
77360,0000077360-25-000006,20250225,PENTAIR PLC,1-LAF,LAF,CLOSED,CLOSED_OPERATING_NON_SHELL,OPERATING,operating,CLOSED_UNIQUE,12544144875.0,2024-06-30,957d1033db053fa83da6dc5db2bf3d62beecea9494d23ac91c0434c56045cd62,CLOSED_UNIQUE,4104500000.0,CLOSED_UNIQUE,4121800000.0,,LAF,CLOSED_PF_GE700,2025-03-03,True,DIRECT,
773840,0000773840-25-000010,20250214,HONEYWELL INTERNATIONAL INC,1-LAF,LAF,CLOSED,CLOSED_OPERATING_NON_SHELL,OPERATING,operating,CLOSED_UNIQUE,138700000000.0,2024-06-30,eb1ad50f9c9b3ab5c87fc36a2daba8300dc1a34af5a7ecdc8ebdb5ad518e0549,CLOSED_UNIQUE,36662000000.0,CLOSED_UNIQUE,35466000000.0,,LAF,CLOSED_PF_GE700,2025-03-03,True,DIRECT,
775158,0000950170-25-024305,20250220,OSHKOSH CORP,1-LAF,LAF,CLOSED,CLOSED_OPERATING_NON_SHELL,OPERATING,operating,CLOSED_UNIQUE,7049671672.0,2024-06-30,b4dd317188e83214a60c9eefaeb31349f2f8a37dda73ec071f9490c8143a632e,CLOSED_UNIQUE,9657900000.0,CLOSED_UNIQUE,8282000000.0,,LAF,CLOSED_PF_GE700,2025-03-03,True,DIRECT,
77543,0000077543-25-000025,20250227,TUTOR PERINI CORP,2-ACC,AF,CLOSED,CLOSED_OPERATING_NON_SHELL,OPERATING,operating,CLOSED_UNIQUE,945305688.0,2024-06-28,30fca1eb99c0175c4a5d9f93446bd1d6a6dd3674212ea40bd87c62e29a22cf9f,CLOSED_UNIQUE,3880227000.0,CLOSED_UNIQUE,3790755000.0,,LAF,CLOSED_PF_GE700,2025-03-03,True,DIRECT,
776867,0000776867-25-000003,20250228,WHITE MOUNTAINS INSURANCE GROUP LTD,1-LAF,LAF,CLOSED,CLOSED_OPERATING_NON_SHELL,OPERATING,operating,CLOSED_UNIQUE,4526288344.0,2024-06-30,4709fb85a60e15df6ca904946cd42edf82779b665851c0ec254bcc09201268c0,CLOSED_UNIQUE,2166700000.0,CLOSED_UNIQUE,1157900000.0,,LAF,CLOSED_PF_GE700,2025-03-03,True,DIRECT,
776901,0000776901-25-000093,20250228,INDEPENDENT BANK CORP,1-LAF,LAF,CLOSED,CLOSED_OPERATING_NON_SHELL,OPERATING,operating,CLOSED_UNIQUE,2136728988.0,2024-06-30,4ba6d6364d7b8cd0b3e682e1442b809a7463be51ff1bef3797e3a6c7a929cd6d,NO_WHITELIST_TOPLINE,,NO_WHITELIST_TOPLINE,,,LAF,CLOSED_PF_GE700,2025-03-03,True,DIRECT,
778164,0001213900-25-023709,20250313,"ALTO INGREDIENTS, INC.",2-ACC,AF,CLOSED,CLOSED_OPERATING_NON_SHELL,OPERATING,operating,CLOSED_UNIQUE,105000000.0,2024-06-28,460d241044397d2738eb6a3b8d53098894890031b0456b5f54121ed8444762ed,CLOSED_UNIQUE,1222940000.0,CLOSED_UNIQUE,1335621000.0,,AF,CLOSED_PRIOR_ACC_REV_GE80_REMAIN_AF,2025-03-17,True,DIRECT,
7789,0000007789-25-000013,20250212,ASSOCIATED BANC-CORP,1-LAF,LAF,CLOSED,CLOSED_OPERATING_NON_SHELL,OPERATING,operating,CLOSED_UNIQUE,3150869057.0,2024-06-30,ee3a2126e045d2b8ade37964fa3c2151ca0ceea5b2b0cc74a8fc96c9d1a2e343,NO_WHITELIST_TOPLINE,,NO_WHITELIST_TOPLINE,,,LAF,CLOSED_PF_GE700,2025-03-03,True,DIRECT,
78003,0000078003-25-000054,20250227,PFIZER INC,1-LAF,LAF,CLOSED,CLOSED_OPERATING_NON_SHELL,OPERATING,operating,CLOSED_UNIQUE,158000000000.0,2024-06-30,ea46e282b2631d093c57087c4490299bc552cdc4d283c8c598689fd1d619aac9,CLOSED_UNIQUE,58496000000.0,CLOSED_UNIQUE,100330000000.0,,LAF,CLOSED_PF_GE700,2025-03-03,True,DIRECT,
780571,0000780571-25-000007,20250225,"ITRON, INC.",1-LAF,LAF,CLOSED,CLOSED_OPERATING_NON_SHELL,OPERATING,operating,CLOSED_UNIQUE,4400399793.0,2024-06-28,880544d48dd4d98519199c9b7febf7e4cee6fdd16073e70f45119e2e98d4f671,CLOSED_UNIQUE,2173633000.0,CLOSED_UNIQUE,1795564000.0,,LAF,CLOSED_PF_GE700,2025-03-03,True,DIRECT,
78128,0001562762-25-000036,20250227,"ESSENTIAL UTILITIES, INC.",1-LAF,LAF,CLOSED,CLOSED_OPERATING_NON_SHELL,OPERATING,operating,CLOSED_UNIQUE,10196364496.0,2024-06-30,c07069123d1797077b80c7f25accca6f22b8c350360dfbd3cb0b14570c844b38,CLOSED_UNIQUE,2053824000.0,CLOSED_UNIQUE,2288032000.0,,LAF,CLOSED_PF_GE700,2025-03-03,True,DIRECT,
783324,0000783324-25-000008,20250228,VISTA GOLD CORP,4-NON,NAF,CLOSED,CLOSED_OPERATING_NON_SHELL,OPERATING,operating,CLOSED_UNIQUE,57476000.0,2024-06-28,2e3adcd65ab5f462648d3d4939da4a57c52c917dcbc2e02f15187219fcdd3980,NO_WHITELIST_TOPLINE,,NO_WHITELIST_TOPLINE,,,NAF,CLOSED_PF_LT60,2025-03-31,True,DIRECT,
783325,0000107815-25-000103,20250221,"WEC ENERGY GROUP, INC.",1-LAF,LAF,CLOSED,CLOSED_OPERATING_NON_SHELL,OPERATING,operating,CLOSED_UNIQUE,24800000000.0,2024-06-30,35d78d78716c95ba834f68030f2ac08e5ad02b4f426ed4dcc2bdefe543483167,CLOSED_UNIQUE,8893000000.0,CLOSED_UNIQUE,9597400000.0,,LAF,CLOSED_PF_GE700,2025-03-03,True,DIRECT,
784199,0000784199-25-000029,20250228,"ARTIVION, INC.",1-LAF,LAF,CLOSED,CLOSED_OPERATING_NON_SHELL,OPERATING,operating,CLOSED_UNIQUE,1016967660.0,2024-06-30,d5f08d47f4bb72b5ea28e15559169f12087b243258329bef8031999809737a1f,CLOSED_UNIQUE,354004000.0,CLOSED_UNIQUE,313789000.0,,LAF,CLOSED_PF_GE700,2025-03-03,True,DIRECT,
784977,0000784977-25-000012,20250214,PORTLAND GENERAL ELECTRIC CO /OR/,1-LAF,LAF,CLOSED,CLOSED_OPERATING_NON_SHELL,OPERATING,operating,CLOSED_UNIQUE,4443769179.0,2024-06-30,f4e621170decbfc067b7fb6e11905f183868ebe1e594355cce5079f491eb7611,CLOSED_UNIQUE,2923000000.0,CLOSED_UNIQUE,2647000000.0,,LAF,CLOSED_PF_GE700,2025-03-03,True,DIRECT,
785161,0000785161-25-000009,20250228,ENCOMPASS HEALTH CORP,1-LAF,LAF,CLOSED,CLOSED_OPERATING_NON_SHELL,OPERATING,operating,CLOSED_UNIQUE,8500000000.0,2024-06-30,1f0f6d0faf631f041c8f63a3ac015d0a13ebccb6ee517397fbba2e82ff75936a,NO_WHITELIST_TOPLINE,,NO_WHITELIST_TOPLINE,,,LAF,CLOSED_PF_GE700,2025-03-03,True,DIRECT,
78814,0000078814-25-000015,20250221,PITNEY BOWES INC /DE/,1-LAF,LAF,CLOSED,CLOSED_OPERATING_NON_SHELL,OPERATING,operating,CLOSED_UNIQUE,910000000.0,2024-06-30,6abadab5f913029bd0c7dbfa3c8f90b52cdc17a869e575f830d56feca4c2a46e,CLOSED_UNIQUE,3266348000.0,CLOSED_UNIQUE,3538042000.0,,LAF,CLOSED_PF_GE700,2025-03-03,True,DIRECT,
788816,0001628280-25-015552,20250331,OGLETHORPE POWER CORP,4-NON,NAF,CLOSED,CLOSED_OPERATING_NON_SHELL,OPERATING,operating,CLOSED_UNIQUE,0.0,2024-06-30,016ddbaeed3fac0c8b157fa34d13c93c5ad96c078d6dd24b1972642afac16c7b,CLOSED_UNIQUE,1740185000.0,CLOSED_UNIQUE,2130137000.0,,NAF,CLOSED_PF_LT60,2025-03-31,True,DIRECT,
78890,0000078890-25-000059,20250226,BRINKS CO,1-LAF,LAF,CLOSED,CLOSED_OPERATING_NON_SHELL,OPERATING,operating,CLOSED_UNIQUE,4509284147.0,2024-06-30,49f28b06ab6adb9112cbdf732cfd301aba91bd336540175ddf9dd967dc09280f,CLOSED_UNIQUE,4874600000.0,CLOSED_UNIQUE,4535500000.0,,LAF,CLOSED_PF_GE700,2025-03-03,True,DIRECT,
789460,0001628280-25-007620,20250225,WORLD KINECT CORP,1-LAF,LAF,CLOSED,CLOSED_OPERATING_NON_SHELL,OPERATING,operating,CLOSED_UNIQUE,1482000000.0,2024-06-30,9f5a6bfa1331e921d1cb27a1adf3f9ecfbc7099a399c4e6abc53d0ca6c8d5f06,CLOSED_UNIQUE,47710600000.0,CLOSED_UNIQUE,59043100000.0,,LAF,CLOSED_PF_GE700,2025-03-03,True,DIRECT,
789570,0000789570-25-000008,20250218,MGM RESORTS INTERNATIONAL,1-LAF,LAF,CLOSED,CLOSED_OPERATING_NON_SHELL,OPERATING,operating,CLOSED_UNIQUE,10300000000.0,2024-06-30,c3e365d642cf114c14905f3b469b54a806f613602606e6ee1d289581cdfb411f,CLOSED_UNIQUE,16164249000.0,CLOSED_UNIQUE,13127485000.0,,LAF,CLOSED_PF_GE700,2025-03-03,True,DIRECT,
789933,0000789933-25-000006,20250305,NACCO INDUSTRIES INC,2-ACC,AF,CLOSED,CLOSED_OPERATING_NON_SHELL,OPERATING,operating,CLOSED_UNIQUE,117744151.0,2024-06-30,7c1089da00534ccd2a7127a035fdafffc618e93b6e46b5f4877f90f99be2da05,CLOSED_UNIQUE,214794000.0,CLOSED_UNIQUE,241719000.0,,AF,CLOSED_PRIOR_ACC_REV_GE80_REMAIN_AF,2025-03-17,True,DIRECT,
790051,0000790051-25-000077,20250214,CARLISLE COMPANIES INC,1-LAF,LAF,CLOSED,CLOSED_OPERATING_NON_SHELL,OPERATING,operating,CLOSED_UNIQUE,18700000000.0,2024-06-30,667ab5f6c2d35e891dc5d37f4685ec7f48da4b6833179541d3159e61ec3993f0,CLOSED_UNIQUE,4586900000.0,CLOSED_UNIQUE,6591900000.0,,LAF,CLOSED_PF_GE700,2025-03-03,True,DIRECT,
790359,0001140361-25-006528,20250228,NBT BANCORP INC,1-LAF,LAF,CLOSED,CLOSED_OPERATING_NON_SHELL,OPERATING,operating,CLOSED_UNIQUE,1763515253.0,2024-06-30,e7b056699da37b1a0ac39fd440775746bec3237effe945ea1dd36a4cdfd8ac8b,NO_WHITELIST_TOPLINE,,NO_WHITELIST_TOPLINE,,,LAF,CLOSED_PF_GE700,2025-03-03,True,DIRECT,
791963,0000791963-25-000010,20250227,OPPENHEIMER HOLDINGS INC,2-ACC,AF,CLOSED,CLOSED_OPERATING_NON_SHELL,OPERATING,operating,CLOSED_UNIQUE,437300000.0,2024-06-28,a4d65c948aae03c8494e8b2052144c6c000eae1268ff4ffa94c165899939c3c4,CLOSED_UNIQUE,1248825000.0,CLOSED_UNIQUE,1110941000.0,,AF,CLOSED_PRIOR_ACC_REV_GE80_REMAIN_AF,2025-03-17,True,DIRECT,
79282,0000950170-25-019039,20250213,"BROWN & BROWN, INC.",1-LAF,LAF,CLOSED,CLOSED_OPERATING_NON_SHELL,OPERATING,operating,CLOSED_UNIQUE,21449617971.0,2024-06-28,990f9442173970c079fd38c281800fda0294696ccd59ee9c9da7cf001f006e30,CLOSED_UNIQUE,4257100000.0,CLOSED_UNIQUE,3573400000.0,,LAF,CLOSED_PF_GE700,2025-03-03,True,DIRECT,
792935,0001903596-25-000296,20250523,ETHEMA HEALTH CORP,4-NON,NAF,CLOSED,CLOSED_OPERATING_NON_SHELL,OPERATING,operating,CLOSED_UNIQUE,2489683.0,2024-06-28,64e92bf6d14f41c873497929f95e6bfacbdf7852faf3554fba114efb87a237a1,CLOSED_UNIQUE,5344976.0,CLOSED_UNIQUE,4820747.0,2025-03-31,NAF,CLOSED_PF_LT60,2025-03-31,False,LATE,
792966,0000950170-25-027602,20250226,FARMERS & MERCHANTS BANCORP INC,2-ACC,AF,CLOSED,CLOSED_OPERATING_NON_SHELL,OPERATING,operating,CLOSED_UNIQUE,292595026000.0,2024-06-30,9ce175509b6f0c37b2115464b7ac1a0eca23480c33b0bdb119b9ce68c42885a9,NO_WHITELIST_TOPLINE,,NO_WHITELIST_TOPLINE,,,LAF,CLOSED_PF_GE700,2025-03-03,True,DIRECT,
792987,0000792987-25-000013,20250226,ASTEC INDUSTRIES INC,1-LAF,LAF,CLOSED,CLOSED_OPERATING_NON_SHELL,OPERATING,operating,CLOSED_UNIQUE,673400000.0,2024-06-30,af71e6c2c4f9327ce64996dc5b2c4febdd0b893f616a936045f4f807e90f3161,CLOSED_UNIQUE,1338200000.0,CLOSED_UNIQUE,1274500000.0,,LAF,CLOSED_PRIOR_LAF_PF_GE560,2025-03-03,True,DIRECT,
793074,0000793074-25-000009,20250226,WERNER ENTERPRISES INC,1-LAF,LAF,CLOSED,CLOSED_OPERATING_NON_SHELL,OPERATING,operating,CLOSED_UNIQUE,2188000000.0,2024-06-28,c38d63c2a302d507e50db698b23371d62cdbf0075979361b9f3cb01842b786fa,CLOSED_UNIQUE,3283499000.0,CLOSED_UNIQUE,3289978000.0,,LAF,CLOSED_PF_GE700,2025-03-03,True,DIRECT,
793306,0001437749-25-010478,20250401,BLUE DOLPHIN ENERGY CO,4-NON,NAF,CLOSED,CLOSED_OPERATING_NON_SHELL,OPERATING,operating,CLOSED_UNIQUE,7681421.0,2024-06-28,e21ccfbfa4e0804c80cd4730b9d8298498e0287e5f37c42652bebb4a9467cd6b,NO_WHITELIST_TOPLINE,,NO_WHITELIST_TOPLINE,,2025-04-01,NAF,CLOSED_PF_LT60,2025-03-31,True,12B25,
793524,0001493152-25-009377,20250306,RESEARCH FRONTIERS INC,4-NON,NAF,CLOSED,CLOSED_OPERATING_NON_SHELL,OPERATING,operating,CLOSED_UNIQUE,52439939.0,2024-06-28,d3fe1ce802bb6c889bd054da7c9abdd790d640473fc74444da126edea0081e26,NO_WHITELIST_TOPLINE,,NO_WHITELIST_TOPLINE,,,NAF,CLOSED_PF_LT60,2025-03-31,True,DIRECT,
793733,0001558370-25-000943,20250213,SKYWEST INC,1-LAF,LAF,CLOSED,CLOSED_OPERATING_NON_SHELL,OPERATING,operating,CLOSED_UNIQUE,3290491847.0,2024-06-30,857ccc047f1f74f85cf3a8ed2d9fa0d78137fd0277d2904e86af607044ba82d8,CLOSED_UNIQUE,2935432000.0,CLOSED_UNIQUE,3004925000.0,,LAF,CLOSED_PF_GE700,2025-03-03,True,DIRECT,
793952,0000793952-25-000063,20250226,"HARLEY-DAVIDSON, INC.",1-LAF,LAF,CLOSED,CLOSED_OPERATING_NON_SHELL,OPERATING,operating,CLOSED_UNIQUE,4358110124.0,2024-06-28,8cb7bf444075b713881ad16b59d6649f9a767b80ed229e526f97ff5929a6fca1,CLOSED_UNIQUE,5836478000.0,CLOSED_UNIQUE,5755130000.0,,LAF,CLOSED_PF_GE700,2025-03-03,True,DIRECT,
794323,0000794323-25-000006,20250220,"LEVEL 3 PARENT, LLC",4-NON,NAF,CLOSED,CLOSED_OPERATING_NON_SHELL,OPERATING,operating,CLOSED_UNIQUE,0.0,2024-06-30,d63c38224e5d420a854f17357e5d80d4015a2e860dadaf786b310958bd398dee,CLOSED_UNIQUE,7037000000.0,CLOSED_UNIQUE,7493000000.0,,NAF,CLOSED_PF_LT60,2025-03-31,True,DIRECT,
795403,0001558370-25-001102,20250218,WATTS WATER TECHNOLOGIES INC,1-LAF,LAF,CLOSED,CLOSED_OPERATING_NON_SHELL,OPERATING,operating,CLOSED_UNIQUE,4986904115.0,2024-06-30,d464264e50b0a824a80bb18aa197715039434d055773234558fd6b52000fd9d1,CLOSED_UNIQUE,2056300000.0,CLOSED_UNIQUE,1979500000.0,,LAF,CLOSED_PF_GE700,2025-03-03,True,DIRECT,
797465,0001437749-25-009465,20250327,"HG HOLDINGS, INC.",4-NON,NAF,CLOSED,CLOSED_OPERATING_NON_SHELL,OPERATING,operating,CLOSED_UNIQUE,10300000.0,2024-06-28,5bf41f735ad0ec2f47ca1cb7a7cea436b2023d5ce541d5bcbda465fbcbd58e32,CLOSED_UNIQUE,11108000.0,CLOSED_UNIQUE,14482000.0,,NAF,CLOSED_PF_LT60,2025-03-31,True,DIRECT,
797468,0000797468-25-000029,20250218,OCCIDENTAL PETROLEUM CORP /DE/,1-LAF,LAF,CLOSED,CLOSED_OPERATING_NON_SHELL,OPERATING,operating,CLOSED_UNIQUE,59200000000.0,2024-06-28,34e649594c1ad7cb3645f4edcb9796fbe3982fc8093e6ee3350a937c9c3c0de7,CLOSED_UNIQUE,28257000000.0,CLOSED_UNIQUE,36634000000.0,,LAF,CLOSED_PF_GE700,2025-03-03,True,DIRECT,
797542,0001493152-25-011100,20250321,VIEWBIX INC.,4-NON,NAF,CLOSED,CLOSED_OPERATING_NON_SHELL,OPERATING,operating,CLOSED_UNIQUE,111000.0,2024-06-30,994f23e82e2d22beaeffe7e57cc39c7ff2d882e750d575a3f00d2b91c0789a1f,CLOSED_UNIQUE,79613000.0,CLOSED_UNIQUE,96603000.0,,NAF,CLOSED_PF_LT60,2025-03-31,True,DIRECT,
798287,0001437749-25-007273,20250312,PAMT CORP,2-ACC,AF,CLOSED,CLOSED_OPERATING_NON_SHELL,OPERATING,operating,CLOSED_UNIQUE,96792678.0,2024-06-30,d4fef05d7791bb2cd72593e426c8325b490e96e6f9c3d6d637eaebc8983c7bea,CLOSED_UNIQUE,810807000.0,CLOSED_UNIQUE,946862000.0,,AF,CLOSED_PRIOR_ACC_REV_GE80_REMAIN_AF,2025-03-17,True,DIRECT,
798354,0000798354-25-000047,20250220,FISERV INC,1-LAF,LAF,CLOSED,CLOSED_OPERATING_NON_SHELL,OPERATING,operating,CLOSED_UNIQUE,85486940134.0,2024-06-28,c16fa09f5b5230dad6b05eb0e7a596798ade09e28aaa03aa61b747b32f5f3e63,CLOSED_UNIQUE,19093000000.0,CLOSED_UNIQUE,17737000000.0,,LAF,CLOSED_PF_GE700,2025-03-03,True,DIRECT,
798359,0000798359-25-000011,20250218,CENTERSPACE,1-LAF,LAF,CLOSED,CLOSED_OPERATING_NON_SHELL,OPERATING,operating,CLOSED_UNIQUE,1013604175.0,2024-06-30,4486cdac994b5a54600053d004225ded4ac38e3d5682864696340b679e24bd90,CLOSED_UNIQUE,261309000.0,CLOSED_UNIQUE,256716000.0,,LAF,CLOSED_PF_GE700,2025-03-03,True,DIRECT,
79879,0000079879-25-000034,20250220,PPG INDUSTRIES INC,1-LAF,LAF,CLOSED,CLOSED_OPERATING_NON_SHELL,OPERATING,operating,CLOSED_UNIQUE,29338000000.0,2024-06-30,e115aa77b004fc40cd8ebb280b46d199477e0d9ebdc3ae1f1f92664cb4f6786d,CLOSED_UNIQUE,18246000000.0,CLOSED_UNIQUE,17652000000.0,,LAF,CLOSED_PF_GE700,2025-03-03,True,DIRECT,
798941,0000798941-25-000010,20250221,FIRST CITIZENS BANCSHARES INC /DE/,1-LAF,LAF,CLOSED,CLOSED_OPERATING_NON_SHELL,OPERATING,operating,CLOSED_UNIQUE,17290620797.0,2024-06-30,09241fa68285c2170448ddb180abd2f37e17511191bc4a9de2a821a8cba95963,NO_WHITELIST_TOPLINE,,NO_WHITELIST_TOPLINE,,,LAF,CLOSED_PF_GE700,2025-03-03,True,DIRECT,
799165,0001558370-25-004330,20250402,DAWSON GEOPHYSICAL CO,4-NON,NAF,CLOSED,CLOSED_OPERATING_NON_SHELL,OPERATING,operating,CLOSED_UNIQUE,12183000.0,2024-06-30,b93913e4f87be6069da6516caa7a4424c616fd27aa987a42bf42d57b991a182b,CLOSED_UNIQUE,96846000.0,CLOSED_UNIQUE,37480000.0,2025-04-01,NAF,CLOSED_PF_LT60,2025-03-31,True,12B25,
799167,0001437749-25-005570,20250228,MARTEN TRANSPORT LTD,1-LAF,LAF,CLOSED,CLOSED_OPERATING_NON_SHELL,OPERATING,operating,CLOSED_UNIQUE,1158326000.0,2024-06-28,5f941f7685749536acf2d5bbbfe14f99395240b72e7faced42bafccbe6aa535d,CLOSED_UNIQUE,1131455000.0,CLOSED_UNIQUE,1263878000.0,,LAF,CLOSED_PF_GE700,2025-03-03,True,DIRECT,
799233,0000799233-25-000008,20250218,HEARTLAND EXPRESS INC,1-LAF,LAF,CLOSED,CLOSED_OPERATING_NON_SHELL,OPERATING,operating,CLOSED_UNIQUE,547100000.0,2024-06-30,02eb19f007685fc6e79ca82269822fa2497e1b10dda3bbc61ae93385e6d230a0,CLOSED_UNIQUE,1207458000.0,CLOSED_UNIQUE,967996000.0,,AF,CLOSED_PRIOR_LAF_REV_GE100_EXIT_AF,2025-03-17,True,DIRECT,
799292,0000799292-25-000018,20250214,"M/I HOMES, INC.",1-LAF,LAF,CLOSED,CLOSED_OPERATING_NON_SHELL,OPERATING,operating,CLOSED_UNIQUE,3300000000.0,2024-06-30,f2e19801655c3bf749ee6542d2c2500744ebe2a0c95af4d70d2f0ff07daf6a28,CLOSED_UNIQUE,4033502000.0,CLOSED_UNIQUE,4131393000.0,,LAF,CLOSED_PF_GE700,2025-03-03,True,DIRECT,
799698,0001641172-25-001038,20250328,LADRX CORP,4-NON,NAF,CLOSED,CLOSED_OPERATING_NON_SHELL,OPERATING,operating,CLOSED_UNIQUE,1300000.0,2024-06-30,5ac8cbd4f1164fd845dd8337e8e4e9cab3099eb77ef98b5e2b0eccfda09dd536,NO_WHITELIST_TOPLINE,,NO_WHITELIST_TOPLINE,,,NAF,CLOSED_PF_LT60,2025-03-31,True,DIRECT,
800240,0000950170-25-027569,20250226,ODP CORP,1-LAF,LAF,CLOSED,CLOSED_OPERATING_NON_SHELL,OPERATING,operating,CLOSED_UNIQUE,1298991046000000.0,2024-06-28,857a2952ba781e6e39bd0eea169e3dbc1da1463ccb62785f5e32196372a139fd,CLOSED_UNIQUE,7831000000.0,CLOSED_UNIQUE,8491000000.0,,LAF,CLOSED_PF_GE700,2025-03-03,True,DIRECT,
80035,0001628280-25-012640,20250313,PREFORMED LINE PRODUCTS CO,2-ACC,AF,CLOSED,CLOSED_OPERATING_NON_SHELL,OPERATING,operating,CLOSED_UNIQUE,275665503.0,2024-06-30,115abeb8847ef5c080583097d7d9419da9b2c9521a74ae8aaa19122deba534d4,CLOSED_UNIQUE,669679000.0,CLOSED_UNIQUE,637021000.0,,AF,CLOSED_PRIOR_ACC_REV_GE80_REMAIN_AF,2025-03-17,True,DIRECT,
800457,0001140361-25-007891,20250310,DONEGAL GROUP INC,2-ACC,AF,CLOSED,CLOSED_OPERATING_NON_SHELL,OPERATING,operating,CLOSED_UNIQUE,207861925.0,2024-06-30,ef16b69378567a3f02db52a1ff372916247f71bf5116a9dd1375ed0e967bb999,CLOSED_UNIQUE,927337984.0,CLOSED_UNIQUE,848220546.0,,AF,CLOSED_PRIOR_ACC_REV_GE80_REMAIN_AF,2025-03-17,True,DIRECT,
801337,0000801337-25-000004,20250303,WEBSTER FINANCIAL CORP,1-LAF,LAF,CLOSED,CLOSED_OPERATING_NON_SHELL,OPERATING,operating,CLOSED_UNIQUE,7400000000.0,2024-06-28,6ce88f8d4fb7560f13bb4e397962f2367e434a45fe76144cdf6ab6cc545d17ae,NO_WHITELIST_TOPLINE,,NO_WHITELIST_TOPLINE,,,LAF,CLOSED_PF_GE700,2025-03-03,True,DIRECT,
802257,0001185185-25-000257,20250331,"MITESCO, INC.",4-NON,NAF,CLOSED,CLOSED_OPERATING_NON_SHELL,OPERATING,operating,CLOSED_UNIQUE,696130.0,2024-06-30,327534988a62dbdf0353a671bae787116f8f643b5da29d99351bb260a8c8e6b8,CLOSED_UNIQUE,0.0,NO_FY2022_10K,,,NAF,CLOSED_PF_LT60,2025-03-31,True,DIRECT,
802481,0000802481-25-000011,20250213,PILGRIMS PRIDE CORP,1-LAF,LAF,CLOSED,CLOSED_OPERATING_NON_SHELL,OPERATING,operating,CLOSED_UNIQUE,1584521371.0,2024-06-30,995cc795ae9fb9c8c21188206cac574a031dae8e368e0f71f96b53413dcf5a6f,CLOSED_UNIQUE,17362217000.0,CLOSED_UNIQUE,17468377000.0,,LAF,CLOSED_PF_GE700,2025-03-03,True,DIRECT,
803578,0001437749-25-010818,20250403,"FIREFLY NEUROSCIENCE, INC.",4-NON,NAF,CLOSED,CLOSED_OPERATING_NON_SHELL,OPERATING,operating,CLOSED_UNIQUE,0.0,2024-06-28,9e83bc21f81efc5f5e5532fa326fafe8d63cb8b21ebcf67d300da79e50cf4412,CLOSED_UNIQUE,7981975.0,CLOSED_UNIQUE,12021952.0,2025-04-01,NAF,CLOSED_PF_LT60,2025-03-31,True,12B25,
803649,0000803649-25-000020,20250227,EQUITY COMMONWEALTH,1-LAF,LAF,CLOSED,CLOSED_OPERATING_NON_SHELL,OPERATING,operating,CLOSED_UNIQUE,2200000000.0,2024-06-30,f7330516fec423a41cde5742a825be5efe5a59b176bc69c3b28088fec900fd6a,CLOSED_UNIQUE,60524000.0,CLOSED_UNIQUE,63140000.0,,LAF,CLOSED_PF_GE700,2025-03-03,True,DIRECT,
804269,0000804269-25-000007,20250128,"GENERAL MOTORS FINANCIAL COMPANY, INC.",4-NON,NAF,CLOSED,CLOSED_OPERATING_NON_SHELL,OPERATING,operating,CLOSED_UNIQUE,0.0,2024-06-30,e2dcb83d4d2fff94fbdd51f87a2cc542b2f3bb0871f3ab7b7c5075b932100bdc,CLOSED_UNIQUE,14224000000.0,CLOSED_UNIQUE,12766000000.0,,NAF,CLOSED_PF_LT60,2025-03-31,True,DIRECT,
805676,0000805676-25-000014,20250224,PARK NATIONAL CORP /OH/,1-LAF,LAF,CLOSED,CLOSED_OPERATING_NON_SHELL,OPERATING,operating,CLOSED_UNIQUE,2235097773.0,2024-06-30,e9594d14aa0d548618bd0dd5d6151b36c6212cc179dfe58af8a36526659df6cd,NO_WHITELIST_TOPLINE,,NO_WHITELIST_TOPLINE,,,LAF,CLOSED_PF_GE700,2025-03-03,True,DIRECT,
805928,0000805928-25-000017,20250226,"AXOGEN, INC.",2-ACC,AF,CLOSED,CLOSED_OPERATING_NON_SHELL,OPERATING,operating,CLOSED_UNIQUE,186789502.0,2024-06-30,aef548e5e67bf2b46e447bc369a71317f10037d772823d77af14db309d7db112,CLOSED_UNIQUE,159012000.0,CLOSED_UNIQUE,138584000.0,,AF,CLOSED_PRIOR_ACC_REV_GE80_REMAIN_AF,2025-03-17,True,DIRECT,
8063,0000008063-25-000017,20250305,ASTRONICS CORP,2-ACC,AF,CLOSED,CLOSED_OPERATING_NON_SHELL,OPERATING,operating,CLOSED_UNIQUE,609000000.0,2024-06-29,639fd825a94a12e186bd3c1d3c24f0d56557f1b71549b593c79445d55039da27,CLOSED_UNIQUE,689206000.0,CLOSED_UNIQUE,534894000.0,,AF,CLOSED_PRIOR_ACC_REV_GE80_REMAIN_AF,2025-03-17,True,DIRECT,
806517,0001171843-25-001658,20250324,PSYCHEMEDICS CORP,4-NON,NAF,CLOSED,CLOSED_OPERATING_NON_SHELL,OPERATING,operating,CLOSED_UNIQUE,14200000.0,2024-06-30,1b36e5e8715928c32717777c673b690542942542c1b1f3b8828501018e56a495,CLOSED_UNIQUE,22098000.0,CLOSED_UNIQUE,25240000.0,,NAF,CLOSED_PF_LT60,2025-03-31,True,DIRECT,
80661,0000080661-25-000007,20250303,PROGRESSIVE CORP/OH/,1-LAF,LAF,CLOSED,CLOSED_OPERATING_NON_SHELL,OPERATING,operating,CLOSED_UNIQUE,120872430194.0,2024-06-30,43087f6ff9f0e87fcbe08ba0e6885d5cda133d6dd1bce27a01a467571687813f,CLOSED_UNIQUE,62108500000.0,CLOSED_UNIQUE,49610700000.0,,LAF,CLOSED_PF_GE700,2025-03-03,True,DIRECT,
81018,0000081018-25-000004,20250227,PUBLIC SERVICE CO OF COLORADO,4-NON,NAF,CLOSED,CLOSED_OPERATING_NON_SHELL,OPERATING,operating,CLOSED_UNIQUE,0.0,2024-06-30,3b4e30f3aba935346eb445c23d66efbb9b4062e3a27ae39581a20d8db7a926c2,CLOSED_UNIQUE,5519000000.0,CLOSED_UNIQUE,5708000000.0,,NAF,CLOSED_PF_LT60,2025-03-31,True,DIRECT,
81061,0000081061-25-000007,20250303,PUBLIX SUPER MARKETS INC,4-NON,NAF,CLOSED,CLOSED_OPERATING_NON_SHELL,OPERATING,operating,CLOSED_UNIQUE,34682000000.0,2024-06-28,22053066c7b349dfb036b1954007bc81f10f0d15f15dfd8e7763c7cba73a3160,CONFLICTING_WHITELIST_VALUES,,CONFLICTING_WHITELIST_VALUES,,,LAF,CLOSED_PF_GE700,2025-03-03,True,DIRECT,
811589,0000811589-25-000008,20250226,FIRST BANCORP /NC/,1-LAF,LAF,CLOSED,CLOSED_OPERATING_NON_SHELL,OPERATING,operating,CLOSED_UNIQUE,1267573000.0,2024-06-30,ad9b8e8c0a8e56c062dc74b7cbd4a9b16a8e0136e1a688b856a2bc261ef35140,NO_WHITELIST_TOPLINE,,NO_WHITELIST_TOPLINE,,,LAF,CLOSED_PF_GE700,2025-03-03,True,DIRECT,
811596,0000950170-25-024313,20250220,KAISER ALUMINUM CORP,1-LAF,LAF,CLOSED,CLOSED_OPERATING_NON_SHELL,OPERATING,operating,CLOSED_UNIQUE,1000000000.0,2024-06-30,b71bcd889a363ad910c54ca68bdbf0736255a514ee16f0911caae9150c35c4b1,CLOSED_UNIQUE,3087000000.0,CLOSED_UNIQUE,3427900000.0,,LAF,CLOSED_PF_GE700,2025-03-03,True,DIRECT,
811641,0001013762-25-004072,20250328,IMMUCELL CORP /DE/,4-NON,NAF,CLOSED,CLOSED_OPERATING_NON_SHELL,OPERATING,operating,CLOSED_UNIQUE,30634000.0,2024-06-30,85587ca2cd3639b71d27427f96461a5d046426d06de17c5d38480da0f9217d7f,NO_WHITELIST_TOPLINE,,NO_WHITELIST_TOPLINE,,,NAF,CLOSED_PF_LT60,2025-03-31,True,DIRECT,
811830,0000811830-25-000012,20250303,"SANTANDER HOLDINGS USA, INC.",4-NON,NAF,CLOSED,CLOSED_OPERATING_NON_SHELL,OPERATING,operating,CLOSED_UNIQUE,0.0,2024-06-30,5b3c3addfb170c32c74aeb0dbde8717f6d1d2f624d6464c2b99922cee907b445,NO_WHITELIST_TOPLINE,,NO_WHITELIST_TOPLINE,,,NAF,CLOSED_PF_LT60,2025-03-31,True,DIRECT,
812074,0001558370-25-000868,20250212,"O-I GLASS, INC. /DE/",1-LAF,LAF,CLOSED,CLOSED_OPERATING_NON_SHELL,OPERATING,operating,CLOSED_UNIQUE,1022906000.0,2024-06-28,600e7facda68dd6dbfa98ad46fab1b0a48e6839d1938a71650c42599ee30a807,CLOSED_UNIQUE,7105000000.0,CLOSED_UNIQUE,6856000000.0,,LAF,CLOSED_PF_GE700,2025-03-03,True,DIRECT,
812796,0001558370-25-003459,20250321,"SOLIGENIX, INC.",4-NON,NAF,CLOSED,CLOSED_OPERATING_NON_SHELL,OPERATING,operating,CLOSED_UNIQUE,3977875.0,2024-06-30,fdc36edcc640f8f956696177fbceaf1e13ba17e50529d052b2507d6b7fc135f5,CLOSED_UNIQUE,839359.0,CLOSED_UNIQUE,948911.0,,NAF,CLOSED_PF_LT60,2025-03-31,True,DIRECT,
81362,0000081362-25-000014,20250224,QUAKER CHEMICAL CORP,1-LAF,LAF,CLOSED,CLOSED_OPERATING_NON_SHELL,OPERATING,operating,CLOSED_UNIQUE,2337846765.0,2024-06-30,5a7c5803af1712350d97286d2d7ec595c6509f7be2549da980da48ed957799cc,CLOSED_UNIQUE,1953313000.0,CLOSED_UNIQUE,1943585000.0,,LAF,CLOSED_PF_GE700,2025-03-03,True,DIRECT,
813672,0000813672-25-000024,20250221,CADENCE DESIGN SYSTEMS INC,1-LAF,LAF,CLOSED,CLOSED_OPERATING_NON_SHELL,OPERATING,operating,CLOSED_UNIQUE,84268000000.0,2024-06-30,f303a0427aeb7ac30f61e244b6373d1fd3b62482dc678a145975a0f6c340ddd9,CLOSED_UNIQUE,4089986000.0,CLOSED_UNIQUE,3561718000.0,,LAF,CLOSED_PF_GE700,2025-03-03,True,DIRECT,
813716,0001641172-25-004894,20250415,CIRTRAN CORP,4-NON,NAF,CLOSED,CLOSED_OPERATING_NON_SHELL,OPERATING,operating,CLOSED_UNIQUE,56500.0,2024-06-30,0e83305a855e05b98e04616a190cf4718552f9cff5a1294efa2e605414217454,CLOSED_UNIQUE,1616148.0,CLOSED_UNIQUE,1719358.0,2025-03-31,NAF,CLOSED_PF_LT60,2025-03-31,True,12B25,
813762,0001558370-25-001612,20250226,ICAHN ENTERPRISES L.P.,1-LAF,LAF,CLOSED,CLOSED_OPERATING_NON_SHELL,OPERATING,operating,CLOSED_UNIQUE,1100000000.0,2024-06-30,91fa0f888d9f50dbdc9f90b3e6de91432bd8ae8b5e65c079321ebdfcd42b5926,CONFLICTING_WHITELIST_VALUES,,CONFLICTING_WHITELIST_VALUES,,,LAF,CLOSED_PF_GE700,2025-03-03,True,DIRECT,
814453,0000814453-25-000008,20250214,NEWELL BRANDS INC.,1-LAF,LAF,CLOSED,CLOSED_OPERATING_NON_SHELL,OPERATING,operating,CLOSED_UNIQUE,2700000000.0,2024-06-30,73cbd50b69cd8c3878d76c72ee3934d97a46c2713efc84364b23a024fed6c80c,CLOSED_UNIQUE,8133000000.0,CLOSED_UNIQUE,9459000000.0,,LAF,CLOSED_PF_GE700,2025-03-03,True,DIRECT,
814585,0000950170-25-029081,20250227,MBIA INC,2-ACC,AF,CLOSED,CLOSED_OPERATING_NON_SHELL,OPERATING,operating,CLOSED_UNIQUE,247300000.0,2024-06-30,49afdbeaa1fde76e8ce497def8fba9548c6fc408d8923dfd01c56f237a42d81a,CLOSED_UNIQUE,7000000.0,CLOSED_UNIQUE,154000000.0,,NAF,CLOSED_PRIOR_ACC_REV_LT80_EXIT_NAF,2025-03-31,True,DIRECT,
815556,0000815556-25-000065,20250206,FASTENAL CO,1-LAF,LAF,CLOSED,CLOSED_OPERATING_NON_SHELL,OPERATING,operating,CLOSED_UNIQUE,35916816764.0,2024-06-28,e5e1233f09d9890a58e6171f95bc4866e9b03ef86abe7685717dc8e503337779,CLOSED_UNIQUE,7346700000.0,CLOSED_UNIQUE,6980600000.0,,LAF,CLOSED_PF_GE700,2025-03-03,True,DIRECT,
816761,0000816761-25-000027,20250221,TERADATA CORP /DE/,1-LAF,LAF,CLOSED,CLOSED_OPERATING_NON_SHELL,OPERATING,operating,CLOSED_UNIQUE,3300000000.0,2024-06-28,ce4fb0f2fde5f0c2c3e33604b233a2266284296d98a89c065f104dd5a3be88fa,CLOSED_UNIQUE,1833000000.0,CLOSED_UNIQUE,1795000000.0,,LAF,CLOSED_PF_GE700,2025-03-03,True,DIRECT,
816956,0000816956-25-000004,20250218,CONMED CORP,1-LAF,LAF,CLOSED,CLOSED_OPERATING_NON_SHELL,OPERATING,operating,CLOSED_UNIQUE,1600000000.0,2024-06-30,eb4f4835f95f531c49ed1c025ce1d5204bc8f52882a12626b937e69b3e5b21ab,CLOSED_UNIQUE,1244744000.0,CLOSED_UNIQUE,1045472000.0,,LAF,CLOSED_PF_GE700,2025-03-03,True,DIRECT,
8177,0001140361-25-010239,20250325,ATLANTIC AMERICAN CORP,4-NON,NAF,CLOSED,CLOSED_OPERATING_NON_SHELL,OPERATING,operating,CLOSED_UNIQUE,6854118.0,2024-06-30,cacfd4f79f776e4c667118ce3d0b10e3af375d5ba36ba407551c2500146d15a8,CLOSED_UNIQUE,186793000.0,CLOSED_UNIQUE,187851000.0,,NAF,CLOSED_PF_LT60,2025-03-31,True,DIRECT,
818479,0000818479-25-000035,20250227,DENTSPLY SIRONA INC.,1-LAF,LAF,CLOSED,CLOSED_OPERATING_NON_SHELL,OPERATING,operating,CLOSED_UNIQUE,5036994579.0,2024-06-30,8cd063006e668fc51d1940f184db5c808795e12f7d5a23ad126db90b5f418a6e,CLOSED_UNIQUE,3965000000.0,CLOSED_UNIQUE,3922000000.0,,LAF,CLOSED_PF_GE700,2025-03-03,True,DIRECT,
818677,0001437749-25-007686,20250314,SECURITY FEDERAL CORP,4-NON,NAF,CLOSED,CLOSED_OPERATING_NON_SHELL,OPERATING,operating,CLOSED_UNIQUE,39987288.0,2024-06-30,21f42e6802b225a0e2680ad726abf13757b549ea5e64931081170cb584d22465,NO_WHITELIST_TOPLINE,,NO_WHITELIST_TOPLINE,,,NAF,CLOSED_PF_LT60,2025-03-31,True,DIRECT,
818686,0001193125-25-020826,20250205,TEVA PHARMACEUTICAL INDUSTRIES LTD,1-LAF,LAF,CLOSED,CLOSED_OPERATING_NON_SHELL,OPERATING,operating,CLOSED_UNIQUE,18320000000.0,2024-06-30,03fd3c0a47b2284dded3275e562694e3c971d1937e0b44d2194351fa143ae431,CLOSED_UNIQUE,15846000000.0,CLOSED_UNIQUE,14925000000.0,,LAF,CLOSED_PF_GE700,2025-03-03,True,DIRECT,
819793,0000819793-25-000007,20250226,ALBANY INTERNATIONAL CORP /DE/,1-LAF,LAF,CLOSED,CLOSED_OPERATING_NON_SHELL,OPERATING,operating,CLOSED_UNIQUE,2600000000.0,2024-06-30,8eb9f2374e87c62fc92c67227df10a0a5f5fdd6bb092311341124534fbb6ba92,CLOSED_UNIQUE,1147909000.0,CLOSED_UNIQUE,1034887000.0,,LAF,CLOSED_PF_GE700,2025-03-03,True,DIRECT,
820027,0000820027-25-000013,20250220,AMERIPRISE FINANCIAL INC,1-LAF,LAF,CLOSED,CLOSED_OPERATING_NON_SHELL,OPERATING,operating,CLOSED_UNIQUE,42000000000.0,2024-06-30,c8933866752f961a04688cb7046504306a1d81f194d19c6f2e7a787fa44a3146,CONFLICTING_WHITELIST_VALUES,,CONFLICTING_WHITELIST_VALUES,,,LAF,CLOSED_PF_GE700,2025-03-03,True,DIRECT,
82020,0001558370-25-001798,20250227,UNITED STATES LIME & MINERALS INC,2-ACC,AF,CLOSED,CLOSED_OPERATING_NON_SHELL,OPERATING,operating,CLOSED_UNIQUE,773374833.0,2024-06-30,f5646161a99ea25d1fc0ec1cb7375e3990b6ca4a9f3940e5d4298849f3b8f150,CLOSED_UNIQUE,281330000.0,CLOSED_UNIQUE,236150000.0,,LAF,CLOSED_PF_GE700,2025-03-03,True,DIRECT,
820313,0001558370-25-000714,20250207,AMPHENOL CORP /DE/,1-LAF,LAF,CLOSED,CLOSED_OPERATING_NON_SHELL,OPERATING,operating,CLOSED_UNIQUE,70603000000.0,2024-06-30,86a8e79b7b6f3538e3b2f57fdfb29132f7468a9017f742c82c87e7553bd792f3,CLOSED_UNIQUE,12554700000.0,CLOSED_UNIQUE,12623000000.0,,LAF,CLOSED_PF_GE700,2025-03-03,True,DIRECT,
821026,0000821026-25-000050,20250219,"ANDERSONS, INC.",1-LAF,LAF,CLOSED,CLOSED_OPERATING_NON_SHELL,OPERATING,operating,CLOSED_UNIQUE,1621200000.0,2024-06-30,71b780fcead5880abac37e7201d0b651cdd7da29c14524b36f8c76ae684b7767,NO_WHITELIST_TOPLINE,,CLOSED_UNIQUE,17325384000.0,,LAF,CLOSED_PF_GE700,2025-03-03,True,DIRECT,
821189,0000821189-25-000011,20250227,EOG RESOURCES INC,1-LAF,LAF,CLOSED,CLOSED_OPERATING_NON_SHELL,OPERATING,operating,CLOSED_UNIQUE,71585000000.0,2024-06-30,fa55bd880f3bbed014912bdea3737fedee82391090e99ba53104795590b68866,NO_WHITELIST_TOPLINE,,NO_WHITELIST_TOPLINE,,,LAF,CLOSED_PF_GE700,2025-03-03,True,DIRECT,
821483,0000821483-25-000010,20250228,"PAR PACIFIC HOLDINGS, INC.",1-LAF,LAF,CLOSED,CLOSED_OPERATING_NON_SHELL,OPERATING,operating,CLOSED_UNIQUE,1372227688.0,2024-06-28,4cce94ad7ef42d46a3459817edd3b01a625444f8a425bdb5259fc61a42af631f,CLOSED_UNIQUE,8231955000.0,CLOSED_UNIQUE,7321785000.0,,LAF,CLOSED_PF_GE700,2025-03-03,True,DIRECT,
822416,0000822416-25-000007,20250206,PULTEGROUP INC/MI/,1-LAF,LAF,CLOSED,CLOSED_OPERATING_NON_SHELL,OPERATING,operating,CLOSED_UNIQUE,22800000000.0,2024-06-30,35cebc7ae9a640ef21c6b2f382bfc455dc6b00c4456ab6bba27ab30711623187,CLOSED_UNIQUE,16061578000.0,CLOSED_UNIQUE,16228995000.0,,LAF,CLOSED_PF_GE700,2025-03-03,True,DIRECT,
822663,0001753926-25-000424,20250311,INTERPARFUMS INC,1-LAF,LAF,CLOSED,CLOSED_OPERATING_NON_SHELL,OPERATING,operating,CLOSED_UNIQUE,2091134547.0,2024-06-30,13b9107e06eebd1cb9069eafbca1ee483544cb313ba953531f8e5c832c8fc932,CLOSED_UNIQUE,1317675000.0,CLOSED_UNIQUE,1086653000.0,,LAF,CLOSED_PF_GE700,2025-03-03,False,LATE,
822818,0000822818-25-000007,20250219,CLEAN HARBORS INC,1-LAF,LAF,CLOSED,CLOSED_OPERATING_NON_SHELL,OPERATING,operating,CLOSED_UNIQUE,11500000000.0,2024-06-28,39900d20e17074af8fc8c00477a8d08ae8687acc2c3f41f520cc26be63dd6fdc,CLOSED_UNIQUE,5409152000.0,CLOSED_UNIQUE,5166605000.0,,LAF,CLOSED_PF_GE700,2025-03-03,True,DIRECT,
823768,0001558370-25-001132,20250219,WASTE MANAGEMENT INC,1-LAF,LAF,CLOSED,CLOSED_OPERATING_NON_SHELL,OPERATING,operating,CLOSED_UNIQUE,85400000000.0,2024-06-30,fb29dc44c66969882d120b10e2670243cc24fa76160f0d1ada2b2dae5553e6e8,CLOSED_UNIQUE,20426000000.0,CLOSED_UNIQUE,19698000000.0,,LAF,CLOSED_PF_GE700,2025-03-03,True,DIRECT,
824142,0000824142-25-000039,20250227,"AAON, INC.",1-LAF,LAF,CLOSED,CLOSED_OPERATING_NON_SHELL,OPERATING,operating,CLOSED_UNIQUE,5801100000.0,2024-06-30,464436875761d8637c3034131ef19b21576db5b71e7f9dc2b6a759a238910c3f,CLOSED_UNIQUE,1168518000.0,CLOSED_UNIQUE,888788000.0,,LAF,CLOSED_PF_GE700,2025-03-03,True,DIRECT,
824416,0001013762-25-002745,20250326,QUEST PATENT RESEARCH CORP,4-NON,NAF,CLOSED,CLOSED_OPERATING_NON_SHELL,OPERATING,operating,CLOSED_UNIQUE,404035.0,2024-06-30,e48a91ea2a1dd49fe3af4fdae3b243cf91b8a0311905d91d45296aa844884fe8,NO_WHITELIST_TOPLINE,,NO_WHITELIST_TOPLINE,,,NAF,CLOSED_PF_LT60,2025-03-31,True,DIRECT,
825313,0000825313-25-000014,20250214,ALLIANCEBERNSTEIN HOLDING L.P.,1-LAF,LAF,CLOSED,CLOSED_OPERATING_NON_SHELL,OPERATING,operating,CLOSED_UNIQUE,3700000000.0,2024-06-30,80d34377321a8f607e05f602e6fbb3cbfae680474fb6f4b3cf9ca2b65d8053aa,NO_WHITELIST_TOPLINE,,NO_WHITELIST_TOPLINE,,,LAF,CLOSED_PF_GE700,2025-03-03,True,DIRECT,
825788,0001641172-25-004893,20250415,DIVALL INSURED INCOME PROPERTIES 2 LIMITED PARTNERSHIP,4-NON,NAF,CLOSED,CLOSED_OPERATING_NON_SHELL,OPERATING,operating,CLOSED_UNIQUE,0.0,2024-06-30,0789a0980efe579bc6c0899553701573a39f836d78f0517c4540be3c9ed50044,CLOSED_UNIQUE,1164512.0,CLOSED_UNIQUE,1611173.0,2025-03-31,NAF,CLOSED_PF_LT60,2025-03-31,True,12B25,
826675,0000826675-25-000021,20250228,DYNEX CAPITAL INC,2-ACC,AF,CLOSED,CLOSED_OPERATING_NON_SHELL,OPERATING,operating,CLOSED_UNIQUE,884655579.0,2024-06-30,e6392b1bf7135fcedbc02a9e4457bc06e584574e5b000dd11cd32bd10314acd0,NO_WHITELIST_TOPLINE,,NO_WHITELIST_TOPLINE,,,LAF,CLOSED_PF_GE700,2025-03-03,True,DIRECT,
827187,0000827187-25-000018,20250307,SLEEP NUMBER CORP,2-ACC,AF,CLOSED,CLOSED_OPERATING_NON_SHELL,OPERATING,operating,CLOSED_UNIQUE,206568000.0,2024-06-29,f304724e0a4730304a4ad28593cdd52cd1d462003757a734d5a7837aee4ce098,CLOSED_UNIQUE,1887482000.0,CLOSED_UNIQUE,2114297000.0,,AF,CLOSED_PRIOR_ACC_REV_GE80_REMAIN_AF,2025-03-17,True,DIRECT,
82811,0000082811-25-000046,20250221,REGAL REXNORD CORP,1-LAF,LAF,CLOSED,CLOSED_OPERATING_NON_SHELL,OPERATING,operating,CLOSED_UNIQUE,8900000000.0,2024-06-30,b0429fa3a9e5cd7bacf443cdc6feaac442dd7af124bac0a983c991ae7bca8ee0,CLOSED_UNIQUE,6250700000.0,CLOSED_UNIQUE,5217900000.0,,LAF,CLOSED_PF_GE700,2025-03-03,True,DIRECT,
828146,0001410578-25-000511,20250327,INTERLINK ELECTRONICS INC,4-NON,NAF,CLOSED,CLOSED_OPERATING_NON_SHELL,OPERATING,operating,CLOSED_UNIQUE,6724258.0,2024-06-28,ee849f1300c7e9668c513ed40f2c658268a0b6dd06417a636ae7541f81087fc5,NO_WHITELIST_TOPLINE,,NO_WHITELIST_TOPLINE,,,NAF,CLOSED_PF_LT60,2025-03-31,True,DIRECT,
828944,0001628280-25-008977,20250228,WSFS FINANCIAL CORP,1-LAF,LAF,CLOSED,CLOSED_OPERATING_NON_SHELL,OPERATING,operating,CLOSED_UNIQUE,2757450332.0,2024-06-30,12f57d8c5ed8a3867178fec9632ffdef0f4e675177b6c6c8446c6beac612885b,NO_WHITELIST_TOPLINE,,NO_WHITELIST_TOPLINE,,,LAF,CLOSED_PF_GE700,2025-03-03,True,DIRECT,
829323,0001654954-25-002032,20250227,"INUVO, INC.",4-NON,NAF,CLOSED,CLOSED_OPERATING_NON_SHELL,OPERATING,operating,CLOSED_UNIQUE,33700000.0,2024-06-28,8f6f2a4797de5b87e2d653168cb9500be004196f4cdf1f4dcb21b799f53a456d,CLOSED_UNIQUE,73911528.0,CLOSED_UNIQUE,75603745.0,,NAF,CLOSED_PF_LT60,2025-03-31,True,DIRECT,
830616,0001558370-25-000969,20250214,"SCI ENGINEERED MATERIALS, INC.",4-NON,NAF,CLOSED,CLOSED_OPERATING_NON_SHELL,OPERATING,operating,CLOSED_UNIQUE,19674630.0,2024-06-30,52f2797ab2f45e587d9bf4a6681d5958a9f195d4aa4eec28064e27d277aad7e1,CLOSED_UNIQUE,27984083.0,CLOSED_UNIQUE,23467030.0,,NAF,CLOSED_PF_LT60,2025-03-31,True,DIRECT,
831001,0000831001-25-000067,20250221,CITIGROUP INC,1-LAF,LAF,CLOSED,CLOSED_OPERATING_NON_SHELL,OPERATING,operating,CLOSED_UNIQUE,120800000000.0,2024-06-30,04cf85ce07c01461aa56ba39d7f9d71d64ae7345c39d42858bb06a42e9df6182,NO_WHITELIST_TOPLINE,,NO_WHITELIST_TOPLINE,,,LAF,CLOSED_PF_GE700,2025-03-03,True,DIRECT,
831259,0000831259-25-000006,20250214,FREEPORT-MCMORAN INC,1-LAF,LAF,CLOSED,CLOSED_OPERATING_NON_SHELL,OPERATING,operating,CLOSED_UNIQUE,69500000000.0,2024-06-30,c242472f7a5766af225a62d0124e8b5681cac98b2dd5a72170a23a4559e76fb7,CLOSED_UNIQUE,22855000000.0,CLOSED_UNIQUE,22780000000.0,,LAF,CLOSED_PF_GE700,2025-03-03,True,DIRECT,
832101,0000832101-25-000010,20250220,IDEX CORP /DE/,1-LAF,LAF,CLOSED,CLOSED_OPERATING_NON_SHELL,OPERATING,operating,CLOSED_UNIQUE,15227465474.0,2024-06-28,dda847b3224bd2211fd62e17b5a4bada51fc0c3066559ab75fca63b48fa4a256,CLOSED_UNIQUE,3273900000.0,CLOSED_UNIQUE,3181900000.0,,LAF,CLOSED_PF_GE700,2025-03-03,True,DIRECT,
832428,0000832428-25-000012,20250312,E.W. SCRIPPS CO,1-LAF,LAF,CLOSED,CLOSED_OPERATING_NON_SHELL,OPERATING,operating,CLOSED_UNIQUE,184000000.0,2024-06-30,6db0eb7de85d3d293756fe2c14464a8362335da7984ff97ea31c14b9294fab53,CLOSED_UNIQUE,2292912000.0,CLOSED_UNIQUE,2453215000.0,,AF,CLOSED_PRIOR_LAF_REV_GE100_EXIT_AF,2025-03-17,True,DIRECT,
83246,0000083246-25-000007,20250219,HSBC USA INC /MD/,4-NON,NAF,CLOSED,CLOSED_OPERATING_NON_SHELL,OPERATING,operating,CLOSED_UNIQUE,0.0,2024-06-30,0ed99f04a009a398a8d2642b56c6fb287dd6da06ef9a22dac84add978a79a11e,NO_WHITELIST_TOPLINE,,NO_WHITELIST_TOPLINE,,,NAF,CLOSED_PF_LT60,2025-03-31,True,DIRECT,
832480,0000832480-25-000006,20250326,UTG INC,4-NON,NAF,CLOSED,CLOSED_OPERATING_NON_SHELL,OPERATING,operating,CLOSED_UNIQUE,26130885.0,2024-06-30,e94d0170a673cb75cfe744bd80e992b2578448e4f6f5fbb3304bacbcbff635b8,CLOSED_UNIQUE,25420387.0,CLOSED_UNIQUE,69708835.0,,NAF,CLOSED_PF_LT60,2025-03-31,True,DIRECT,
832489,0001437749-25-009614,20250327,"GEOVAX LABS, INC.",4-NON,NAF,CLOSED,CLOSED_OPERATING_NON_SHELL,OPERATING,operating,CLOSED_UNIQUE,13192305.0,2024-06-30,99daaf59f219d2f937dd310e634db3900b67ff8c7e44059afa9b144c8b0b2da8,NO_WHITELIST_TOPLINE,,NO_WHITELIST_TOPLINE,,,NAF,CLOSED_PF_LT60,2025-03-31,True,DIRECT,
833079,0000833079-25-000021,20250220,MERITAGE HOMES CORP,1-LAF,LAF,CLOSED,CLOSED_OPERATING_NON_SHELL,OPERATING,operating,CLOSED_UNIQUE,5700000000.0,2024-06-30,fc7a9252976fe1d71e3d13f18e48df57dbe18c3fe8a865eb6a99bfdac344e4aa,NO_WHITELIST_TOPLINE,,NO_WHITELIST_TOPLINE,,,LAF,CLOSED_PF_GE700,2025-03-03,True,DIRECT,
83350,0000083350-25-000004,20250331,RESERVE PETROLEUM CO,4-NON,NAF,CLOSED,CLOSED_OPERATING_NON_SHELL,OPERATING,operating,CLOSED_UNIQUE,17974973.0,2024-06-30,fbddce71811857aa644544bd9f3154ca14468520a5401b9ac39b2db9eb9ca017,CLOSED_UNIQUE,13376102.0,CONFLICTING_WHITELIST_VALUES,,,NAF,CLOSED_PF_LT60,2025-03-31,True,DIRECT,
833640,0000833640-25-000043,20250207,POWER INTEGRATIONS INC,1-LAF,LAF,CLOSED,CLOSED_OPERATING_NON_SHELL,OPERATING,operating,CLOSED_UNIQUE,3000000000.0,2024-06-28,18634b24df33990990cf39b51ee6a37d58f54a813664e011b16f714ad2377119,CLOSED_UNIQUE,444538000.0,CLOSED_UNIQUE,651138000.0,,LAF,CLOSED_PF_GE700,2025-03-03,True,DIRECT,
835011,0001628280-25-007962,20250226,MGP INGREDIENTS INC,1-LAF,LAF,CLOSED,CLOSED_OPERATING_NON_SHELL,OPERATING,operating,CLOSED_UNIQUE,1217000000.0,2024-06-30,308dc4a0ee2dc8a80b2ad08b204193af9148213c42737c74b08a344044eae069,CLOSED_UNIQUE,836523000.0,NO_WHITELIST_TOPLINE,,,LAF,CLOSED_PF_GE700,2025-03-03,True,DIRECT,
835324,0001437749-25-005393,20250227,"STOCK YARDS BANCORP, INC.",1-LAF,LAF,CLOSED,CLOSED_OPERATING_NON_SHELL,OPERATING,operating,CLOSED_UNIQUE,1394781348.0,2024-06-30,bfa86fa128a3d09ef46df292d2039965aea75675342ed95064d3f9471894d16f,NO_WHITELIST_TOPLINE,,NO_WHITELIST_TOPLINE,,,LAF,CLOSED_PF_GE700,2025-03-03,True,DIRECT,
835662,0001641172-25-008967,20250507,"AIXIN LIFE INTERNATIONAL, INC.",4-NON,NAF,CLOSED,CLOSED_OPERATING_NON_SHELL,OPERATING,operating,CLOSED_UNIQUE,5654766.0,2024-06-30,00d6226efcc8473e3f0d87bc76dc93c1e7ca17439b73c33bc3f1e51626eb549c,NO_WHITELIST_TOPLINE,,NO_WHITELIST_TOPLINE,,2025-04-01,NAF,CLOSED_PF_LT60,2025-03-31,False,LATE,
836564,0001683168-25-002584,20250415,MOSAIC IMMUNOENGINEERING INC.,4-NON,NAF,CLOSED,CLOSED_OPERATING_NON_SHELL,OPERATING,operating,CLOSED_UNIQUE,466000.0,2024-06-28,d947a8b99981f7619c349083640ca84497404a75dafe5f31c0a8ab4db9f77d04,NO_WHITELIST_TOPLINE,,NO_WHITELIST_TOPLINE,,2025-03-28,NAF,CLOSED_PF_LT60,2025-03-31,True,12B25,
837465,0000837465-25-000024,20250303,TOPGOLF CALLAWAY BRANDS CORP.,1-LAF,LAF,CLOSED,CLOSED_OPERATING_NON_SHELL,OPERATING,operating,CLOSED_UNIQUE,2100000000.0,2024-06-28,dd6783127bb3b9f97343f19795762f56d68d271f1310b76db3e088564b7d982b,CLOSED_UNIQUE,4284800000.0,CLOSED_UNIQUE,3995700000.0,,LAF,CLOSED_PF_GE700,2025-03-03,True,DIRECT,
838875,0001199835-25-000089,20250325,WILLAMETTE VALLEY VINEYARDS INC,4-NON,NAF,CLOSED,CLOSED_OPERATING_NON_SHELL,OPERATING,operating,CLOSED_UNIQUE,17913282.0,2024-06-28,ed5e6e52b44d4980850a63d4f6efc1d538f587dca95222f8848f92999d62d4ed,NO_WHITELIST_TOPLINE,,NO_WHITELIST_TOPLINE,,,NAF,CLOSED_PF_LT60,2025-03-31,True,DIRECT,
839087,0001213900-25-026337,20250331,VASO CORP,4-NON,NAF,CLOSED,CLOSED_OPERATING_NON_SHELL,OPERATING,operating,CLOSED_UNIQUE,29200000.0,2024-06-30,5515bdd3a1b7c1b6ce6ce5b9c3c42d8306a02f460607d6606a0ffb2e13164a69,CLOSED_UNIQUE,81024000.0,CLOSED_UNIQUE,80017000.0,,NAF,CLOSED_PF_LT60,2025-03-31,True,DIRECT,
839470,0001558370-25-003382,20250320,"WESTWATER RESOURCES, INC.",4-NON,NAF,CLOSED,CLOSED_OPERATING_NON_SHELL,OPERATING,operating,CLOSED_UNIQUE,27272563.0,2024-06-28,d484a0b57db38c41d26bf31773d0da2d9c5cfcafe3883638fa11e3a1f82c2d3d,NO_WHITELIST_TOPLINE,,NO_WHITELIST_TOPLINE,,,NAF,CLOSED_PF_LT60,2025-03-31,True,DIRECT,
840489,0000840489-25-000032,20250203,"FIRSTCASH HOLDINGS, INC.",1-LAF,LAF,CLOSED,CLOSED_OPERATING_NON_SHELL,OPERATING,operating,CLOSED_UNIQUE,4067000000.0,2024-06-28,29d41f2ba7d87d52537b63fbe84eb8fbbd204524895e69d499628757792cf9ab,CONFLICTING_WHITELIST_VALUES,,CONFLICTING_WHITELIST_VALUES,,,LAF,CLOSED_PF_GE700,2025-03-03,True,DIRECT,
842162,0000842162-25-000010,20250214,LEAR CORP,1-LAF,LAF,CLOSED,CLOSED_OPERATING_NON_SHELL,OPERATING,operating,CLOSED_UNIQUE,6431462617.0,2024-06-29,02457ab8c1e87dbf5d83b74f5b2c8efffef7aaf8d148d6deeec51bcca1e97d0a,CLOSED_UNIQUE,23466900000.0,CLOSED_UNIQUE,20891500000.0,,LAF,CLOSED_PF_GE700,2025-03-03,True,DIRECT,
84246,0001558370-25-001301,20250221,RLI CORP,1-LAF,LAF,CLOSED,CLOSED_OPERATING_NON_SHELL,OPERATING,operating,CLOSED_UNIQUE,6006400931.0,2024-06-30,dabf42121acff0103cbe012d3fd0e82c56ec8d42fe6dda1533a98710a7424cd0,NO_WHITELIST_TOPLINE,,NO_WHITELIST_TOPLINE,,,LAF,CLOSED_PF_GE700,2025-03-03,True,DIRECT,
842633,0000842633-25-000015,20250227,TRIMAS CORP,1-LAF,LAF,CLOSED,CLOSED_OPERATING_NON_SHELL,OPERATING,operating,CLOSED_UNIQUE,1000000000.0,2024-06-28,e020ff4bfd9a09dccd457426123afa37bc6070fc27f2dffe5b4b5ed87ab87bef,CLOSED_UNIQUE,893550000.0,CLOSED_UNIQUE,883830000.0,,LAF,CLOSED_PF_GE700,2025-03-03,True,DIRECT,
843006,0000843006-25-000012,20250325,ACCESS NEWSWIRE INC.,4-NON,NAF,CLOSED,CLOSED_OPERATING_NON_SHELL,OPERATING,operating,CLOSED_UNIQUE,30155566.0,2024-06-30,0976cdd77906c0326a1725bfedbb532c5582ce8fbaacad4aa41a7fc83c7b9111,CLOSED_UNIQUE,33378000.0,CLOSED_UNIQUE,23514000.0,,NAF,CLOSED_PF_LT60,2025-03-31,True,DIRECT,
844856,0001641172-25-004607,20250414,HEALTHIER CHOICES MANAGEMENT CORP.,4-NON,NAF,CLOSED,CLOSED_OPERATING_NON_SHELL,OPERATING,operating,CLOSED_UNIQUE,47900000.0,2024-06-30,b2beb4a6ca7f1c99da46d18fe079e0cf9843cd2ff7b30377917f7959cd882e58,NO_WHITELIST_TOPLINE,,NO_WHITELIST_TOPLINE,,2025-04-01,NAF,CLOSED_PF_LT60,2025-03-31,True,12B25,
844887,0001641172-25-001596,20250331,DIAMONDHEAD CASINO CORP,4-NON,NAF,CLOSED,CLOSED_OPERATING_NON_SHELL,OPERATING,operating,CLOSED_UNIQUE,6338333.0,2024-06-30,5951a24ee1be6515b6b5b52ed24b68032e0d607924a638f81c2b0ea2586e3fe4,NO_WHITELIST_TOPLINE,,NO_WHITELIST_TOPLINE,,,NAF,CLOSED_PF_LT60,2025-03-31,True,DIRECT,
844965,0000844965-25-000013,20250225,TETRA TECHNOLOGIES INC,2-ACC,AF,CLOSED,CLOSED_OPERATING_NON_SHELL,OPERATING,operating,CLOSED_UNIQUE,431759563.0,2024-06-30,ff73c537481fc9082e5ceb6e0d36bfc756d89f1bfe3ed7f38aba085de95b2106,CLOSED_UNIQUE,626262000.0,CLOSED_UNIQUE,553213000.0,,AF,CLOSED_PRIOR_ACC_REV_GE80_REMAIN_AF,2025-03-17,True,DIRECT,
845698,0001558370-25-004125,20250331,GRANT PARK FUTURES FUND LIMITED PARTNERSHIP,4-NON,NAF,CLOSED,CLOSED_OPERATING_NON_SHELL,OPERATING,operating,CLOSED_UNIQUE,0.0,2024-06-30,c41600ef8df6c15fad8a12a97ba8b37535d17648633e92be1ec25d79235cc65a,NO_WHITELIST_TOPLINE,,NO_WHITELIST_TOPLINE,,,NAF,CLOSED_PF_LT60,2025-03-31,True,DIRECT,
845819,0001515971-25-000041,20250415,"KONATEL, INC.",4-NON,NAF,CLOSED,CLOSED_OPERATING_NON_SHELL,OPERATING,operating,CLOSED_UNIQUE,10634006.0,2024-06-28,daedc520eb6295fb5d1695e8ec91e9b7236c52037f7b4da21aab394245816024,CLOSED_UNIQUE,18223745.0,CLOSED_UNIQUE,20023340.0,2025-03-31,NAF,CLOSED_PF_LT60,2025-03-31,True,12B25,
845877,0000845877-25-000033,20250221,FEDERAL AGRICULTURAL MORTGAGE CORP,1-LAF,LAF,CLOSED,CLOSED_OPERATING_NON_SHELL,OPERATING,operating,CLOSED_UNIQUE,1754045827.0,2024-06-30,eba64e4fe14758eae8fa3f48f26bbe2bda2b9577ab5c4ae07b2f4143f8422086,NO_WHITELIST_TOPLINE,,NO_WHITELIST_TOPLINE,,,LAF,CLOSED_PF_GE700,2025-03-03,True,DIRECT,
846475,0001558370-25-002717,20250311,ZYNEX INC,2-ACC,AF,CLOSED,CLOSED_OPERATING_NON_SHELL,OPERATING,operating,CLOSED_UNIQUE,143400000.0,2024-06-30,46e5b0feb9e76cf4f18855ca8d40ef5de47a1813c7ec71f740c0191a6b672f32,CLOSED_UNIQUE,184322000.0,CLOSED_UNIQUE,158167000.0,,AF,CLOSED_PRIOR_ACC_REV_GE80_REMAIN_AF,2025-03-17,True,DIRECT,
846617,0000846617-25-000013,20250220,"DIME COMMUNITY BANCSHARES, INC. /NY/",1-LAF,LAF,CLOSED,CLOSED_OPERATING_NON_SHELL,OPERATING,operating,CLOSED_UNIQUE,723200000.0,2024-06-30,9b7a645499f567fed294de59ba2a8291deb9f07637ab3b266ff4f4abe4f5266b,NO_WHITELIST_TOPLINE,,NO_WHITELIST_TOPLINE,,,LAF,CLOSED_PF_GE700,2025-03-03,True,DIRECT,
846913,0001437749-25-006116,20250304,"FUEL TECH, INC.",4-NON,NAF,CLOSED,CLOSED_OPERATING_NON_SHELL,OPERATING,operating,CLOSED_UNIQUE,27929553.0,2024-06-30,04c87576eef3355a9b174416e5d8569187ea8dca1cbda2bf9591ebddd4d9a4ea,CLOSED_UNIQUE,27081000.0,CLOSED_UNIQUE,26941000.0,,NAF,CLOSED_PF_LT60,2025-03-31,True,DIRECT,
84748,0000084748-25-000026,20250226,ROGERS CORP,1-LAF,LAF,CLOSED,CLOSED_OPERATING_NON_SHELL,OPERATING,operating,CLOSED_UNIQUE,2234781057.0,2024-06-30,51d805c19109c042f9f115e37b63352e598ab95d79aa48f5997ae6f4c99b6dd5,CLOSED_UNIQUE,908400000.0,CLOSED_UNIQUE,971171000.0,,LAF,CLOSED_PF_GE700,2025-03-03,True,DIRECT,
847942,0001493152-25-005023,20250205,STRATEGIC ACQUISITIONS INC /NV/,4-NON,NAF,CLOSED,CLOSED_OPERATING_NON_SHELL,OPERATING,operating,CLOSED_UNIQUE,312072.0,2024-06-30,b11b86e4f78001fb17f7dc63a452fba4b98cc5d887c3613f5d0450b13d189069,CLOSED_UNIQUE,58938.0,NO_WHITELIST_TOPLINE,,,NAF,CLOSED_PF_LT60,2025-03-31,True,DIRECT,
84839,0000084839-25-000024,20250213,ROLLINS INC,1-LAF,LAF,CLOSED,CLOSED_OPERATING_NON_SHELL,OPERATING,operating,CLOSED_UNIQUE,13610264265.0,2024-06-30,55d36bcbc471c7f3cb6c7e518e5cf8e0d6bc371055494a88acef48ddca9ec184,NO_WHITELIST_TOPLINE,,NO_WHITELIST_TOPLINE,,,LAF,CLOSED_PF_GE700,2025-03-03,True,DIRECT,
849395,0001628280-25-008179,20250226,CRH PUBLIC LTD CO,1-LAF,LAF,CLOSED,CLOSED_OPERATING_NON_SHELL,OPERATING,operating,CLOSED_UNIQUE,51283330098.0,2024-06-28,9f91f31ba8836f6a448d87376a64e656f295afbd208992a1e75ed613c9271aea,CLOSED_UNIQUE,34949000000.0,NO_FY2022_10K,,,LAF,CLOSED_PF_GE700,2025-03-03,True,DIRECT,
849869,0000849869-25-000029,20250227,SILGAN HOLDINGS INC,1-LAF,LAF,CLOSED,CLOSED_OPERATING_NON_SHELL,OPERATING,operating,CLOSED_UNIQUE,3500000000.0,2024-06-30,d0059e1a53dac3ee459f05a83f1c763c43678d6990983523c29c7b7d32d2ce9e,CLOSED_UNIQUE,5988205000.0,CLOSED_UNIQUE,6411499000.0,,LAF,CLOSED_PF_GE700,2025-03-03,True,DIRECT,
850141,0001628280-25-008838,20250228,HORACE MANN EDUCATORS CORP /DE/,1-LAF,LAF,CLOSED,CLOSED_OPERATING_NON_SHELL,OPERATING,operating,CLOSED_UNIQUE,1278400000.0,2024-06-30,6eccfad28d46d30869559fd634a76b72771d6c657a52ed30d77e71c694b5c0a2,CLOSED_UNIQUE,1491900000.0,CLOSED_UNIQUE,1382900000.0,,LAF,CLOSED_PF_GE700,2025-03-03,True,DIRECT,
8504,0001641172-25-001563,20250331,AGEAGLE AERIAL SYSTEMS INC.,4-NON,NAF,CLOSED,CLOSED_OPERATING_NON_SHELL,OPERATING,operating,CLOSED_UNIQUE,6919353.0,2024-06-30,4a650189e40eb0b5563686d901c5befe29d4e6ad9f6ef88d076a7cebd1e0c48b,CLOSED_UNIQUE,13741398.0,CLOSED_UNIQUE,19094425.0,,NAF,CLOSED_PF_LT60,2025-03-31,True,DIRECT,
850429,0000850429-25-000004,20250312,TREDEGAR CORP,2-ACC,AF,CLOSED,CLOSED_OPERATING_NON_SHELL,OPERATING,operating,CLOSED_UNIQUE,130091356.0,2024-06-30,e635579955e7bbea9eaca690a24db3c67de829e13b0db0d29e625fe343cbe273,CLOSED_UNIQUE,704825000.0,CLOSED_UNIQUE,938564000.0,,AF,CLOSED_PRIOR_ACC_REV_GE80_REMAIN_AF,2025-03-17,True,DIRECT,
851205,0000851205-25-000012,20250213,COGNEX CORP,1-LAF,LAF,CLOSED,CLOSED_OPERATING_NON_SHELL,OPERATING,operating,CLOSED_UNIQUE,8001170186.0,2024-06-28,b6026115f72ab07d1bb1a564d41b24473036ab903444169729db3c5d92c7c808,CLOSED_UNIQUE,837547000.0,CLOSED_UNIQUE,1006090000.0,,LAF,CLOSED_PF_GE700,2025-03-03,True,DIRECT,
851310,0000851310-25-000021,20250214,HARMONIC INC,1-LAF,LAF,CLOSED,CLOSED_OPERATING_NON_SHELL,OPERATING,operating,CLOSED_UNIQUE,743900000.0,2024-06-28,c8f389234cea96b3b3139c8b599f8b6b9076c6366b8f05b654c34496fbd094ee,CLOSED_UNIQUE,607907000.0,CLOSED_UNIQUE,624957000.0,,LAF,CLOSED_PF_GE700,2025-03-03,True,DIRECT,
851520,0000950170-25-030001,20250228,EXPONENT INC,1-LAF,LAF,CLOSED,CLOSED_OPERATING_NON_SHELL,OPERATING,operating,CLOSED_UNIQUE,3700000000.0,2024-06-28,bd1d114388553d9a2b0ac69e11d8d1228363dea4c4f283563898f132dcdc87df,CLOSED_UNIQUE,536766000.0,CLOSED_UNIQUE,513293000.0,,LAF,CLOSED_PF_GE700,2025-03-03,True,DIRECT,
851968,0000851968-25-000023,20250220,MOHAWK INDUSTRIES INC,1-LAF,LAF,CLOSED,CLOSED_OPERATING_NON_SHELL,OPERATING,operating,CLOSED_UNIQUE,5929955045.0,2024-06-29,f28cf24978ffdf407164924096930903a9fec029024c1f40ec84bab283cc687d,CLOSED_UNIQUE,11135115000.0,CLOSED_UNIQUE,11737065000.0,,LAF,CLOSED_PF_GE700,2025-03-03,True,DIRECT,
852772,0000852772-25-000070,20250224,DENNY'S CORP,2-ACC,AF,CLOSED,CLOSED_OPERATING_NON_SHELL,OPERATING,operating,CLOSED_UNIQUE,290174732.0,2024-06-26,d635b238bdeedb008d9d35af5175cff6a9ee4c0029189ea6ee8c6aae7478434a,CLOSED_UNIQUE,463922000.0,CLOSED_UNIQUE,456429000.0,,AF,CLOSED_PRIOR_ACC_REV_GE80_REMAIN_AF,2025-03-17,True,DIRECT,
853816,0001193125-25-033543,20250224,LANDSTAR SYSTEM INC,1-LAF,LAF,CLOSED,CLOSED_OPERATING_NON_SHELL,OPERATING,operating,CLOSED_UNIQUE,6488715000.0,2024-06-29,40c30d0d8d7ea9b98e34fdc75f27171049142640d3e35bb3a8631cefd4df834d,CLOSED_UNIQUE,5303322000.0,CLOSED_UNIQUE,7436562000.0,,LAF,CLOSED_PF_GE700,2025-03-03,True,DIRECT,
85535,0000085535-25-000012,20250213,ROYAL GOLD INC,1-LAF,LAF,CLOSED,CLOSED_OPERATING_NON_SHELL,OPERATING,operating,CLOSED_UNIQUE,8200000000.0,2024-06-28,7fde24290f18486b1c8a666bc2a2382b867d6d2d1e2d272ac8300bff6932d389,NO_WHITELIST_TOPLINE,,NO_WHITELIST_TOPLINE,,,LAF,CLOSED_PF_GE700,2025-03-03,True,DIRECT,
855658,0001437749-25-003987,20250214,LATTICE SEMICONDUCTOR CORP,1-LAF,LAF,CLOSED,CLOSED_OPERATING_NON_SHELL,OPERATING,operating,CLOSED_UNIQUE,5313276456.0,2024-06-28,19a298dc230d44acd3a7b69ff41389c5294831b1ae98b0b732b970b5267c5b86,CLOSED_UNIQUE,737154000.0,CLOSED_UNIQUE,660356000.0,,LAF,CLOSED_PF_GE700,2025-03-03,True,DIRECT,
855683,0001437749-25-012050,20250415,MILESTONE SCIENTIFIC INC.,4-NON,NAF,CLOSED,CLOSED_OPERATING_NON_SHELL,OPERATING,operating,CLOSED_UNIQUE,58221401.0,2024-06-30,79df8d5b3c8cdb88a34d166fb717b0b1c331d21641d2d38852f32e15cda96064,NO_WHITELIST_TOPLINE,,NO_WHITELIST_TOPLINE,,2025-03-28,NAF,CLOSED_PF_LT60,2025-03-31,True,12B25,
856984,0001641172-25-001230,20250328,"QHSLAB, INC.",4-NON,NAF,CLOSED,CLOSED_OPERATING_NON_SHELL,OPERATING,operating,CLOSED_UNIQUE,1742479.0,2024-06-30,bbe60776bf63ed6782f025026f51979c6ca5eae7f959a0159263b6b316cb2af2,CLOSED_UNIQUE,1408995.0,CLOSED_UNIQUE,1243186.0,,NAF,CLOSED_PF_LT60,2025-03-31,True,DIRECT,
857855,0000857855-25-000057,20250227,UNITED COMMUNITY BANKS INC,1-LAF,LAF,CLOSED,CLOSED_OPERATING_NON_SHELL,OPERATING,operating,CLOSED_UNIQUE,3020599325.0,2024-06-28,321641ff3c80bd60ea30646df3e1f011dc9eddb5cfec160efe8b53f178a737f0,CLOSED_UNIQUE,803818000.0,CLOSED_UNIQUE,826151000.0,,LAF,CLOSED_PF_GE700,2025-03-03,True,DIRECT,
858470,0000858470-25-000075,20250225,COTERRA ENERGY INC.,1-LAF,LAF,CLOSED,CLOSED_OPERATING_NON_SHELL,OPERATING,operating,CLOSED_UNIQUE,19500000000.0,2024-06-30,278ed1ee575f44adaaf0e3b4a5afc9572e81b8d3c89092c92451ff87c4091915,CONFLICTING_WHITELIST_VALUES,,CONFLICTING_WHITELIST_VALUES,,,LAF,CLOSED_PF_GE700,2025-03-03,True,DIRECT,
85961,0000085961-25-000032,20250212,RYDER SYSTEM INC,1-LAF,LAF,CLOSED,CLOSED_OPERATING_NON_SHELL,OPERATING,operating,CLOSED_UNIQUE,5200000000.0,2024-06-30,6081470b39e406538ebec35b02087ee6049f84fb61fe2ccc59668743fc2fb569,CLOSED_UNIQUE,11783000000.0,CLOSED_UNIQUE,12011000000.0,,LAF,CLOSED_PF_GE700,2025-03-03,True,DIRECT,
860413,0000860413-25-000022,20250228,FIRST INTERSTATE BANCSYSTEM INC,1-LAF,LAF,CLOSED,CLOSED_OPERATING_NON_SHELL,OPERATING,operating,CLOSED_UNIQUE,2400000000.0,2024-06-30,f01c3f616ab688c2ea60c2b72c58b3f03bee7490d1a20264619ca804e0e67e7a,NO_WHITELIST_TOPLINE,,NO_WHITELIST_TOPLINE,,,LAF,CLOSED_PF_GE700,2025-03-03,True,DIRECT,
860546,0000860546-25-000008,20250221,COPT DEFENSE PROPERTIES,1-LAF,LAF,CLOSED,CLOSED_OPERATING_NON_SHELL,OPERATING,operating,CLOSED_UNIQUE,2400000000.0,2024-06-30,4aceb13794d8f696b3bad3d1b7701e73ca664eb3bb478cc5c3da8c9916ed1596,CLOSED_UNIQUE,684982000.0,CLOSED_UNIQUE,739030000.0,,LAF,CLOSED_PF_GE700,2025-03-03,True,DIRECT,
860730,0000950170-25-020134,20250214,"HCA HEALTHCARE, INC.",1-LAF,LAF,CLOSED,CLOSED_OPERATING_NON_SHELL,OPERATING,operating,CLOSED_UNIQUE,60369000000.0,2024-06-30,4adf01596bcb74917ba0b12ad86dc8969f3e2396488f7bdf5ac0034d4e02e89d,CLOSED_UNIQUE,64968000000.0,CLOSED_UNIQUE,60233000000.0,,LAF,CLOSED_PF_GE700,2025-03-03,True,DIRECT,
860731,0000860731-25-000007,20250219,TYLER TECHNOLOGIES INC,1-LAF,LAF,CLOSED,CLOSED_OPERATING_NON_SHELL,OPERATING,operating,CLOSED_UNIQUE,21332091018.0,2024-06-30,fda4b80b11b9440adc7db5834b7b9cce7342f2f6837eb139788d3be09573620e,CLOSED_UNIQUE,1951751000.0,CLOSED_UNIQUE,1850204000.0,,LAF,CLOSED_PF_GE700,2025-03-03,True,DIRECT,
860748,0000860748-25-000053,20250207,KEMPER CORP,1-LAF,LAF,CLOSED,CLOSED_OPERATING_NON_SHELL,OPERATING,operating,CLOSED_UNIQUE,3800000000.0,2024-06-30,698358d4ab33051fc746b62f1040174c597d8226e74c52c15def0ac347cbd7a5,CLOSED_UNIQUE,4944200000.0,CLOSED_UNIQUE,5576800000.0,,LAF,CLOSED_PF_GE700,2025-03-03,True,DIRECT,
861459,0000861459-25-000007,20250214,GRANITE CONSTRUCTION INC,1-LAF,LAF,CLOSED,CLOSED_OPERATING_NON_SHELL,OPERATING,operating,CLOSED_UNIQUE,2700000000.0,2024-06-30,66131d1815ae270a88a214896faee0e434f1e9992a947c050424dc741e521511,CLOSED_UNIQUE,3509138000.0,CLOSED_UNIQUE,3301256000.0,,LAF,CLOSED_PF_GE700,2025-03-03,True,DIRECT,
861842,0001437749-25-005749,20250228,CATHAY GENERAL BANCORP,1-LAF,LAF,CLOSED,CLOSED_OPERATING_NON_SHELL,OPERATING,operating,CLOSED_UNIQUE,2577524549.0,2024-06-30,8ddb5e17c1f332f0aa25f1866e13625bbcafc8622be4cb0d721189fc96bbf7fe,NO_WHITELIST_TOPLINE,,NO_WHITELIST_TOPLINE,,,LAF,CLOSED_PF_GE700,2025-03-03,True,DIRECT,
861884,0001558370-25-001806,20250227,"RELIANCE, INC.",1-LAF,LAF,CLOSED,CLOSED_OPERATING_NON_SHELL,OPERATING,operating,CLOSED_UNIQUE,15790000000.0,2024-06-30,bd2e7fa7dab9ed2e3112e806ab9d3fc8ee19e583579bfad168c311dc801dc301,CLOSED_UNIQUE,14805900000.0,CLOSED_UNIQUE,17025000000.0,,LAF,CLOSED_PF_GE700,2025-03-03,True,DIRECT,
862651,0001641172-25-001193,20250328,"INVESTVIEW, INC.",4-NON,NAF,CLOSED,CLOSED_OPERATING_NON_SHELL,OPERATING,operating,CLOSED_UNIQUE,26798138.0,2024-06-28,3ee7e25b33aefed29c68402996abb7a6c466539f02147361b2cda32ae5295a32,NO_WHITELIST_TOPLINE,,NO_WHITELIST_TOPLINE,,,NAF,CLOSED_PF_LT60,2025-03-31,True,DIRECT,
86312,0000086312-25-000012,20250213,"TRAVELERS COMPANIES, INC.",1-LAF,LAF,CLOSED,CLOSED_OPERATING_NON_SHELL,OPERATING,operating,CLOSED_UNIQUE,46170862519.0,2024-06-30,54f9ad3ca60d804fc4b150124b1beaac2aeef86ca9db6f5df579d5f415704355,CLOSED_UNIQUE,41364000000.0,CLOSED_UNIQUE,36884000000.0,,LAF,CLOSED_PF_GE700,2025-03-03,True,DIRECT,
864240,0001437749-25-009524,20250327,SYPRIS SOLUTIONS INC,4-NON,NAF,CLOSED,CLOSED_OPERATING_NON_SHELL,OPERATING,operating,CLOSED_UNIQUE,23703479.0,2024-06-30,b33a1b726bf2773e8d447e13dfc4906fb5d42a1df14edd625b97f5ca4e5f36fa,CLOSED_UNIQUE,136223000.0,CLOSED_UNIQUE,110121000.0,,NAF,CLOSED_PF_LT60,2025-03-31,True,DIRECT,
864749,0000864749-25-000090,20250425,TRIMBLE INC.,1-LAF,LAF,CLOSED,CLOSED_OPERATING_NON_SHELL,OPERATING,operating,CLOSED_UNIQUE,13700000000.0,2024-06-28,1abe07c44b5b746a583120086e67aebddd319416b5c37395bfa9e32c30643ae2,CLOSED_UNIQUE,3798700000.0,CLOSED_UNIQUE,3676300000.0,,LAF,CLOSED_PF_GE700,2025-03-03,False,LATE,
865752,0001410578-25-000248,20250228,MONSTER BEVERAGE CORP,1-LAF,LAF,CLOSED,CLOSED_OPERATING_NON_SHELL,OPERATING,operating,CLOSED_UNIQUE,45414209071.0,2024-06-30,41659b8392a3bf118da5be750be3956279c43df2c0f974270814a0d3dac7dc69,CLOSED_UNIQUE,7140027000.0,CLOSED_UNIQUE,6311050000.0,,LAF,CLOSED_PF_GE700,2025-03-03,True,DIRECT,
866829,0001558370-25-001617,20250227,HELIX ENERGY SOLUTIONS GROUP INC,1-LAF,LAF,CLOSED,CLOSED_OPERATING_NON_SHELL,OPERATING,operating,CLOSED_UNIQUE,1700000000.0,2024-06-30,139669d40a125192bc03abfc50904205867195818b208f886f4beac1b372b784,CLOSED_UNIQUE,1289728000.0,CLOSED_UNIQUE,873100000.0,,LAF,CLOSED_PF_GE700,2025-03-03,True,DIRECT,
867038,0001017386-25-000053,20250415,SPINDLETOP OIL & GAS CO,4-NON,NAF,CLOSED,CLOSED_OPERATING_NON_SHELL,OPERATING,operating,CLOSED_UNIQUE,2602140.0,2024-06-30,022acf42ecbeffeeae0dafccc76a2ff2de7edeb113cc7b38991f1595b1a2ea3b,CLOSED_UNIQUE,5105000.0,CLOSED_UNIQUE,8354000.0,2025-04-01,NAF,CLOSED_PF_LT60,2025-03-31,True,12B25,
868082,0001437749-25-009048,20250325,EVERFLOW EASTERN PARTNERS LP,4-NON,NAF,CLOSED,CLOSED_OPERATING_NON_SHELL,OPERATING,operating,CLOSED_UNIQUE,0.0,2024-06-30,315e7047450231f6de5841381f23658dc234fac21e36b1bde188b3387a483157,CLOSED_UNIQUE,5946143.0,CLOSED_UNIQUE,14318317.0,,NAF,CLOSED_PF_LT60,2025-03-31,True,DIRECT,
868671,0000868671-25-000046,20250225,"GLACIER BANCORP, INC.",1-LAF,LAF,CLOSED,CLOSED_OPERATING_NON_SHELL,OPERATING,operating,CLOSED_UNIQUE,4208735197.0,2024-06-30,e550fee7c64c9b69bbf479adbafb237eb4737623623c356787942d80aca184e1,NO_WHITELIST_TOPLINE,,NO_WHITELIST_TOPLINE,,,LAF,CLOSED_PF_GE700,2025-03-03,True,DIRECT,
868780,0000868780-25-000009,20250227,"DORMAN PRODUCTS, INC.",1-LAF,LAF,CLOSED,CLOSED_OPERATING_NON_SHELL,OPERATING,operating,CLOSED_UNIQUE,1965492670.0,2024-06-28,43bec6138792b7c44cab15720a2313d29c743b665c288012a9da84a42425904c,CLOSED_UNIQUE,1929788000.0,CLOSED_UNIQUE,1733749000.0,,LAF,CLOSED_PF_GE700,2025-03-03,True,DIRECT,
87050,0001013762-25-000774,20250321,NEONODE INC.,4-NON,NAF,CLOSED,CLOSED_OPERATING_NON_SHELL,OPERATING,operating,CLOSED_UNIQUE,24187310.0,2024-06-28,4dbd46b7dbc1b44ff6a22281e6744a8efa19fe48a01ce56ebc1cc4aba711a814,CLOSED_UNIQUE,4449000.0,CLOSED_UNIQUE,5670000.0,,NAF,CLOSED_PF_LT60,2025-03-31,True,DIRECT,
871763,0000950170-25-023186,20250219,MANPOWERGROUP INC.,1-LAF,LAF,CLOSED,CLOSED_OPERATING_NON_SHELL,OPERATING,operating,CLOSED_UNIQUE,3329979382.0,2024-06-30,fd4a391417250a2daad996dd85cd11498d85e7f7f2cb526756018afeea19d4d1,NO_WHITELIST_TOPLINE,,NO_WHITELIST_TOPLINE,,,LAF,CLOSED_PF_GE700,2025-03-03,True,DIRECT,
872589,0001804220-25-000011,20250205,"REGENERON PHARMACEUTICALS, INC.",1-LAF,LAF,CLOSED,CLOSED_OPERATING_NON_SHELL,OPERATING,operating,CLOSED_UNIQUE,113800000000.0,2024-06-28,5c602a6c7af5d5ac87b26f443d17e1f38e1fb984c37420e2f8ef0f5617bcda68,NO_WHITELIST_TOPLINE,,NO_WHITELIST_TOPLINE,,,LAF,CLOSED_PF_GE700,2025-03-03,True,DIRECT,
873303,0000950170-25-029973,20250228,"SAREPTA THERAPEUTICS, INC.",1-LAF,LAF,CLOSED,CLOSED_OPERATING_NON_SHELL,OPERATING,operating,CLOSED_UNIQUE,15054650800000.0,2024-06-30,e554d3a6cf95b9ddb1b036b57abedfde6678503c5205c01939462b1fc522b1ee,CLOSED_UNIQUE,1243336000.0,CLOSED_UNIQUE,933013000.0,,LAF,CLOSED_PF_GE700,2025-03-03,True,DIRECT,
87347,0000950170-25-007638,20250122,SCHLUMBERGER LIMITED/NV,1-LAF,LAF,CLOSED,CLOSED_OPERATING_NON_SHELL,OPERATING,operating,CLOSED_UNIQUE,66860000000.0,2024-06-30,25d7002ab476450bef0e22d502bed66981a68094df1bfd5583706b0f445bed0f,CLOSED_UNIQUE,33135000000.0,CLOSED_UNIQUE,28091000000.0,,LAF,CLOSED_PF_GE700,2025-03-03,True,DIRECT,
873860,0001628280-25-007126,20250221,ONITY GROUP INC.,2-ACC,AF,CLOSED,CLOSED_OPERATING_NON_SHELL,OPERATING,operating,CLOSED_UNIQUE,174631880.0,2024-06-30,832e6f7f574a78ebe018476279b47cabf962debb6163dc068573cc2f2af37497,CLOSED_UNIQUE,1066700000.0,CLOSED_UNIQUE,953900000.0,,AF,CLOSED_PRIOR_ACC_REV_GE80_REMAIN_AF,2025-03-17,True,DIRECT,
874015,0000874015-25-000089,20250219,IONIS PHARMACEUTICALS INC,1-LAF,LAF,CLOSED,CLOSED_OPERATING_NON_SHELL,OPERATING,operating,CLOSED_UNIQUE,5738934243.0,2024-06-30,7cb9f34d215bb8b16d58d7105d3086a104824e62ad70c252c1365eca241633f1,CLOSED_UNIQUE,787647000.0,CLOSED_UNIQUE,587367000.0,,LAF,CLOSED_PF_GE700,2025-03-03,True,DIRECT,
874238,0000874238-25-000025,20250226,"STERLING INFRASTRUCTURE, INC.",1-LAF,LAF,CLOSED,CLOSED_OPERATING_NON_SHELL,OPERATING,operating,CLOSED_UNIQUE,3550000000.0,2024-06-28,8f5b722e3cabd6702e51509316bad5aa4e9069e44e6a1e77d99aaa495a3b4ad0,CLOSED_UNIQUE,1972229000.0,CLOSED_UNIQUE,1769436000.0,,LAF,CLOSED_PF_GE700,2025-03-03,True,DIRECT,
874396,0001628280-25-012650,20250313,"LIFETIME BRANDS, INC",2-ACC,AF,CLOSED,CLOSED_OPERATING_NON_SHELL,OPERATING,operating,CLOSED_UNIQUE,110186000.0,2024-06-30,1f8b9b088b7864de1b3fef4c4ede40db8984effb3d0c05d731588a750c1a1a75,CLOSED_UNIQUE,686683000.0,CLOSED_UNIQUE,727662000.0,,AF,CLOSED_PRIOR_ACC_REV_GE80_REMAIN_AF,2025-03-17,True,DIRECT,
874499,0001628280-25-008043,20250226,GULFPORT ENERGY CORP,1-LAF,LAF,CLOSED,CLOSED_OPERATING_NON_SHELL,OPERATING,operating,CLOSED_UNIQUE,2000000000.0,2024-06-30,3d0d1910bb68f8e3671891401c9d75d741fecee48da1d0ec83af16fb3e3b2416,CLOSED_UNIQUE,1791702000.0,CLOSED_UNIQUE,1331112000.0,,LAF,CLOSED_PF_GE700,2025-03-03,True,DIRECT,
874716,0000874716-25-000037,20250221,IDEXX LABORATORIES INC /DE,1-LAF,LAF,CLOSED,CLOSED_OPERATING_NON_SHELL,OPERATING,operating,CLOSED_UNIQUE,40083530200.0,2024-06-30,8000aa7e0c813a0449df9642add9a6cabb33bdc20787214b05d191e4a601e14d,CLOSED_UNIQUE,3660953000.0,CLOSED_UNIQUE,3367324000.0,,LAF,CLOSED_PF_GE700,2025-03-03,True,DIRECT,
874766,0000874766-25-000023,20250221,"HARTFORD INSURANCE GROUP, INC.",1-LAF,LAF,CLOSED,CLOSED_OPERATING_NON_SHELL,OPERATING,operating,CLOSED_UNIQUE,29000000000.0,2024-06-28,331cda66c48f05a193f626e3629a4055ca28f878caedb3fca0e3ef99b457f033,CLOSED_UNIQUE,24527000000.0,CLOSED_UNIQUE,22362000000.0,,LAF,CLOSED_PF_GE700,2025-03-03,True,DIRECT,
875045,0000875045-25-000009,20250212,BIOGEN INC.,1-LAF,LAF,CLOSED,CLOSED_OPERATING_NON_SHELL,OPERATING,operating,CLOSED_UNIQUE,33709755067.0,2024-06-30,1e3f25284c2e6e0ef64e3d196746000cf1bbbe15b63b337cf253ad3fc8afde7e,CLOSED_UNIQUE,9835600000.0,CLOSED_UNIQUE,10173400000.0,,LAF,CLOSED_PF_GE700,2025-03-03,True,DIRECT,
875320,0000875320-25-000053,20250213,VERTEX PHARMACEUTICALS INC / MA,1-LAF,LAF,CLOSED,CLOSED_OPERATING_NON_SHELL,OPERATING,operating,CLOSED_UNIQUE,121800000000.0,2024-06-28,6426a8f22f327f1a01afc8978776a63e44777ce0d50921071b6b1e9fc6aa09df,CLOSED_UNIQUE,9869200000.0,CLOSED_UNIQUE,8930700000.0,,LAF,CLOSED_PF_GE700,2025-03-03,True,DIRECT,
875355,0001558370-25-003816,20250327,"LENDWAY, INC.",4-NON,NAF,CLOSED,CLOSED_OPERATING_NON_SHELL,OPERATING,operating,CLOSED_UNIQUE,3907000.0,2024-06-28,1fb8d9dbd13d8f2c3f9e0c9dcc9c288a0d67cd7ffcf91a6f94029cae97057bbf,NO_WHITELIST_TOPLINE,,NO_WHITELIST_TOPLINE,,,NAF,CLOSED_PF_LT60,2025-03-31,True,DIRECT,
875357,0000875357-25-000013,20250219,BOK FINANCIAL CORP,1-LAF,LAF,CLOSED,CLOSED_OPERATING_NON_SHELL,OPERATING,operating,CLOSED_UNIQUE,2400000000.0,2024-06-30,472dd477d12975e0ea34b15b1246bd900a08d849737a2c84d0231fce21918975,NO_WHITELIST_TOPLINE,,NO_WHITELIST_TOPLINE,,,LAF,CLOSED_PF_GE700,2025-03-03,True,DIRECT,
876437,0000876437-25-000036,20250226,MGIC INVESTMENT CORP,1-LAF,LAF,CLOSED,CLOSED_OPERATING_NON_SHELL,OPERATING,operating,CLOSED_UNIQUE,5600000000.0,2024-06-30,c69bf9e1a43993d465a0edb2ba941594f6b4f7a78c2a03138498a64163505289,CLOSED_UNIQUE,1155102000.0,CLOSED_UNIQUE,1172785000.0,,LAF,CLOSED_PF_GE700,2025-03-03,True,DIRECT,
877212,0000877212-25-000027,20250213,ZEBRA TECHNOLOGIES CORP,1-LAF,LAF,CLOSED,CLOSED_OPERATING_NON_SHELL,OPERATING,operating,CLOSED_UNIQUE,15800000000.0,2024-06-29,55a398952f651970220b7fed179013e3263997dc847efb282fae0b347088d83a,CLOSED_UNIQUE,4584000000.0,CLOSED_UNIQUE,5781000000.0,,LAF,CLOSED_PF_GE700,2025-03-03,True,DIRECT,
877860,0000877860-25-000027,20250225,NATIONAL HEALTH INVESTORS INC,1-LAF,LAF,CLOSED,CLOSED_OPERATING_NON_SHELL,OPERATING,operating,CLOSED_UNIQUE,2806597661.0,2024-06-30,b3ae92f449a94a156a931f640fcdd9ca430e75bffe8e558c7371c7b067981774,CLOSED_UNIQUE,319835000.0,CLOSED_UNIQUE,278194000.0,,LAF,CLOSED_PF_GE700,2025-03-03,True,DIRECT,
87802,0001654954-25-003699,20250331,SCIENTIFIC INDUSTRIES INC,4-NON,NAF,CLOSED,CLOSED_OPERATING_NON_SHELL,OPERATING,operating,CLOSED_UNIQUE,5009326.0,2024-06-30,293520dfde5ce43287e2b446f3dfcbbf1e9fa9cf4a4b9f59772ce91794bd8819,CLOSED_UNIQUE,11111500.0,NO_FY2022_10K,,,NAF,CLOSED_PF_LT60,2025-03-31,True,DIRECT,
878927,0000950170-25-026661,20250225,"OLD DOMINION FREIGHT LINE, INC.",1-LAF,LAF,CLOSED,CLOSED_OPERATING_NON_SHELL,OPERATING,operating,CLOSED_UNIQUE,33407884515.0,2024-06-30,a547bd5743ec4a955be366dc29ae45577acc3bae5ed4da6de38ce9d65254cbb8,NO_WHITELIST_TOPLINE,,NO_WHITELIST_TOPLINE,,,LAF,CLOSED_PF_GE700,2025-03-03,True,DIRECT,
879169,0001628280-25-004633,20250210,INCYTE CORP,1-LAF,LAF,CLOSED,CLOSED_OPERATING_NON_SHELL,OPERATING,operating,CLOSED_UNIQUE,9900000000.0,2024-06-28,51b844318e2376066dd13597b00ac83497959937eb55a132ffb772ac987f39a7,CLOSED_UNIQUE,3695649000.0,CLOSED_UNIQUE,3394635000.0,,LAF,CLOSED_PF_GE700,2025-03-03,True,DIRECT,
879526,0000879526-25-000012,20250218,WABASH NATIONAL CORP,1-LAF,LAF,CLOSED,CLOSED_OPERATING_NON_SHELL,OPERATING,operating,CLOSED_UNIQUE,952007497.0,2024-06-30,2671bfeb2d7912c5d5c20f2c89afe426e032d82f90afd225b95a66a15f5bda39,CLOSED_UNIQUE,2536500000.0,CLOSED_UNIQUE,2502129000.0,,LAF,CLOSED_PF_GE700,2025-03-03,True,DIRECT,
879585,0001558370-25-003128,20250317,"ATN INTERNATIONAL, INC.",2-ACC,AF,CLOSED,CLOSED_OPERATING_NON_SHELL,OPERATING,operating,CLOSED_UNIQUE,231000000.0,2024-06-30,eb222406880656268c8897167a77b58f360ba35506e7acdadcbf8829995e6627,CLOSED_UNIQUE,762216000.0,CLOSED_UNIQUE,725745000.0,,AF,CLOSED_PRIOR_ACC_REV_GE80_REMAIN_AF,2025-03-17,True,DIRECT,
88000,0000950170-25-047560,20250331,HORIZON KINETICS HOLDING CORP,4-NON,NAF,CLOSED,CLOSED_OPERATING_NON_SHELL,OPERATING,operating,CLOSED_UNIQUE,8033743.0,2024-06-30,1929c9914e69fd5d494558d7374913f40ea0931ca5581c83903718c19423d9f5,CLOSED_UNIQUE,3403000.0,CLOSED_UNIQUE,16570000.0,,NAF,CLOSED_PF_LT60,2025-03-31,True,DIRECT,
880242,0001437749-25-010172,20250331,"BIOLARGO, INC.",4-NON,NAF,CLOSED,CLOSED_OPERATING_NON_SHELL,OPERATING,operating,CLOSED_UNIQUE,61385688.0,2024-06-30,5f96f7b1155ebf845e1fff098ee9de33fcca1055bc7b2b035719953a0a23116f,CLOSED_UNIQUE,12230000.0,NO_WHITELIST_TOPLINE,,,NAF,CLOSED_PRIOR_NON_PF_LT75,2025-03-31,True,DIRECT,
880266,0000880266-25-000011,20250224,AGCO CORP /DE,1-LAF,LAF,CLOSED,CLOSED_OPERATING_NON_SHELL,OPERATING,operating,CLOSED_UNIQUE,6100000000.0,2024-06-30,20cf4828956a2b0c0aba7ad11137ca97833982a2a2a97591eb5e65fd428a59ab,CLOSED_UNIQUE,14412400000.0,CLOSED_UNIQUE,12651400000.0,,LAF,CLOSED_PF_GE700,2025-03-03,True,DIRECT,
880631,0001214659-25-003503,20250226,"WISDOMTREE, INC.",1-LAF,LAF,CLOSED,CLOSED_OPERATING_NON_SHELL,OPERATING,operating,CLOSED_UNIQUE,1374040458.0,2024-06-30,51726e38498ec52cbfe3932a6c118608adcd7d890435200472c0507d22a36e37,CLOSED_UNIQUE,349035000.0,CLOSED_UNIQUE,301345000.0,,LAF,CLOSED_PF_GE700,2025-03-03,True,DIRECT,
880984,0001493152-25-009325,20250306,"ACORN ENERGY, INC.",4-NON,NAF,CLOSED,CLOSED_OPERATING_NON_SHELL,OPERATING,operating,CLOSED_UNIQUE,16100000.0,2024-06-30,ba479fa981b6794f755f040734242d8f64423325d308815b9fa32d9078fc64fe,CLOSED_UNIQUE,8059000.0,CLOSED_UNIQUE,7000000.0,,NAF,CLOSED_PF_LT60,2025-03-31,True,DIRECT,
88121,0000088121-25-000017,20250213,SEABOARD CORP /DE/,1-LAF,LAF,CLOSED,CLOSED_OPERATING_NON_SHELL,OPERATING,operating,CLOSED_UNIQUE,811842390.0,2024-06-28,09e2c5797077eaf78a3e43e6e3b6478fa30916a91a0e47909d1b8a830d7c7951,CLOSED_UNIQUE,9562000000.0,CLOSED_UNIQUE,11243000000.0,,LAF,CLOSED_PF_GE700,2025-03-03,True,DIRECT,
8818,0000008818-25-000003,20250226,AVERY DENNISON CORP,1-LAF,LAF,CLOSED,CLOSED_OPERATING_NON_SHELL,OPERATING,operating,CLOSED_UNIQUE,17500000000.0,2024-06-28,58a18679720a12966854332b7df803e4b5515ad67b7acb1838f5fa0ccf85b093,CLOSED_UNIQUE,8364300000.0,CLOSED_UNIQUE,9039300000.0,,LAF,CLOSED_PF_GE700,2025-03-03,True,DIRECT,
88205,0000088205-25-000007,20250226,"SPX TECHNOLOGIES, INC.",1-LAF,LAF,CLOSED,CLOSED_OPERATING_NON_SHELL,OPERATING,operating,CLOSED_UNIQUE,6463938483.0,2024-06-29,74ec59fba033501ab5c20bb9595d6f8e410eb3c763a825686bf39eaf10a156c8,CLOSED_UNIQUE,1741200000.0,CLOSED_UNIQUE,1460900000.0,,LAF,CLOSED_PF_GE700,2025-03-03,True,DIRECT,
882095,0000882095-25-000006,20250228,"GILEAD SCIENCES, INC.",1-LAF,LAF,CLOSED,CLOSED_OPERATING_NON_SHELL,OPERATING,operating,CLOSED_UNIQUE,60000000000.0,2024-06-28,ade3916bbafb65ed380fa8cb404e460be8516afb8190964e9dd82ae2a6fef140,CLOSED_UNIQUE,27116000000.0,CLOSED_UNIQUE,27281000000.0,,LAF,CLOSED_PF_GE700,2025-03-03,True,DIRECT,
882361,0000950170-25-046366,20250328,APTOSE BIOSCIENCES INC.,4-NON,NAF,CLOSED,CLOSED_OPERATING_NON_SHELL,OPERATING,operating,CLOSED_UNIQUE,22075799.0,2024-06-28,47766fcd7a05408a2b18f93eea0e8025218f856fccc5ddcf51585896d98b83aa,CLOSED_UNIQUE,0.0,CLOSED_UNIQUE,0.0,,NAF,CLOSED_PF_LT60,2025-03-31,True,DIRECT,
882796,0001628280-25-007715,20250225,BIOCRYST PHARMACEUTICALS INC,1-LAF,LAF,CLOSED,CLOSED_OPERATING_NON_SHELL,OPERATING,operating,CLOSED_UNIQUE,1264650517.0,2024-06-30,b71b41ac6c31420987db6477e4c2bddc7dc621066b07a7cfa7c729be802bca45,CLOSED_UNIQUE,331412000.0,CLOSED_UNIQUE,270827000.0,,LAF,CLOSED_PF_GE700,2025-03-03,True,DIRECT,
882835,0000882835-25-000008,20250224,ROPER TECHNOLOGIES INC,1-LAF,LAF,CLOSED,CLOSED_OPERATING_NON_SHELL,OPERATING,operating,CLOSED_UNIQUE,60200000000.0,2024-06-30,79b5d8012a8358a1d46ec05c7ff7b336f35c9b11bc0efcf3d4417acfd65dbaa5,CLOSED_UNIQUE,6177800000.0,CLOSED_UNIQUE,5371800000.0,,LAF,CLOSED_PF_GE700,2025-03-03,True,DIRECT,
883107,0001999371-25-003471,20250331,NANOPHASE TECHNOLOGIES CORP,4-NON,NAF,CLOSED,CLOSED_OPERATING_NON_SHELL,OPERATING,operating,CLOSED_UNIQUE,27254231.0,2024-06-30,8d8bb1213d39a556ac2a879c5c438941dc76a03e0319a9296832ac4053e1d690,CLOSED_UNIQUE,37297000.0,CLOSED_UNIQUE,37317000.0,,NAF,CLOSED_PF_LT60,2025-03-31,True,DIRECT,
883237,0000883237-25-000010,20250228,"VIRTUS INVESTMENT PARTNERS, INC.",1-LAF,LAF,CLOSED,CLOSED_OPERATING_NON_SHELL,OPERATING,operating,CLOSED_UNIQUE,1500000000.0,2024-06-30,87a4089587d97e001f55bc2fbe38c0fdc66452df7fb930e67da2c22f3490cc8f,CLOSED_UNIQUE,845268000.0,CLOSED_UNIQUE,886379000.0,,LAF,CLOSED_PF_GE700,2025-03-03,True,DIRECT,
883902,0000883902-25-000004,20250314,"CORNERSTONE BUILDING BRANDS, INC.",4-NON,NAF,CLOSED,CLOSED_OPERATING_NON_SHELL,OPERATING,operating,CLOSED_UNIQUE,0.0,2024-06-29,f0471f27528e2d01361ee5ac48964bf1fd13b24edfffec3afe58529ef3228d4a,CLOSED_UNIQUE,5402434000.0,NO_WHITELIST_TOPLINE,,,NAF,CLOSED_PF_LT60,2025-03-31,True,DIRECT,
883948,0000883948-25-000021,20250227,ATLANTIC UNION BANKSHARES CORP,1-LAF,LAF,CLOSED,CLOSED_OPERATING_NON_SHELL,OPERATING,operating,CLOSED_UNIQUE,2918606014.0,2024-06-28,a6dec6edd3aa8b652a5019e5fd88565e405a363b5124642f6f6280329a15b05e,NO_WHITELIST_TOPLINE,,NO_WHITELIST_TOPLINE,,,LAF,CLOSED_PF_GE700,2025-03-03,True,DIRECT,
883975,0001641172-25-000614,20250325,MICROBOT MEDICAL INC.,4-NON,NAF,CLOSED,CLOSED_OPERATING_NON_SHELL,OPERATING,operating,CLOSED_UNIQUE,15900000.0,2024-06-30,fe0c69dc1ad43142db7003e59cb8fca0a5d752f2aa5218f0906f33efce6df3c6,NO_WHITELIST_TOPLINE,,NO_WHITELIST_TOPLINE,,,NAF,CLOSED_PF_LT60,2025-03-31,True,DIRECT,
883984,0000883984-25-000007,20250227,ICU MEDICAL INC/DE,1-LAF,LAF,CLOSED,CLOSED_OPERATING_NON_SHELL,OPERATING,operating,CLOSED_UNIQUE,2671423750.0,2024-06-30,720b38800823a404c6911ca29f35388eea32fc095025a9532abf014992d1fe84,CLOSED_UNIQUE,2259126000.0,CLOSED_UNIQUE,2279997000.0,,LAF,CLOSED_PF_GE700,2025-03-03,True,DIRECT,
884144,0000884144-25-000012,20250306,ASURE SOFTWARE INC,4-NON,NAF,CLOSED,CLOSED_OPERATING_NON_SHELL,OPERATING,operating,CLOSED_UNIQUE,204583873.0,2024-06-30,2e06d1e80197a2a615505a75b9c8482f54a2792bc34dfe4447033c4de7b1c683,CLOSED_UNIQUE,119082000.0,CLOSED_UNIQUE,95828000.0,,AF,CLOSED_PRIOR_NON_REV_GE100_ENTER_AF,2025-03-17,True,DIRECT,
884219,0000950170-25-040127,20250317,"PURSUIT ATTRACTIONS & HOSPITALITY, INC.",2-ACC,AF,CLOSED,CLOSED_OPERATING_NON_SHELL,OPERATING,operating,CLOSED_UNIQUE,691400000.0,2024-06-28,1b6458524da2c0fbc85e380a60201bd06f56a15601a2c447cfee69cfcc37b008,CLOSED_UNIQUE,1238680000.0,CLOSED_UNIQUE,1127311000.0,,AF,CLOSED_PRIOR_ACC_REV_GE80_REMAIN_AF,2025-03-17,True,DIRECT,
884269,0001437749-25-007218,20250312,ALPHA PRO TECH LTD,4-NON,NAF,CLOSED,CLOSED_OPERATING_NON_SHELL,OPERATING,operating,CLOSED_UNIQUE,52318013.0,2024-06-30,de7b4fa063d830e5ddfff3ffed3fd5b17fb120138f2aba8829ee45fcb0818b8c,CLOSED_UNIQUE,61232000.0,CLOSED_UNIQUE,61981000.0,,NAF,CLOSED_PF_LT60,2025-03-31,True,DIRECT,
884624,0000950170-25-026066,20250225,ORTHOFIX MEDICAL INC.,2-ACC,AF,CLOSED,CLOSED_OPERATING_NON_SHELL,OPERATING,operating,CLOSED_UNIQUE,504400000.0,2024-06-30,2c5ff0cea7e0befa68733c550e96e3d84a03b8151b6fb81949c319e48d781c51,CLOSED_UNIQUE,746641000.0,CLOSED_UNIQUE,460713000.0,,AF,CLOSED_PRIOR_ACC_REV_GE80_REMAIN_AF,2025-03-17,True,DIRECT,
884887,0000884887-25-000050,20250214,ROYAL CARIBBEAN CRUISES LTD,1-LAF,LAF,CLOSED,CLOSED_OPERATING_NON_SHELL,OPERATING,operating,CLOSED_UNIQUE,37800000000.0,2024-06-28,bd89451c0a9b2b0521d295f1d21452cbd8ec91c2d8c9e40ffb92869e15545fcc,CLOSED_UNIQUE,13900000000.0,CLOSED_UNIQUE,8840540000.0,,LAF,CLOSED_PF_GE700,2025-03-03,True,DIRECT,
885275,0000950170-25-029576,20250228,WILSON BANK HOLDING CO,1-LAF,LAF,CLOSED,CLOSED_OPERATING_NON_SHELL,OPERATING,operating,CLOSED_UNIQUE,810125194.4,2024-06-30,4c7b3ae872f3765805f569a7eee8ec73b4fa1885ff0da9104cecebfd93c73ef4,NO_WHITELIST_TOPLINE,,NO_WHITELIST_TOPLINE,,,LAF,CLOSED_PF_GE700,2025-03-03,True,DIRECT,
885550,0000885550-25-000012,20250212,CREDIT ACCEPTANCE CORP,1-LAF,LAF,CLOSED,CLOSED_OPERATING_NON_SHELL,OPERATING,operating,CLOSED_UNIQUE,3191900000.0,2024-06-30,8125fb268b9abc504f49cae63b803bb3b51c507181f6b80cd6b8475630cfa93f,CLOSED_UNIQUE,1901900000.0,CLOSED_UNIQUE,1832400000.0,,LAF,CLOSED_PF_GE700,2025-03-03,True,DIRECT,
885590,0000885590-25-000007,20250220,BAUSCH HEALTH COMPANIES INC.,1-LAF,LAF,CLOSED,CLOSED_OPERATING_NON_SHELL,OPERATING,operating,CLOSED_UNIQUE,2125737497.0,2024-06-30,7b499ce460d69bc47738516a0166d3cff01d2cea3e0511e78152b9a2b09fb494,CLOSED_UNIQUE,8757000000.0,CLOSED_UNIQUE,8124000000.0,,LAF,CLOSED_PF_GE700,2025-03-03,True,DIRECT,
885725,0000885725-25-000011,20250218,BOSTON SCIENTIFIC CORP,1-LAF,LAF,CLOSED,CLOSED_OPERATING_NON_SHELL,OPERATING,operating,CLOSED_UNIQUE,113100000000.0,2024-06-30,4c5505881f539cd456427a9309779ae3e4df92e62246c6747f1cf85cec0b8694,CLOSED_UNIQUE,14240000000.0,CLOSED_UNIQUE,12682000000.0,,LAF,CLOSED_PF_GE700,2025-03-03,True,DIRECT,
885978,0001140361-25-006750,20250303,U S PHYSICAL THERAPY INC /NV,1-LAF,LAF,CLOSED,CLOSED_OPERATING_NON_SHELL,OPERATING,operating,CLOSED_UNIQUE,795400000.0,2024-06-30,89a6436e4b6062ae10f2b0b6af08722652a530ebbb48907cbee92c4c0c8e30a6,CLOSED_UNIQUE,604802000.0,CLOSED_UNIQUE,553144000.0,,LAF,CLOSED_PF_GE700,2025-03-03,True,DIRECT,
886163,0000886163-25-000012,20250228,LIGAND PHARMACEUTICALS INC,1-LAF,LAF,CLOSED,CLOSED_OPERATING_NON_SHELL,OPERATING,operating,CLOSED_UNIQUE,1100000000.0,2024-06-28,6c8188f0bbf8e2f6b48334e246e405f0ae3f9a7f8c667abec0386e6e8fa81263,CLOSED_UNIQUE,131314000.0,CLOSED_UNIQUE,196245000.0,,LAF,CLOSED_PF_GE700,2025-03-03,True,DIRECT,
886346,0000886346-25-000006,20250225,KADANT INC,1-LAF,LAF,CLOSED,CLOSED_OPERATING_NON_SHELL,OPERATING,operating,CLOSED_UNIQUE,3407353000.0,2024-06-29,e9c18490a51359b41fa67a89c22f411f02a12107efb4ce43e416c47797b3cbf1,NO_WHITELIST_TOPLINE,,NO_WHITELIST_TOPLINE,,,LAF,CLOSED_PF_GE700,2025-03-03,True,DIRECT,
886744,0000950170-25-027982,20250227,GERON CORP,1-LAF,LAF,CLOSED,CLOSED_OPERATING_NON_SHELL,OPERATING,operating,CLOSED_UNIQUE,2430700000.0,2024-06-30,cc403a208b6ea95a1ab6b5c5a83150bcbaf6c292aabb744a1c58d016cfbf4d36,NO_WHITELIST_TOPLINE,,NO_WHITELIST_TOPLINE,,,LAF,CLOSED_PF_GE700,2025-03-03,True,DIRECT,
886982,0000886982-25-000005,20250227,GOLDMAN SACHS GROUP INC,1-LAF,LAF,CLOSED,CLOSED_OPERATING_NON_SHELL,OPERATING,operating,CLOSED_UNIQUE,142300000000.0,2024-06-30,3d7abbf2c973b91b5bbdc24200e368d5c2921479c8e8c748387e0805e6c83a2d,CLOSED_UNIQUE,46254000000.0,CLOSED_UNIQUE,47365000000.0,,LAF,CLOSED_PF_GE700,2025-03-03,True,DIRECT,
887343,0000887343-25-000054,20250225,"COLUMBIA BANKING SYSTEM, INC.",1-LAF,LAF,CLOSED,CLOSED_OPERATING_NON_SHELL,OPERATING,operating,CLOSED_UNIQUE,2868372642.0,2024-06-30,b8bc581c4489f7b280328048fcd9cf5c6107ff5aa8335976045bab21e6259852,NO_WHITELIST_TOPLINE,,NO_WHITELIST_TOPLINE,,,LAF,CLOSED_PF_GE700,2025-03-03,True,DIRECT,
887359,0001628280-25-008447,20250227,VERICEL CORP,1-LAF,LAF,CLOSED,CLOSED_OPERATING_NON_SHELL,OPERATING,operating,CLOSED_UNIQUE,2200000000.0,2024-06-30,94675420de05cbc035ea50c8993674a99e01337eabe6f21cb47a82dc66e10ee3,CLOSED_UNIQUE,197516000.0,CLOSED_UNIQUE,164365000.0,,LAF,CLOSED_PF_GE700,2025-03-03,True,DIRECT,
887905,0001558370-25-001395,20250224,LTC PROPERTIES INC,1-LAF,LAF,CLOSED,CLOSED_OPERATING_NON_SHELL,OPERATING,operating,CLOSED_UNIQUE,1471160000.0,2024-06-28,d6955bdc3c1893d6e860a94540355457cf60add29f6683dc6cfa954ebdfa90cb,CLOSED_UNIQUE,197244000.0,CLOSED_UNIQUE,175153000.0,,LAF,CLOSED_PF_GE700,2025-03-03,True,DIRECT,
887936,0000887936-25-000014,20250220,"FTI CONSULTING, INC",1-LAF,LAF,CLOSED,CLOSED_OPERATING_NON_SHELL,OPERATING,operating,CLOSED_UNIQUE,6800000000.0,2024-06-28,9eb475614b8627dbc1c535b887cc5157689a7258db1127969c96ab95c4a7ee43,CLOSED_UNIQUE,3489242000.0,CLOSED_UNIQUE,3028908000.0,,LAF,CLOSED_PF_GE700,2025-03-03,True,DIRECT,
888491,0000888491-25-000006,20250213,OMEGA HEALTHCARE INVESTORS INC,1-LAF,LAF,CLOSED,CLOSED_OPERATING_NON_SHELL,OPERATING,operating,CLOSED_UNIQUE,8700286277.0,2024-06-28,6454014076e13edf5cdc655c21f5578c024844fa56323b778074c688957cc7aa,CLOSED_UNIQUE,949740000.0,CLOSED_UNIQUE,878244000.0,,LAF,CLOSED_PF_GE700,2025-03-03,True,DIRECT,
888981,0001079973-25-000476,20250325,NOCOPI TECHNOLOGIES INC/MD/,4-NON,NAF,CLOSED,CLOSED_OPERATING_NON_SHELL,OPERATING,operating,CLOSED_UNIQUE,20749000.0,2024-06-30,c2eda491780b3b58d831ee007f362832e6a074ef531016797c5d6525a288d41b,CLOSED_UNIQUE,2083900.0,CLOSED_UNIQUE,4627200.0,,NAF,CLOSED_PF_LT60,2025-03-31,True,DIRECT,
889331,0000889331-25-000039,20250313,LITTELFUSE INC /DE,1-LAF,LAF,CLOSED,CLOSED_OPERATING_NON_SHELL,OPERATING,operating,CLOSED_UNIQUE,6343645653.0,2024-06-29,a027f4079ff54e76e67b390d3076fe251962cf736d50836dff3d83256eefb7ae,CLOSED_UNIQUE,2362657000.0,CLOSED_UNIQUE,2513897000.0,,LAF,CLOSED_PF_GE700,2025-03-03,False,LATE,
889348,0001999371-25-003528,20250331,CPI AEROSTRUCTURES INC,4-NON,NAF,CLOSED,CLOSED_OPERATING_NON_SHELL,OPERATING,operating,CLOSED_UNIQUE,29059837.0,2024-06-28,abb01cddf9b0450c6c5237d54d96e25e851c74291e1b00911b392112baf0ec7a,CLOSED_UNIQUE,86466321.0,CLOSED_UNIQUE,83335764.0,,NAF,CLOSED_PF_LT60,2025-03-31,True,DIRECT,
889353,0001096906-25-000610,20250428,SENTINEL HOLDINGS LTD.,4-NON,NAF,CLOSED,CLOSED_OPERATING_NON_SHELL,OPERATING,operating,CLOSED_UNIQUE,42171430.0,2024-06-28,120e4c4a97021164e18f45585a6cc3f5625627ac0354d4ca110b5cb6d51b15a4,CLOSED_UNIQUE,8820348.0,NO_FY2022_10K,,2025-03-31,NAF,CLOSED_PF_LT60,2025-03-31,False,LATE,
889900,0000889900-25-000034,20250211,PATTERSON UTI ENERGY INC,1-LAF,LAF,CLOSED,CLOSED_OPERATING_NON_SHELL,OPERATING,operating,CLOSED_UNIQUE,4000000000.0,2024-06-30,b08ff1aad4c116d8d6fa8c94f2d1eb2df2fa6b7c7d7ceaf5ed92bb5bfaacbaa4,CLOSED_UNIQUE,4146456000.0,CLOSED_UNIQUE,2647592000.0,,LAF,CLOSED_PF_GE700,2025-03-03,True,DIRECT,
890394,0001013762-25-004082,20250328,PERASO INC.,4-NON,NAF,CLOSED,CLOSED_OPERATING_NON_SHELL,OPERATING,operating,CLOSED_UNIQUE,3671905.0,2024-06-28,7ff3b124c8d783765cb566201346d1e9e350d724d330e223433dd8b48b553f0e,CLOSED_UNIQUE,13749000.0,CLOSED_UNIQUE,14868000.0,,NAF,CLOSED_PF_LT60,2025-03-31,True,DIRECT,
890564,0000890564-25-000008,20250224,ASGN INC,1-LAF,LAF,CLOSED,CLOSED_OPERATING_NON_SHELL,OPERATING,operating,CLOSED_UNIQUE,3800000000.0,2024-06-30,f07f15970d61873018fc6f5783a0789fea705332c0122a204431cb823f047c97,CLOSED_UNIQUE,4450600000.0,CLOSED_UNIQUE,4581100000.0,,LAF,CLOSED_PF_GE700,2025-03-03,True,DIRECT,
890821,0001641172-25-001296,20250328,"ENVERIC BIOSCIENCES, INC.",4-NON,NAF,CLOSED,CLOSED_OPERATING_NON_SHELL,OPERATING,operating,CLOSED_UNIQUE,4900000.0,2024-06-30,1d26c00bbf092a6a18a115d0bf6e498b31e14550c9966c05b22748b1488d7b64,NO_WHITELIST_TOPLINE,,NO_WHITELIST_TOPLINE,,,NAF,CLOSED_PF_LT60,2025-03-31,True,DIRECT,
89089,0000089089-25-000011,20250213,SERVICE CORP INTERNATIONAL,1-LAF,LAF,CLOSED,CLOSED_OPERATING_NON_SHELL,OPERATING,operating,CLOSED_UNIQUE,9987915411.0,2024-06-30,49e2c9d39be1db64cfbc3eb0dbb0e63743fb9612735e179eb5055af2adc16d21,CLOSED_UNIQUE,4099778000.0,CLOSED_UNIQUE,4108661000.0,,LAF,CLOSED_PF_GE700,2025-03-03,True,DIRECT,
890926,0000950170-25-021241,20250214,RADIAN GROUP INC,1-LAF,LAF,CLOSED,CLOSED_OPERATING_NON_SHELL,OPERATING,operating,CLOSED_UNIQUE,4645654849.0,2024-06-30,c5cd8f480a6c45dfcd34d12bf4bc7fbf34cea08bae172bb4d1326442eb6fefb5,CLOSED_UNIQUE,1240588000.0,CLOSED_UNIQUE,1190726000.0,,LAF,CLOSED_PF_GE700,2025-03-03,True,DIRECT,
891014,0000891014-25-000018,20250221,MINERALS TECHNOLOGIES INC,1-LAF,LAF,CLOSED,CLOSED_OPERATING_NON_SHELL,OPERATING,operating,CLOSED_UNIQUE,1900000000.0,2024-06-30,4f0ff7f5e0be62bd56280e7eb5648abf5c62bc8a98130ad83054bd6d001cd243,CLOSED_UNIQUE,2169900000.0,CLOSED_UNIQUE,2125500000.0,,LAF,CLOSED_PF_GE700,2025-03-03,True,DIRECT,
891103,0000891103-25-000027,20250227,"MATCH GROUP, INC.",1-LAF,LAF,CLOSED,CLOSED_OPERATING_NON_SHELL,OPERATING,operating,CLOSED_UNIQUE,7861445877.0,2024-06-30,859e547a6dec4486aeefe7b0e9c41bca5e81f08753f034cb31c3e2d34b02a2cd,CLOSED_UNIQUE,3364504000.0,CLOSED_UNIQUE,3188843000.0,,LAF,CLOSED_PF_GE700,2025-03-03,True,DIRECT,
891166,0000891166-25-000025,20250228,"UNIVERSAL INSURANCE HOLDINGS, INC.",2-ACC,AF,CLOSED,CLOSED_OPERATING_NON_SHELL,OPERATING,operating,CLOSED_UNIQUE,474817454.0,2024-06-30,ff3f5a470223f769efa99f88728e74bfa94d6bbeba874294b7e9b745fc5edffb,CLOSED_UNIQUE,1391582000.0,CLOSED_UNIQUE,1222658000.0,,AF,CLOSED_PRIOR_ACC_REV_GE80_REMAIN_AF,2025-03-17,True,DIRECT,
89140,0001437749-25-007993,20250317,SERVOTRONICS INC /DE/,4-NON,NAF,CLOSED,CLOSED_OPERATING_NON_SHELL,OPERATING,operating,CLOSED_UNIQUE,26641494.0,2024-06-30,3edf9f71ec200c6bbb90556d0a286587e101862f2ddc9596a3c9040a89fcc8ac,CLOSED_UNIQUE,43629000.0,CLOSED_UNIQUE,43821000.0,,NAF,CLOSED_PF_LT60,2025-03-31,True,DIRECT,
891482,0000891482-25-000009,20250311,FULL HOUSE RESORTS INC,2-ACC,AF,CLOSED,CLOSED_OPERATING_NON_SHELL,OPERATING,operating,CLOSED_UNIQUE,164100000.0,2024-06-28,7068833a85fcdd586781624dabdaaa46b6e7597a3efe75a01e736d54bde34401,CLOSED_UNIQUE,241060000.0,CLOSED_UNIQUE,163281000.0,,AF,CLOSED_PRIOR_ACC_REV_GE80_REMAIN_AF,2025-03-17,True,DIRECT,
892553,0000892553-25-000039,20250228,CHART INDUSTRIES INC,1-LAF,LAF,CLOSED,CLOSED_OPERATING_NON_SHELL,OPERATING,operating,CLOSED_UNIQUE,6148163455.0,2024-06-30,64f75cf47c9c044cd871a0612edcc0f353ab32ee8dec54f12cbd432c798afacb,CLOSED_UNIQUE,3352500000.0,CLOSED_UNIQUE,1612400000.0,,LAF,CLOSED_PF_GE700,2025-03-03,True,DIRECT,
893538,0000893538-25-000008,20250220,SM ENERGY CO,1-LAF,LAF,CLOSED,CLOSED_OPERATING_NON_SHELL,OPERATING,operating,CLOSED_UNIQUE,3367875429.0,2024-06-28,59eb74f448e78b9fbdf859c044a9cfd24bfc215d8cbbafb472a6037bb63ec664,NO_WHITELIST_TOPLINE,,NO_WHITELIST_TOPLINE,,,LAF,CLOSED_PF_GE700,2025-03-03,True,DIRECT,
893949,0000950170-25-023730,20250220,"PEDIATRIX MEDICAL GROUP, INC.",1-LAF,LAF,CLOSED,CLOSED_OPERATING_NON_SHELL,OPERATING,operating,CLOSED_UNIQUE,637401917.0,2024-06-28,bdddb734d8ba671b4984476b26053f3a419dd5373d381afc5378566a00933439,CLOSED_UNIQUE,1994640000.0,CLOSED_UNIQUE,1972021000.0,,LAF,CLOSED_PRIOR_LAF_PF_GE560,2025-03-03,True,DIRECT,
894158,0001410578-25-000285,20250306,"THERIVA BIOLOGICS, INC.",4-NON,NAF,CLOSED,CLOSED_OPERATING_NON_SHELL,OPERATING,operating,CLOSED_UNIQUE,5300000.0,2024-06-30,c2a9f4a08d127ff43ae56fba3acce4670a4d4e21f854dc76c494476a13efe520,NO_WHITELIST_TOPLINE,,NO_WHITELIST_TOPLINE,,,NAF,CLOSED_PF_LT60,2025-03-31,True,DIRECT,
894315,0000950170-25-029989,20250228,SITE CENTERS CORP.,1-LAF,LAF,CLOSED,CLOSED_OPERATING_NON_SHELL,OPERATING,operating,CLOSED_UNIQUE,2800000000.0,2024-06-28,f30334c22654bea4e2bf9f98f91caa6252fa82578a45062fc8988a0f4dc9a7c5,NO_WHITELIST_TOPLINE,,NO_WHITELIST_TOPLINE,,,LAF,CLOSED_PF_GE700,2025-03-03,True,DIRECT,
89439,0000089439-25-000010,20250226,MUELLER INDUSTRIES INC,1-LAF,LAF,CLOSED,CLOSED_OPERATING_NON_SHELL,OPERATING,operating,CLOSED_UNIQUE,6322607148.0,2024-06-29,2b0081a84ee4c92f5423cf4aae381b6ee42acaa06db237ad9df0ce4eaff689fc,CLOSED_UNIQUE,3420345000.0,CLOSED_UNIQUE,3982455000.0,,LAF,CLOSED_PF_GE700,2025-03-03,True,DIRECT,
894405,0001558370-25-002037,20250303,ARCBEST CORP /DE/,1-LAF,LAF,CLOSED,CLOSED_OPERATING_NON_SHELL,OPERATING,operating,CLOSED_UNIQUE,2496196931.0,2024-06-30,21a2ef0bb22668d87e21383f2c2f43849a641c1036d0d98ef3c6ff767d9aeb53,CLOSED_UNIQUE,4427443000.0,CLOSED_UNIQUE,5324052000.0,,LAF,CLOSED_PF_GE700,2025-03-03,True,DIRECT,
894501,0001091818-25-000017,20250325,"GOLD ROCK HOLDINGS, INC.",4-NON,NAF,CLOSED,CLOSED_OPERATING_NON_SHELL,OPERATING,operating,CLOSED_UNIQUE,2125829.0,2024-06-30,8ef838f16a74852d1161fe04277162f325ec2eb7f95ca6653a48faad4f0188fd,NO_WHITELIST_TOPLINE,,NO_WHITELIST_TOPLINE,,,NAF,CLOSED_PF_LT60,2025-03-31,True,DIRECT,
894556,0001640334-25-000558,20250331,"GENERAL ENTERPRISE VENTURES, INC.",4-NON,NAF,CLOSED,CLOSED_OPERATING_NON_SHELL,OPERATING,operating,CLOSED_UNIQUE,22400000.0,2024-06-30,52d84c7dc796bda69fd3086165345c10d93e404d0af08895dd9de5b5f0ca7fd0,CLOSED_UNIQUE,520645.0,CLOSED_UNIQUE,62732.0,,NAF,CLOSED_PF_LT60,2025-03-31,True,DIRECT,
895126,0000895126-25-000021,20250226,EXPAND ENERGY CORP,1-LAF,LAF,CLOSED,CLOSED_OPERATING_NON_SHELL,OPERATING,operating,CLOSED_UNIQUE,6500000000.0,2024-06-28,d399bcb4daa7fabfc476c160f43e24f52bf8696eee2fe1f1ee8c61a29640674d,NO_WHITELIST_TOPLINE,,NO_WHITELIST_TOPLINE,,,LAF,CLOSED_PF_GE700,2025-03-03,True,DIRECT,
895417,0000895417-25-000013,20250225,EQUITY LIFESTYLE PROPERTIES INC,1-LAF,LAF,CLOSED,CLOSED_OPERATING_NON_SHELL,OPERATING,operating,CLOSED_UNIQUE,12050800000.0,2024-06-30,13a0ff6c92e7592e299afec9e9b40eed6c4470afcbe8ace6ca54d50cc3898445,CLOSED_UNIQUE,1489423000.0,CLOSED_UNIQUE,1447080000.0,,LAF,CLOSED_PF_GE700,2025-03-03,True,DIRECT,
895421,0000895421-25-000304,20250221,MORGAN STANLEY,1-LAF,LAF,CLOSED,CLOSED_OPERATING_NON_SHELL,OPERATING,operating,CLOSED_UNIQUE,151625027283.0,2024-06-30,2be3853f438e221a278aa13e0fb69bcd33fdfc697f92dc9f62f004a9999dcd25,CLOSED_UNIQUE,54143000000.0,CLOSED_UNIQUE,53668000000.0,,LAF,CLOSED_PF_GE700,2025-03-03,True,DIRECT,
895456,0001437749-25-008025,20250317,"ROCKY BRANDS, INC.",2-ACC,AF,CLOSED,CLOSED_OPERATING_NON_SHELL,OPERATING,operating,CLOSED_UNIQUE,266045065.0,2024-06-30,08623552e11087b0bd95530965e5fe04974b3ddf862f732110b2d36e0853b834,CLOSED_UNIQUE,461833000.0,CLOSED_UNIQUE,615475000.0,,AF,CLOSED_PRIOR_ACC_REV_GE80_REMAIN_AF,2025-03-17,True,DIRECT,
896159,0000896159-25-000004,20250227,CHUBB LTD,1-LAF,LAF,CLOSED,CLOSED_OPERATING_NON_SHELL,OPERATING,operating,CLOSED_UNIQUE,103000000000.0,2024-06-30,8d6d98d9a65fa275a874e4416c87f20ca41b6f8d0d6c37ffe8fe900ed8a6cc53,CLOSED_UNIQUE,49735000000.0,CLOSED_UNIQUE,43166000000.0,,LAF,CLOSED_PF_GE700,2025-03-03,True,DIRECT,
896264,0000896264-25-000092,20250312,USANA HEALTH SCIENCES INC,1-LAF,LAF,CLOSED,CLOSED_OPERATING_NON_SHELL,OPERATING,operating,CLOSED_UNIQUE,499000000.0,2024-06-28,8a57e654f5d006d81149616a0baa2b24c6af189dd8024973d2408a811c7b4373,CLOSED_UNIQUE,921010000.0,CLOSED_UNIQUE,998601000.0,,AF,CLOSED_PRIOR_LAF_REV_GE100_EXIT_AF,2025-03-17,True,DIRECT,
896493,0001214659-25-005868,20250415,"HYPERSCALE DATA, INC.",4-NON,NAF,CLOSED,CLOSED_OPERATING_NON_SHELL,OPERATING,operating,CLOSED_UNIQUE,10400000.0,2024-06-28,6450e9483c05557ebc90525cba6f92a1ec525d479ea86afd197abbd9c289b907,CLOSED_UNIQUE,156444000.0,CLOSED_UNIQUE,134334000.0,2025-03-31,NAF,CLOSED_PF_LT60,2025-03-31,True,12B25,
896622,0000896622-25-000007,20250207,"APTARGROUP, INC.",1-LAF,LAF,CLOSED,CLOSED_OPERATING_NON_SHELL,OPERATING,operating,CLOSED_UNIQUE,9392860942.0,2024-06-30,71a3eb199c40463c5c309a57a41394f834bad6e7095a7833ce626e1a72128ed9,CLOSED_UNIQUE,3487450000.0,CLOSED_UNIQUE,3322249000.0,,LAF,CLOSED_PF_GE700,2025-03-03,True,DIRECT,
897077,0000897077-25-000007,20250227,ALAMO GROUP INC,1-LAF,LAF,CLOSED,CLOSED_OPERATING_NON_SHELL,OPERATING,operating,CLOSED_UNIQUE,1770634586.0,2024-06-30,2203d1114402bf9dc5e2800ef68b4d4ca19d900de96d63dffb0f1b56ef901152,CLOSED_UNIQUE,1689651000.0,CLOSED_UNIQUE,1513616000.0,,LAF,CLOSED_PF_GE700,2025-03-03,True,DIRECT,
897078,0001641172-25-014461,20250610,"RESONATE BLENDS, INC.",4-NON,NAF,CLOSED,CLOSED_OPERATING_NON_SHELL,OPERATING,operating,CLOSED_UNIQUE,6732534.0,2024-06-28,ec9df335a140adb9d6b079d58a66202c9b73c88929521e43efffa0704ee0464b,CLOSED_UNIQUE,16468.0,CLOSED_UNIQUE,49501.0,,NAF,CLOSED_PF_LT60,2025-03-31,False,LATE,
89800,0000089800-25-000030,20250220,SHERWIN WILLIAMS CO,1-LAF,LAF,CLOSED,CLOSED_OPERATING_NON_SHELL,OPERATING,operating,CLOSED_UNIQUE,75067265612.0,2024-06-30,c652021fe229eb0e862e0dad7fe9f0419db1697435b95d0a70763b0d18c19d16,CLOSED_UNIQUE,23051900000.0,CLOSED_UNIQUE,22148900000.0,,LAF,CLOSED_PF_GE700,2025-03-03,True,DIRECT,
898171,0000950170-25-034396,20250306,UWHARRIE CAPITAL CORP,4-NON,NAF,CLOSED,CLOSED_OPERATING_NON_SHELL,OPERATING,operating,CLOSED_UNIQUE,52463888.0,2024-06-30,eb11156c92e5c3ed5daa218771327fd1ef22116a2717cbdc0a66c846de807508,NO_WHITELIST_TOPLINE,,NO_WHITELIST_TOPLINE,,,NAF,CLOSED_PF_LT60,2025-03-31,True,DIRECT,
898173,0000898173-25-000008,20250228,O REILLY AUTOMOTIVE INC,1-LAF,LAF,CLOSED,CLOSED_OPERATING_NON_SHELL,OPERATING,operating,CLOSED_UNIQUE,51078214227.0,2024-06-30,b770ccbf39acf6cf4d5cd3ebbfd4dc0498ef3c49d62c13b2c5180b8d6f95ba74,CLOSED_UNIQUE,15812250000.0,CLOSED_UNIQUE,14409860000.0,,LAF,CLOSED_PF_GE700,2025-03-03,True,DIRECT,
898174,0000898174-25-000027,20250221,REINSURANCE GROUP OF AMERICA INC,1-LAF,LAF,CLOSED,CLOSED_OPERATING_NON_SHELL,OPERATING,operating,CLOSED_UNIQUE,13500000000.0,2024-06-30,bd0b2ced14152f57d1f4734288c1a66f3a84a2c43216117073d4265838878221,CLOSED_UNIQUE,18567000000.0,CLOSED_UNIQUE,16258000000.0,,LAF,CLOSED_PF_GE700,2025-03-03,True,DIRECT,
898437,0001171843-25-001486,20250317,"ANIKA THERAPEUTICS, INC.",2-ACC,AF,CLOSED,CLOSED_OPERATING_NON_SHELL,OPERATING,operating,CLOSED_UNIQUE,373146995.0,2024-06-30,fb4240e9787a56fae2b5fac3c3ba67f040ca0b5e5eaf89e5cd5a24ade0f92bc7,CLOSED_UNIQUE,166662000.0,CLOSED_UNIQUE,156236000.0,,AF,CLOSED_PRIOR_ACC_REV_GE80_REMAIN_AF,2025-03-17,True,DIRECT,
899051,0000899051-25-000015,20250224,ALLSTATE CORP,1-LAF,LAF,CLOSED,CLOSED_OPERATING_NON_SHELL,OPERATING,operating,CLOSED_UNIQUE,41910000000.0,2024-06-30,44f597a6968ed03e5c1afd75fb4f67ea6d45932b673d6fdd5cd90a84845f3c01,CLOSED_UNIQUE,57094000000.0,CLOSED_UNIQUE,51412000000.0,,LAF,CLOSED_PF_GE700,2025-03-03,True,DIRECT,
899460,0000950170-25-027735,20250226,MANNKIND CORP,1-LAF,LAF,CLOSED,CLOSED_OPERATING_NON_SHELL,OPERATING,operating,CLOSED_UNIQUE,1390239822.0,2024-06-28,35332e58ff1eaa03957b36e630c80cbd663ca237d2c3a00c49ecdae109df3226,CLOSED_UNIQUE,198962000.0,CLOSED_UNIQUE,99770000.0,,LAF,CLOSED_PF_GE700,2025-03-03,True,DIRECT,
899629,0000950170-25-021145,20250214,ACADIA REALTY TRUST,1-LAF,LAF,CLOSED,CLOSED_OPERATING_NON_SHELL,OPERATING,operating,CLOSED_UNIQUE,1886400000.0,2024-06-28,a919c572ccacc01aab44d37a8df565a792160639b169140b2fd25b38d95b4249,CLOSED_UNIQUE,338692000.0,CLOSED_UNIQUE,326290000.0,,LAF,CLOSED_PF_GE700,2025-03-03,True,DIRECT,
899751,0000899751-25-000009,20250227,TITAN INTERNATIONAL INC,1-LAF,LAF,CLOSED,CLOSED_OPERATING_NON_SHELL,OPERATING,operating,CLOSED_UNIQUE,360000000.0,2024-06-30,26cbe0bf4c40292cb7584d450512e19e5e99203a26f886cc845f420be7dbdf49,CLOSED_UNIQUE,1821800000.0,CLOSED_UNIQUE,2169380000.0,,AF,CLOSED_PRIOR_LAF_REV_GE100_EXIT_AF,2025-03-17,True,DIRECT,
899923,0000899923-25-000019,20250228,MYRIAD GENETICS INC,1-LAF,LAF,CLOSED,CLOSED_OPERATING_NON_SHELL,OPERATING,operating,CLOSED_UNIQUE,2221380714.0,2024-06-28,24cc996180f8a162dd4ff37e06f61aef987c9fa1c38b54ac8d610d3692c6f641,CLOSED_UNIQUE,753200000.0,CLOSED_UNIQUE,678400000.0,,LAF,CLOSED_PF_GE700,2025-03-03,True,DIRECT,
901491,0001628280-25-008427,20250227,PAPA JOHNS INTERNATIONAL INC,1-LAF,LAF,CLOSED,CLOSED_OPERATING_NON_SHELL,OPERATING,operating,CLOSED_UNIQUE,1538437852.0,2024-06-30,f429aebe937485b543d6a969d45d48b0b07bbeae40d3a8955eafa965fa140347,CLOSED_UNIQUE,2135713000.0,CLOSED_UNIQUE,2102103000.0,,LAF,CLOSED_PF_GE700,2025-03-03,True,DIRECT,
903129,0000950170-25-023344,20250219,GENTHERM INC,1-LAF,LAF,CLOSED,CLOSED_OPERATING_NON_SHELL,OPERATING,operating,CLOSED_UNIQUE,1519329529000.0,2024-06-28,ea1376f4f161f0613ef73a62b8334265837bca6e57eb4b41bac037e9be3c3ea0,NO_WHITELIST_TOPLINE,,NO_WHITELIST_TOPLINE,,,LAF,CLOSED_PF_GE700,2025-03-03,True,DIRECT,
90498,0001628280-25-008639,20250227,SIMMONS FIRST NATIONAL CORP,1-LAF,LAF,CLOSED,CLOSED_OPERATING_NON_SHELL,OPERATING,operating,CLOSED_UNIQUE,2160516402.0,2024-06-30,40609906cc74a2c0de7b5035c011e9326bf848729a95e47900b023f767458774,NO_WHITELIST_TOPLINE,,NO_WHITELIST_TOPLINE,,,LAF,CLOSED_PF_GE700,2025-03-03,True,DIRECT,
906163,0000906163-25-000011,20250212,NVR INC,1-LAF,LAF,CLOSED,CLOSED_OPERATING_NON_SHELL,OPERATING,operating,CLOSED_UNIQUE,22402443000.0,2024-06-30,0957b200e2585443bcefba35c79d9291b64346f1163541b60824f49ac3555216,CLOSED_UNIQUE,9518202000.0,CLOSED_UNIQUE,10526434000.0,,LAF,CLOSED_PF_GE700,2025-03-03,True,DIRECT,
906345,0000906345-25-000008,20250220,CAMDEN PROPERTY TRUST,1-LAF,LAF,CLOSED,CLOSED_OPERATING_NON_SHELL,OPERATING,operating,CLOSED_UNIQUE,11569433678.0,2024-06-30,ae3d48fa5fd213c295c285edfb9e63590fe25c2061c1049ba18c40a39b7b0cb8,NO_WHITELIST_TOPLINE,,NO_WHITELIST_TOPLINE,,,LAF,CLOSED_PF_GE700,2025-03-03,True,DIRECT,
906465,0001558370-25-001954,20250228,QCR HOLDINGS INC,1-LAF,LAF,CLOSED,CLOSED_OPERATING_NON_SHELL,OPERATING,operating,CLOSED_UNIQUE,974960645.0,2024-06-30,d0195beb6ea738fa9de4c68386b6eb366c175a8824fbb6980d48d3330578cf57,CLOSED_UNIQUE,546094000.0,CLOSED_UNIQUE,373300000.0,,LAF,CLOSED_PF_GE700,2025-03-03,True,DIRECT,
906553,0001437749-25-004757,20250221,BOYD GAMING CORP,1-LAF,LAF,CLOSED,CLOSED_OPERATING_NON_SHELL,OPERATING,operating,CLOSED_UNIQUE,3600000000.0,2024-06-30,a2b1bdea48cd931d8d15162dc0c0f1b6441c0934c45ffb32da578d0446e68d62,CLOSED_UNIQUE,3738492000.0,CLOSED_UNIQUE,3555377000.0,,LAF,CLOSED_PF_GE700,2025-03-03,True,DIRECT,
906709,0000950170-25-039389,20250314,NEKTAR THERAPEUTICS,2-ACC,AF,CLOSED,CLOSED_OPERATING_NON_SHELL,OPERATING,operating,CLOSED_UNIQUE,226000000.0,2024-06-30,cab7cf71d1adcf6d79349581fffb70fc1ca1054f4cb65e4df1f0fa3ce3b52791,CLOSED_UNIQUE,90122000.0,CLOSED_UNIQUE,92055000.0,,AF,CLOSED_PRIOR_ACC_REV_GE80_REMAIN_AF,2025-03-17,True,DIRECT,
907242,0001558370-25-002045,20250303,MONARCH CASINO & RESORT INC,1-LAF,LAF,CLOSED,CLOSED_OPERATING_NON_SHELL,OPERATING,operating,CLOSED_UNIQUE,968100000.0,2024-06-28,79a39b755476caed383394ac8833e82b1a3e58272137365f192b829b199c490f,CLOSED_UNIQUE,501478000.0,CLOSED_UNIQUE,477870000.0,,LAF,CLOSED_PF_GE700,2025-03-03,True,DIRECT,
907254,0000907254-25-000022,20250228,"SAUL CENTERS, INC.",2-ACC,AF,CLOSED,CLOSED_OPERATING_NON_SHELL,OPERATING,operating,CLOSED_UNIQUE,484100000.0,2024-06-30,6fe1572f153daa77a8768005a12749874a11610103cf9d57c3e4b335ab66c30a,CLOSED_UNIQUE,257207000.0,CLOSED_UNIQUE,245860000.0,,AF,CLOSED_PRIOR_ACC_REV_GE80_REMAIN_AF,2025-03-17,True,DIRECT,
907654,0001213900-25-021165,20250306,"ORUKA THERAPEUTICS, INC.",4-NON,NAF,CLOSED,CLOSED_OPERATING_NON_SHELL,OPERATING,operating,CLOSED_UNIQUE,39700000.0,2024-06-30,ebb8733b26febf0b70c00b949e1cda6bedceb47178bda1d879f060f1c765cac4,NO_WHITELIST_TOPLINE,,NO_WHITELIST_TOPLINE,,,NAF,CLOSED_PF_LT60,2025-03-31,True,DIRECT,
908255,0000908255-25-000007,20250206,BORGWARNER INC,1-LAF,LAF,CLOSED,CLOSED_OPERATING_NON_SHELL,OPERATING,operating,CLOSED_UNIQUE,7000000000.0,2024-06-30,fc2570040f2d07e8b0704988b0faadcd34485ed9d4b384891a942657f5264e8d,CLOSED_UNIQUE,14198000000.0,CLOSED_UNIQUE,15801000000.0,,LAF,CLOSED_PF_GE700,2025-03-03,True,DIRECT,
908315,0000908315-25-000010,20250226,WINMARK CORP,1-LAF,LAF,CLOSED,CLOSED_OPERATING_NON_SHELL,OPERATING,operating,CLOSED_UNIQUE,691193237.0,2024-06-29,d9160dadad7d1a02a29e355a901b52924c7b6a1129b367c315af68e741616ee3,CLOSED_UNIQUE,83243500.0,CLOSED_UNIQUE,81410800.0,,LAF,CLOSED_PRIOR_LAF_PF_GE560,2025-03-03,True,DIRECT,
908937,0000908937-25-000005,20250130,SIRIUS XM HOLDINGS INC.,1-LAF,LAF,CLOSED,CLOSED_OPERATING_NON_SHELL,OPERATING,operating,CLOSED_UNIQUE,0.0,2024-06-30,faea11e328e135b21f98a5581db013bacf33c005e0e24ecff8e4e9c96d76aa37,CLOSED_UNIQUE,8953000000.0,CLOSED_UNIQUE,9003000000.0,,NAF,CLOSED_PF_LT60,2025-03-31,True,DIRECT,
909108,0000909108-25-000010,20250226,DIAMOND HILL INVESTMENT GROUP INC,2-ACC,AF,CLOSED,CLOSED_OPERATING_NON_SHELL,OPERATING,operating,CLOSED_UNIQUE,368996675.0,2024-06-30,a56bc4bf5f5af4afe9b4a06f273efc37fb59caf3c101a74065055439369dc565,CLOSED_UNIQUE,136716371.0,CLOSED_UNIQUE,154496019.0,,AF,CLOSED_PRIOR_ACC_REV_GE80_REMAIN_AF,2025-03-17,True,DIRECT,
9092,0000950170-25-020889,20250214,BADGER METER INC,1-LAF,LAF,CLOSED,CLOSED_OPERATING_NON_SHELL,OPERATING,operating,CLOSED_UNIQUE,5450000000.0,2024-06-30,aefc0de73ce8e607a6bc6da7b0dcc50bb8d901633ff6703868af275eb642879b,CLOSED_UNIQUE,703592000.0,CLOSED_UNIQUE,565568000.0,,LAF,CLOSED_PF_GE700,2025-03-03,True,DIRECT,
909494,0001437749-25-007558,20250313,TUCOWS INC /PA/,2-ACC,AF,CLOSED,CLOSED_OPERATING_NON_SHELL,OPERATING,operating,CLOSED_UNIQUE,126900000.0,2024-06-30,aa44aea463cbb5d28fbbb3b5a8d0b67e426a26911f53692d3eeef8a8706bf5d9,CLOSED_UNIQUE,339337000.0,CLOSED_UNIQUE,321142000.0,,AF,CLOSED_PRIOR_ACC_REV_GE80_REMAIN_AF,2025-03-17,True,DIRECT,
909724,0001140361-25-006103,20250226,TANDY LEATHER FACTORY INC,4-NON,NAF,CLOSED,CLOSED_OPERATING_NON_SHELL,OPERATING,operating,CLOSED_UNIQUE,15218690.0,2024-06-30,a939891112ab9539af1d95e15728ec12b79820fa8ff4ab77bf80ec20cee23df5,CLOSED_UNIQUE,76229000.0,CLOSED_UNIQUE,80335000.0,,NAF,CLOSED_PF_LT60,2025-03-31,True,DIRECT,
910073,0000910073-25-000038,20250304,"FLAGSTAR FINANCIAL, INC.",1-LAF,LAF,CLOSED,CLOSED_OPERATING_NON_SHELL,OPERATING,operating,CLOSED_UNIQUE,1700000000.0,2024-06-30,d74a02807fa43aaa06d595e313becd99cbd02c5ecccd97a0c5203c8e530e93fc,NO_WHITELIST_TOPLINE,,NO_WHITELIST_TOPLINE,,2025-03-04,LAF,CLOSED_PF_GE700,2025-03-03,True,12B25,
910108,0001444838-25-000023,20250213,LXP INDUSTRIAL TRUST,1-LAF,LAF,CLOSED,CLOSED_OPERATING_NON_SHELL,OPERATING,operating,CLOSED_UNIQUE,2625426441.0,2024-06-30,d862a7342ec6dd77280d9a3d918b3a742f2e233ae3958015bee113dcdd364f9f,NO_WHITELIST_TOPLINE,,NO_WHITELIST_TOPLINE,,,LAF,CLOSED_PF_GE700,2025-03-03,True,DIRECT,
910267,0001829126-25-001934,20250320,TITAN PHARMACEUTICALS INC,4-NON,NAF,CLOSED,CLOSED_OPERATING_NON_SHELL,OPERATING,operating,CLOSED_UNIQUE,3700000.0,2024-06-30,d211748fa595f25fa0e7de534c2b8ef19519e9c4d0068b2b0df38297446196c0,CLOSED_UNIQUE,184000.0,CLOSED_UNIQUE,557000.0,,NAF,CLOSED_PF_LT60,2025-03-31,True,DIRECT,
910329,0001628280-25-006094,20250218,MEDIFAST INC,1-LAF,LAF,CLOSED,CLOSED_OPERATING_NON_SHELL,OPERATING,operating,CLOSED_UNIQUE,230000000.0,2024-06-30,5ec979a2466fd819cf7407e56bfcb5245ec7e8011e5d95a7a3284a5c3318f84b,CLOSED_UNIQUE,1072054000.0,CLOSED_UNIQUE,1598577000.0,,AF,CLOSED_PRIOR_LAF_REV_GE100_EXIT_AF,2025-03-17,True,DIRECT,
910612,0000950170-25-030677,20250303,CBL & ASSOCIATES PROPERTIES INC,2-ACC,AF,CLOSED,CLOSED_OPERATING_NON_SHELL,OPERATING,operating,CLOSED_UNIQUE,423694184.0,2024-06-30,0bded2d16ffc3342f84c89a1278a4f166ee3cfae13b71f4b211a50691a8ea122,CLOSED_UNIQUE,535286000.0,CLOSED_UNIQUE,563011000.0,,AF,CLOSED_PRIOR_ACC_REV_GE80_REMAIN_AF,2025-03-17,True,DIRECT,
911177,0000911177-25-000010,20250218,CASELLA WASTE SYSTEMS INC,1-LAF,LAF,CLOSED,CLOSED_OPERATING_NON_SHELL,OPERATING,operating,CLOSED_UNIQUE,5600000000.0,2024-06-28,373fcd0cbc5dab5a59fe942eb2b118dfd542888077db888c8c6883dc9a241dee,CLOSED_UNIQUE,1264542000.0,CLOSED_UNIQUE,1085089000.0,,LAF,CLOSED_PF_GE700,2025-03-03,True,DIRECT,
912061,0001437749-25-004700,20250221,NATURAL HEALTH TRENDS CORP,4-NON,NAF,CLOSED,CLOSED_OPERATING_NON_SHELL,OPERATING,operating,CLOSED_UNIQUE,53210169.0,2024-06-28,7a548fa3bbd9036e48767d3b41a410ad89cedeae73e1ff65ec475eabb72a4e8a,CLOSED_UNIQUE,43924000.0,CLOSED_UNIQUE,49134000.0,,NAF,CLOSED_PF_LT60,2025-03-31,True,DIRECT,
912242,0000912242-25-000023,20250228,MACERICH CO,1-LAF,LAF,CLOSED,CLOSED_OPERATING_NON_SHELL,OPERATING,operating,CLOSED_UNIQUE,3300000000.0,2024-06-30,35f4fd3edc794ad6c3b70518b6aa568fc38c8679e2f9cbe18be3e8f7b3d48290,CLOSED_UNIQUE,884068000.0,CLOSED_UNIQUE,859164000.0,,LAF,CLOSED_PF_GE700,2025-03-03,True,DIRECT,
912544,0001641172-25-003031,20250407,NOVELSTEM INTERNATIONAL CORP.,4-NON,NAF,CLOSED,CLOSED_OPERATING_NON_SHELL,OPERATING,operating,CLOSED_UNIQUE,3282000.0,2024-06-28,51e223504247512b965b18eab5906715e9860a3a84f5df85a7552a14909b6410,NO_WHITELIST_TOPLINE,,NO_WHITELIST_TOPLINE,,2025-04-01,NAF,CLOSED_PF_LT60,2025-03-31,True,12B25,
912562,0000912562-25-000007,20250219,"GIBRALTAR INDUSTRIES, INC.",1-LAF,LAF,CLOSED,CLOSED_OPERATING_NON_SHELL,OPERATING,operating,CLOSED_UNIQUE,2100000000.0,2024-06-30,b390401c6b41aee9bc536a2cfc80c8d432c9c86db1004b55b5712a1ffc09b2da,CLOSED_UNIQUE,1377736000.0,CLOSED_UNIQUE,1389966000.0,,LAF,CLOSED_PF_GE700,2025-03-03,True,DIRECT,
912593,0000912593-25-000086,20250228,SUN COMMUNITIES INC,1-LAF,LAF,CLOSED,CLOSED_OPERATING_NON_SHELL,OPERATING,operating,CLOSED_UNIQUE,14832747260.0,2024-06-30,846be3b010e7f76491a514a63c0babfa83bf775fbb4d6768fde69339a6d80e62,CLOSED_UNIQUE,3224600000.0,CLOSED_UNIQUE,2969700000.0,,LAF,CLOSED_PF_GE700,2025-03-03,True,DIRECT,
912766,0001628280-25-006557,20250220,"LAUREATE EDUCATION, INC.",1-LAF,LAF,CLOSED,CLOSED_OPERATING_NON_SHELL,OPERATING,operating,CLOSED_UNIQUE,1942000000.0,2024-06-30,4f792a954b34c160527b9542d52308845c9266efb1c156e67dd7efa391502ce9,CLOSED_UNIQUE,1484288000.0,CLOSED_UNIQUE,1242271000.0,,LAF,CLOSED_PF_GE700,2025-03-03,True,DIRECT,
912767,0001558370-25-001595,20250226,UFP INDUSTRIES INC,1-LAF,LAF,CLOSED,CLOSED_OPERATING_NON_SHELL,OPERATING,operating,CLOSED_UNIQUE,6374807220.0,2024-06-29,5063875bb81cadacde20a8506d0f853a6572b8b5a04bde51499fdca2dff046a3,CLOSED_UNIQUE,7218384000.0,CLOSED_UNIQUE,9626739000.0,,LAF,CLOSED_PF_GE700,2025-03-03,True,DIRECT,
913142,0000913142-25-000005,20250213,BELDEN INC.,1-LAF,LAF,CLOSED,CLOSED_OPERATING_NON_SHELL,OPERATING,operating,CLOSED_UNIQUE,2940349913.0,2024-06-30,ec38cbe6b0f43be4951a97feefc1412675ac25e399fe215c61897dc36f2665d5,CLOSED_UNIQUE,2512084000.0,CLOSED_UNIQUE,2606485000.0,,LAF,CLOSED_PF_GE700,2025-03-03,True,DIRECT,
913144,0000913144-25-000009,20250212,RENAISSANCERE HOLDINGS LTD,1-LAF,LAF,CLOSED,CLOSED_OPERATING_NON_SHELL,OPERATING,operating,CLOSED_UNIQUE,11500000000.0,2024-06-30,d4cd4c58bf4b347a6edb784c932fd10ca8aef107597c4c90f25faffd751ef32e,CLOSED_UNIQUE,9134608000.0,CLOSED_UNIQUE,5060412000.0,,LAF,CLOSED_PF_GE700,2025-03-03,True,DIRECT,
913241,0001628280-25-009503,20250303,"STEVEN MADDEN, LTD.",1-LAF,LAF,CLOSED,CLOSED_OPERATING_NON_SHELL,OPERATING,operating,CLOSED_UNIQUE,3028329798.0,2024-06-28,bc38129cebded236aef735de8a023732c9d874ac7c1670753f37b939990fd2a1,CONFLICTING_WHITELIST_VALUES,,CONFLICTING_WHITELIST_VALUES,,,LAF,CLOSED_PF_GE700,2025-03-03,True,DIRECT,
913277,0001558370-25-002405,20250306,CLARUS CORP,2-ACC,AF,CLOSED,CLOSED_OPERATING_NON_SHELL,OPERATING,operating,CLOSED_UNIQUE,213700000.0,2024-06-30,b3afbb812a1e8ee7accbb604931ad700f128677d3a163e81023a60fb1ce729e8,CLOSED_UNIQUE,286020000.0,CLOSED_UNIQUE,448106000.0,,AF,CLOSED_PRIOR_ACC_REV_GE80_REMAIN_AF,2025-03-17,True,DIRECT,
914139,0001437749-25-008997,20250324,PARKERVISION INC,4-NON,NAF,CLOSED,CLOSED_OPERATING_NON_SHELL,OPERATING,operating,CLOSED_UNIQUE,10261835.0,2024-06-30,ad24783d98641c19d647a174db663a185377948131a15dc6d0b6af3f648f94db,NO_WHITELIST_TOPLINE,,NO_WHITELIST_TOPLINE,,,NAF,CLOSED_PF_LT60,2025-03-31,True,DIRECT,
914156,0001171843-25-001192,20250303,UFP TECHNOLOGIES INC,1-LAF,LAF,CLOSED,CLOSED_OPERATING_NON_SHELL,OPERATING,operating,CLOSED_UNIQUE,1915822594.0,2024-06-30,a70353cdc81663c611fd05c295f28a82e8755c5e7c3b2632a9ce5ef6105ad755,CLOSED_UNIQUE,400072000.0,CLOSED_UNIQUE,353792000.0,,LAF,CLOSED_PF_GE700,2025-03-03,True,DIRECT,
914208,0000914208-25-000114,20250225,INVESCO LTD.,1-LAF,LAF,CLOSED,CLOSED_OPERATING_NON_SHELL,OPERATING,operating,CLOSED_UNIQUE,5500000000.0,2024-06-30,4b1278d3bbedfe656d4a865b6ae2ec443518c1506e939fd2d31183fc8fa2f995,CLOSED_UNIQUE,5716400000.0,CLOSED_UNIQUE,6048900000.0,,LAF,CLOSED_PF_GE700,2025-03-03,True,DIRECT,
91440,0000091440-25-000010,20250213,SNAP-ON INC,1-LAF,LAF,CLOSED,CLOSED_OPERATING_NON_SHELL,OPERATING,operating,CLOSED_UNIQUE,13500000000.0,2024-06-29,425eb9cc115bfeb0557b5889df3123bef3e82c6935b942680ab44dd55b7da7c6,CLOSED_UNIQUE,5108300000.0,CLOSED_UNIQUE,4842500000.0,,LAF,CLOSED_PF_GE700,2025-03-03,True,DIRECT,
914475,0000914475-25-000037,20250210,NEUROCRINE BIOSCIENCES INC,1-LAF,LAF,CLOSED,CLOSED_OPERATING_NON_SHELL,OPERATING,operating,CLOSED_UNIQUE,10500000000.0,2024-06-30,a680941097bb43b85062cd60f5c3222b01ce403b13f8c1b2d9a2ecada57ca320,CLOSED_UNIQUE,1887100000.0,CLOSED_UNIQUE,1488700000.0,,LAF,CLOSED_PF_GE700,2025-03-03,True,DIRECT,
914748,0000914748-25-000003,20250318,EVEREST REINSURANCE HOLDINGS INC,4-NON,NAF,CLOSED,CLOSED_OPERATING_NON_SHELL,OPERATING,operating,CLOSED_UNIQUE,0.0,2024-06-30,bdce7fa3db19cd3ee8e0901d79b4a297292d2303966c13fe009d3268fd3b75f6,CLOSED_UNIQUE,9337000000.0,CLOSED_UNIQUE,7526000000.0,,NAF,CLOSED_PF_LT60,2025-03-31,True,DIRECT,
91576,0000091576-25-000038,20250221,KEYCORP /NEW/,1-LAF,LAF,CLOSED,CLOSED_OPERATING_NON_SHELL,OPERATING,operating,CLOSED_UNIQUE,13402865321.0,2024-06-28,90e3f01c22c94dc2fe145535adf15262d3be73e1d46e664695b07f96ffdcba9f,NO_WHITELIST_TOPLINE,,NO_WHITELIST_TOPLINE,,,LAF,CLOSED_PF_GE700,2025-03-03,True,DIRECT,
915912,0000915912-25-000005,20250227,AVALONBAY COMMUNITIES INC,1-LAF,LAF,CLOSED,CLOSED_OPERATING_NON_SHELL,OPERATING,operating,CLOSED_UNIQUE,29566349751.0,2024-06-30,004f388dd9c73c1257fa60df894138f591d1fb8bf4fb328a77e9bfe0fdf652be,CLOSED_UNIQUE,2767909000.0,CLOSED_UNIQUE,2593446000.0,,LAF,CLOSED_PF_GE700,2025-03-03,True,DIRECT,
916076,0000950170-25-024770,20250221,MARTIN MARIETTA MATERIALS INC,1-LAF,LAF,CLOSED,CLOSED_OPERATING_NON_SHELL,OPERATING,operating,CLOSED_UNIQUE,29035890412.0,2024-06-30,eeb38a43873617c367a05a926c121ad32df43c841afa9275475ad06d74b4df10,CLOSED_UNIQUE,6777200000.0,CLOSED_UNIQUE,6160700000.0,,LAF,CLOSED_PF_GE700,2025-03-03,True,DIRECT,
916365,0000916365-25-000076,20250220,TRACTOR SUPPLY CO /DE/,1-LAF,LAF,CLOSED,CLOSED_OPERATING_NON_SHELL,OPERATING,operating,CLOSED_UNIQUE,23700000000.0,2024-06-29,8e77ff60b409b3744d2f37dd49306717d601012086f7ea80645ac32362f04859,CLOSED_UNIQUE,14555741000.0,CLOSED_UNIQUE,14204717000.0,,LAF,CLOSED_PF_GE700,2025-03-03,True,DIRECT,
916540,0000916540-25-000008,20250225,DARLING INGREDIENTS INC.,1-LAF,LAF,CLOSED,CLOSED_OPERATING_NON_SHELL,OPERATING,operating,CLOSED_UNIQUE,5781898000.0,2024-06-29,04725d5623b90644182f28ff25379f054574141ad134468b258a242930b2924e,CLOSED_UNIQUE,6788080000.0,CLOSED_UNIQUE,6532204000.0,,LAF,CLOSED_PF_GE700,2025-03-03,True,DIRECT,
917225,0001654954-25-002628,20250312,SOLITARIO RESOURCES CORP.,4-NON,NAF,CLOSED,CLOSED_OPERATING_NON_SHELL,OPERATING,operating,CLOSED_UNIQUE,65923000.0,2024-06-28,09ace8de80751792f883395012b0cc97151dd95f78091eb7ca8fa3ef11e04255,NO_WHITELIST_TOPLINE,,NO_WHITELIST_TOPLINE,,,NAF,CLOSED_PRIOR_NON_PF_LT75,2025-03-31,True,DIRECT,
917251,0001558370-25-000803,20250211,AGREE REALTY CORP,1-LAF,LAF,CLOSED,CLOSED_OPERATING_NON_SHELL,OPERATING,operating,CLOSED_UNIQUE,6119262682.0,2024-06-30,7af55f3e89209537e7bbce1d069368ce107b849e29ae2952a566d1b994781b41,CLOSED_UNIQUE,537495000.0,CLOSED_UNIQUE,429814000.0,,LAF,CLOSED_PF_GE700,2025-03-03,True,DIRECT,
917273,0000917273-25-000021,20250224,RAMBUS INC,1-LAF,LAF,CLOSED,CLOSED_OPERATING_NON_SHELL,OPERATING,operating,CLOSED_UNIQUE,4700000000.0,2024-06-30,747ea8459c7d542159b0d1e584ed5a8dc6bd09338ab1bf8ad75517aa8290b7dc,CLOSED_UNIQUE,461117000.0,CLOSED_UNIQUE,454793000.0,,LAF,CLOSED_PF_GE700,2025-03-03,True,DIRECT,
917470,0001437749-25-004742,20250221,OLYMPIC STEEL INC,2-ACC,AF,CLOSED,CLOSED_OPERATING_NON_SHELL,OPERATING,operating,CLOSED_UNIQUE,438923312.0,2024-06-28,563755b59822a2203ad1d2417b77d60b4f72d229cc055b70b2ebf26edcaef3f4,CLOSED_UNIQUE,2158163000.0,CLOSED_UNIQUE,2559990000.0,,AF,CLOSED_PRIOR_ACC_REV_GE80_REMAIN_AF,2025-03-17,True,DIRECT,
917491,0001628280-25-007378,20250224,FARO TECHNOLOGIES INC,2-ACC,AF,CLOSED,CLOSED_OPERATING_NON_SHELL,OPERATING,operating,CLOSED_UNIQUE,303911472.0,2024-06-28,3acbbb7cf9b4e874690882dc84a621950e6866ef417822e246a6afb4e2f64feb,CLOSED_UNIQUE,358831000.0,CLOSED_UNIQUE,345765000.0,,AF,CLOSED_PRIOR_ACC_REV_GE80_REMAIN_AF,2025-03-17,True,DIRECT,
917520,0000917520-25-000017,20250225,INTEGRA LIFESCIENCES HOLDINGS CORP,1-LAF,LAF,CLOSED,CLOSED_OPERATING_NON_SHELL,OPERATING,operating,CLOSED_UNIQUE,2189100000.0,2024-06-28,e7f6689ebc828845930fe84188be4b10deee089ac2bf2899f27c087cb36b836e,NO_WHITELIST_TOPLINE,,NO_WHITELIST_TOPLINE,,,LAF,CLOSED_PF_GE700,2025-03-03,True,DIRECT,
91767,0000091767-25-000014,20250228,SONOCO PRODUCTS CO,1-LAF,LAF,CLOSED,CLOSED_OPERATING_NON_SHELL,OPERATING,operating,CLOSED_UNIQUE,4956942593.0,2024-06-30,c271a47f5096ee3f1c251b7e18b304cbb06f134645167252f3d389043592c85f,CLOSED_UNIQUE,6781292000.0,CLOSED_UNIQUE,7250552000.0,,LAF,CLOSED_PF_GE700,2025-03-03,True,DIRECT,
918541,0000918541-25-000018,20250306,NN INC,2-ACC,AF,CLOSED,CLOSED_OPERATING_NON_SHELL,OPERATING,operating,CLOSED_UNIQUE,86800000.0,2024-06-30,af2603f01ce138f6f08f90f0f5b16f5364d95bf7068753b2fead9b6d95905a97,CLOSED_UNIQUE,489270000.0,CLOSED_UNIQUE,498738000.0,,AF,CLOSED_PRIOR_ACC_REV_GE80_REMAIN_AF,2025-03-17,True,DIRECT,
920148,0000920148-25-000032,20250225,LABCORP HOLDINGS INC.,1-LAF,LAF,CLOSED,CLOSED_OPERATING_NON_SHELL,OPERATING,operating,CLOSED_UNIQUE,16400000000.0,2024-06-28,5a017f649fac4d21cd72c047b068d9b5e375fe4317ae491ef12ea5863047e10f,CLOSED_UNIQUE,12161600000.0,CLOSED_UNIQUE,14876800000.0,,LAF,CLOSED_PF_GE700,2025-03-03,True,DIRECT,
920371,0000920371-25-000051,20250303,"SIMPSON MANUFACTURING CO., INC.",1-LAF,LAF,CLOSED,CLOSED_OPERATING_NON_SHELL,OPERATING,operating,CLOSED_UNIQUE,7105664832.0,2024-06-30,6203bf1fb0b558482f6575daf12f842d7c51ea2adb4440f80a60eb8ee9ee70dc,CLOSED_UNIQUE,2213803000.0,CLOSED_UNIQUE,2116087000.0,,LAF,CLOSED_PF_GE700,2025-03-03,True,DIRECT,
921114,0001558370-25-003406,20250321,"ARMATA PHARMACEUTICALS, INC.",4-NON,NAF,CLOSED,CLOSED_OPERATING_NON_SHELL,OPERATING,operating,CLOSED_UNIQUE,30300000.0,2024-06-28,2f22640765e9aef996213f81a8c600bd402591498021d8d5c28033494aae2c66,NO_WHITELIST_TOPLINE,,NO_WHITELIST_TOPLINE,,,NAF,CLOSED_PF_LT60,2025-03-31,True,DIRECT,
921299,0000950170-25-040280,20250317,FIBROGEN INC,2-ACC,AF,CLOSED,CLOSED_OPERATING_NON_SHELL,OPERATING,operating,CLOSED_UNIQUE,88400000.0,2024-06-30,e59d1f99f49d575698ef8315571dd0b821c96f159c5c7e0625964eff3ca31151,CLOSED_UNIQUE,147752000.0,CLOSED_UNIQUE,140734000.0,,AF,CLOSED_PRIOR_ACC_REV_GE80_REMAIN_AF,2025-03-17,True,DIRECT,
921582,0000921582-25-000008,20250219,IMAX CORP,1-LAF,LAF,CLOSED,CLOSED_OPERATING_NON_SHELL,OPERATING,operating,CLOSED_UNIQUE,712000000.0,2024-06-30,3617e63d843ab8e153cb9c1002e2bc7786a2ba1780047b82c186169a13af3d34,NO_WHITELIST_TOPLINE,,NO_WHITELIST_TOPLINE,,,LAF,CLOSED_PF_GE700,2025-03-03,True,DIRECT,
921638,0000921638-25-000041,20250218,SSR MINING INC.,1-LAF,LAF,CLOSED,CLOSED_OPERATING_NON_SHELL,OPERATING,operating,CLOSED_UNIQUE,906492068.0,2024-06-30,84cffac9971dab73eca61f50d56e06e0647c2af1c59a73cd499eed6bd2f17619,CLOSED_UNIQUE,1426927000.0,CLOSED_UNIQUE,1148033000.0,,LAF,CLOSED_PF_GE700,2025-03-03,True,DIRECT,
921738,0000921738-25-000008,20250227,"PENN ENTERTAINMENT, INC.",1-LAF,LAF,CLOSED,CLOSED_OPERATING_NON_SHELL,OPERATING,operating,CLOSED_UNIQUE,2900000000.0,2024-06-30,85323e549246ead81f49e90c0c2bd8edf6d45c665f91b60a2ecebe68fcde5b49,CLOSED_UNIQUE,6362900000.0,CLOSED_UNIQUE,6401700000.0,,LAF,CLOSED_PF_GE700,2025-03-03,True,DIRECT,
92230,0000092230-25-000020,20250225,TRUIST FINANCIAL CORP,1-LAF,LAF,CLOSED,CLOSED_OPERATING_NON_SHELL,OPERATING,operating,CLOSED_UNIQUE,51900000000.0,2024-06-30,5534889d4b21f3943ba4fac53048e759a49096bb677b7d99534016c7844d253d,NO_WHITELIST_TOPLINE,,NO_WHITELIST_TOPLINE,,,LAF,CLOSED_PF_GE700,2025-03-03,True,DIRECT,
922621,0000922621-25-000004,20250227,ERIE INDEMNITY CO,1-LAF,LAF,CLOSED,CLOSED_OPERATING_NON_SHELL,OPERATING,operating,CLOSED_UNIQUE,9100000000.0,2024-06-30,0cc8753c4d6f7482905c0baed4bcffbbb2c0dbeaceb8be48f7f0e944a56e8ca2,CLOSED_UNIQUE,3268940000.0,CLOSED_UNIQUE,2840124000.0,,LAF,CLOSED_PF_GE700,2025-03-03,True,DIRECT,
923796,0000950170-25-029972,20250228,GEO GROUP INC,1-LAF,LAF,CLOSED,CLOSED_OPERATING_NON_SHELL,OPERATING,operating,CLOSED_UNIQUE,2000000000.0,2024-06-30,614f50577f737718f677cbc6aad37fea680031afbe16b01256a032c45a40836d,CLOSED_UNIQUE,2413167000.0,CLOSED_UNIQUE,2376727000.0,,LAF,CLOSED_PF_GE700,2025-03-03,True,DIRECT,
92380,0000092380-25-000024,20250207,SOUTHWEST AIRLINES CO,1-LAF,LAF,CLOSED,CLOSED_OPERATING_NON_SHELL,OPERATING,operating,CLOSED_UNIQUE,17086581902.0,2024-06-30,e4dbc39d1b313f0aefebd3760846d8b3546dcbb4a8440810a00356a86ed4a7d5,CLOSED_UNIQUE,26091000000.0,CLOSED_UNIQUE,23814000000.0,,LAF,CLOSED_PF_GE700,2025-03-03,True,DIRECT,
924168,0001628280-25-014614,20250325,"ENERGY FOCUS, INC/DE",4-NON,NAF,CLOSED,CLOSED_OPERATING_NON_SHELL,OPERATING,operating,CLOSED_UNIQUE,4400000.0,2024-06-30,7406f3c882c649ef604d33b18a85815b512fe91e2904ea3342889aa960da36ba,CLOSED_UNIQUE,5717000.0,CLOSED_UNIQUE,5968000.0,,NAF,CLOSED_PF_LT60,2025-03-31,True,DIRECT,
924515,0001477932-25-002200,20250331,GUIDED THERAPEUTICS INC,4-NON,NAF,CLOSED,CLOSED_OPERATING_NON_SHELL,OPERATING,operating,CLOSED_UNIQUE,3717645.0,2024-06-30,724604a2871dbcbb60c3701ce481250afd23dafa1c556acac49797cc4d0b9706,NO_WHITELIST_TOPLINE,,NO_WHITELIST_TOPLINE,,,NAF,CLOSED_PF_LT60,2025-03-31,True,DIRECT,
924822,0001558370-25-002276,20250305,MILLER INDUSTRIES INC /TN/,2-ACC,AF,CLOSED,CLOSED_OPERATING_NON_SHELL,OPERATING,operating,CLOSED_UNIQUE,604324990.0,2024-06-30,913ddb82ae0248d71ef68d5d7f08f41d6d15572236893a5505c130e350854f90,CLOSED_UNIQUE,1153354000.0,CLOSED_UNIQUE,848456000.0,,AF,CLOSED_PRIOR_ACC_REV_GE80_REMAIN_AF,2025-03-17,True,DIRECT,
92521,0000092521-25-000009,20250227,SOUTHWESTERN PUBLIC SERVICE CO,4-NON,NAF,CLOSED,CLOSED_OPERATING_NON_SHELL,OPERATING,operating,CLOSED_UNIQUE,0.0,2024-06-30,bd8d23f67ea0af8e4a1cac81ce78db67ceb140b17646d599f59a393eac2faaf4,CLOSED_UNIQUE,2152000000.0,CLOSED_UNIQUE,2426000000.0,,NAF,CLOSED_PF_LT60,2025-03-31,True,DIRECT,
925528,0001410578-25-000323,20250312,HUDSON TECHNOLOGIES INC /NY,2-ACC,AF,CLOSED,CLOSED_OPERATING_NON_SHELL,OPERATING,operating,CLOSED_UNIQUE,387024597.0,2024-06-30,efd9b0526151b347b116dd8c8ef5f17d08cfb53c13207db39e01d0858969d176,CLOSED_UNIQUE,289025000.0,CLOSED_UNIQUE,325225000.0,,AF,CLOSED_PRIOR_ACC_REV_GE80_REMAIN_AF,2025-03-17,True,DIRECT,
925741,0001437749-25-009397,20250326,"BIOCARDIA, INC.",4-NON,NAF,CLOSED,CLOSED_OPERATING_NON_SHELL,OPERATING,operating,CLOSED_UNIQUE,5600000.0,2024-06-28,375d813a8e0c964b38cb988a3b5b796390042ca7dbdcc42861cbf93ba15945ff,NO_WHITELIST_TOPLINE,,NO_WHITELIST_TOPLINE,,,NAF,CLOSED_PF_LT60,2025-03-31,True,DIRECT,
926326,0000926326-25-000003,20250227,"OMNICELL, INC.",1-LAF,LAF,CLOSED,CLOSED_OPERATING_NON_SHELL,OPERATING,operating,CLOSED_UNIQUE,1200000000.0,2024-06-30,ab411313f0f7bf8c0cf0c7614b3be28f1ac2fbab10c4cc11441d49d1b612b2d9,CLOSED_UNIQUE,1147112000.0,CLOSED_UNIQUE,1295947000.0,,LAF,CLOSED_PF_GE700,2025-03-03,True,DIRECT,
926617,0001641172-25-000983,20250327,ASPIRA WOMEN'S HEALTH INC.,4-NON,NAF,CLOSED,CLOSED_OPERATING_NON_SHELL,OPERATING,operating,CLOSED_UNIQUE,21088293.0,2024-06-30,b243449e1be538a2de945863e2655d8b4c32d7e9a551ed299ff1ffbf33fa8ee0,CLOSED_UNIQUE,9154000.0,CLOSED_UNIQUE,8184000.0,,NAF,CLOSED_PF_LT60,2025-03-31,True,DIRECT,
927003,0001558370-25-001038,20250218,ADVANCED ENERGY INDUSTRIES INC,1-LAF,LAF,CLOSED,CLOSED_OPERATING_NON_SHELL,OPERATING,operating,CLOSED_UNIQUE,4065435423.0,2024-06-30,00de9e60abf2fe3ecd747e27a0adf07191024fe340109424cc17550894f22586,NO_WHITELIST_TOPLINE,,NO_WHITELIST_TOPLINE,,,LAF,CLOSED_PF_GE700,2025-03-03,True,DIRECT,
927066,0000927066-25-000012,20250213,DAVITA INC.,1-LAF,LAF,CLOSED,CLOSED_OPERATING_NON_SHELL,OPERATING,operating,CLOSED_UNIQUE,11800000000.0,2024-06-30,567b798c376f9d7db3e8d66597fb53222f91396eef4fc1a5cdbdd46800a0cde6,CLOSED_UNIQUE,12140147000.0,CLOSED_UNIQUE,11609894000.0,,LAF,CLOSED_PF_GE700,2025-03-03,True,DIRECT,
927628,0000927628-25-000092,20250220,CAPITAL ONE FINANCIAL CORP,1-LAF,LAF,CLOSED,CLOSED_OPERATING_NON_SHELL,OPERATING,operating,CLOSED_UNIQUE,52300000000.0,2024-06-30,65482da7fe1bd85db092df661cf19d651c5dd2f1f63acfdc2ba5d59c7a095dbb,NO_WHITELIST_TOPLINE,,NO_WHITELIST_TOPLINE,,,LAF,CLOSED_PF_GE700,2025-03-03,True,DIRECT,
928054,0000928054-25-000017,20250312,FLOTEK INDUSTRIES INC/CN/,4-NON,NAF,CLOSED,CLOSED_OPERATING_NON_SHELL,OPERATING,operating,CLOSED_UNIQUE,68800000.0,2024-06-28,e931a2743b0347506d78dac270f37605c1f9fd9b58b97465abfecf9585992664,CLOSED_UNIQUE,188058000.0,CLOSED_UNIQUE,136092000.0,,NAF,CLOSED_PRIOR_NON_PF_LT75,2025-03-31,True,DIRECT,
928340,0001558370-25-003137,20250317,CONSOLIDATED WATER CO. LTD.,4-NON,NAF,CLOSED,CLOSED_OPERATING_NON_SHELL,OPERATING,operating,CLOSED_UNIQUE,395630506.0,2024-06-30,ed787ef6005e2b7a3a5c238fddecd5d2052afbacad978dee0f34def270fbfc19,CLOSED_UNIQUE,180211233.0,CLOSED_UNIQUE,94104972.0,,AF,CLOSED_PRIOR_NON_REV_GE100_ENTER_AF,2025-03-17,True,DIRECT,
929008,0000929008-25-000005,20250214,WESCO INTERNATIONAL INC,1-LAF,LAF,CLOSED,CLOSED_OPERATING_NON_SHELL,OPERATING,operating,CLOSED_UNIQUE,7700000000.0,2024-06-28,eec37d1794038adc6f3051015261fb93653780abc9b114a146890589f37f1026,CLOSED_UNIQUE,22385200000.0,CLOSED_UNIQUE,21420116000.0,,LAF,CLOSED_PF_GE700,2025-03-03,True,DIRECT,
930236,0000930236-25-000007,20250303,REDWOOD TRUST INC,1-LAF,LAF,CLOSED,CLOSED_OPERATING_NON_SHELL,OPERATING,operating,CLOSED_UNIQUE,848457170.0,2024-06-30,4ac438a8a110789f1ad173ad5c6ed0b67e0cd0a2689168760a4a7c474657df07,NO_WHITELIST_TOPLINE,,NO_WHITELIST_TOPLINE,,,LAF,CLOSED_PF_GE700,2025-03-03,True,DIRECT,
930420,0000930420-25-000022,20250221,KFORCE INC,1-LAF,LAF,CLOSED,CLOSED_OPERATING_NON_SHELL,OPERATING,operating,CLOSED_UNIQUE,996072710.0,2024-06-30,fb8d8e57ff533a1049e359904f0438506a625bd06839e48afbae76c9648990aa,CLOSED_UNIQUE,1531756000.0,CLOSED_UNIQUE,1710765000.0,,LAF,CLOSED_PF_GE700,2025-03-03,True,DIRECT,
931015,0001628280-25-006009,20250218,POLARIS INC.,1-LAF,LAF,CLOSED,CLOSED_OPERATING_NON_SHELL,OPERATING,operating,CLOSED_UNIQUE,4365588000.0,2024-06-30,8387d0068de9b39f0d7ac8e295716045b3a53404f51ead7afed81b75a228b54c,CLOSED_UNIQUE,8934400000.0,CLOSED_UNIQUE,8589000000.0,,LAF,CLOSED_PF_GE700,2025-03-03,True,DIRECT,
931148,0000931148-25-000028,20250214,GRAFTECH INTERNATIONAL LTD,1-LAF,LAF,CLOSED,CLOSED_OPERATING_NON_SHELL,OPERATING,operating,CLOSED_UNIQUE,217900000.0,2024-06-30,1aa45c0a7f57ef3792a8d06957f1d8c8dc0b7ccf50496bb4e7aa24a9b63a9cf6,CLOSED_UNIQUE,620500000.0,CLOSED_UNIQUE,1281250000.0,,AF,CLOSED_PRIOR_LAF_REV_GE100_EXIT_AF,2025-03-17,True,DIRECT,
9326,0001628280-25-007202,20250221,BALCHEM CORP,1-LAF,LAF,CLOSED,CLOSED_OPERATING_NON_SHELL,OPERATING,operating,CLOSED_UNIQUE,4969000000.0,2024-06-30,77d080b97af862dbaa0a89732dc6083e780e212b499b263a3dab01e6868416a2,CLOSED_UNIQUE,922439000.0,CLOSED_UNIQUE,942358000.0,,LAF,CLOSED_PF_GE700,2025-03-03,True,DIRECT,
932696,0001628280-25-005817,20250214,INSIGHT ENTERPRISES INC,1-LAF,LAF,CLOSED,CLOSED_OPERATING_NON_SHELL,OPERATING,operating,CLOSED_UNIQUE,5614142218.0,2024-06-28,a2e0eceff53465aacddba5e10fa30f328fbc687fefe8b1209ebb3d5c0c52d0a3,CLOSED_UNIQUE,9175840000.0,CLOSED_UNIQUE,10431191000.0,,LAF,CLOSED_PF_GE700,2025-03-03,True,DIRECT,
933036,0000933036-25-000042,20250225,"UPBOUND GROUP, INC.",1-LAF,LAF,CLOSED,CLOSED_OPERATING_NON_SHELL,OPERATING,operating,CLOSED_UNIQUE,1649853144.0,2024-06-30,8908eaa1c32bb88038028f7aa7230ef223fab6474d0d9f86eb0956fb088664a2,CLOSED_UNIQUE,3992413000.0,CLOSED_UNIQUE,4245392000.0,,LAF,CLOSED_PF_GE700,2025-03-03,True,DIRECT,
933136,0000933136-25-000018,20250220,MR. COOPER GROUP INC.,1-LAF,LAF,CLOSED,CLOSED_OPERATING_NON_SHELL,OPERATING,operating,CLOSED_UNIQUE,5157929056.0,2024-06-28,0d060c8d049f9e714ee7e4a268b4623a3aa994c5ae29f846e8dec361bcd7ecb5,CLOSED_UNIQUE,1794000000.0,CLOSED_UNIQUE,2464000000.0,,LAF,CLOSED_PF_GE700,2025-03-03,True,DIRECT,
93314,0001477932-25-002231,20250331,VOLITIONRX LTD,4-NON,NAF,CLOSED,CLOSED_OPERATING_NON_SHELL,OPERATING,operating,CLOSED_UNIQUE,45489867.0,2024-06-28,dc0e0f4327ab293192393ea028e2a87a36d67a5f24705dc54c8a20ae7328af76,CLOSED_UNIQUE,775302.0,CLOSED_UNIQUE,306392.0,,NAF,CLOSED_PF_LT60,2025-03-31,True,DIRECT,
93389,0000093389-25-000012,20250228,"STANDARD MOTOR PRODUCTS, INC.",1-LAF,LAF,CLOSED,CLOSED_OPERATING_NON_SHELL,OPERATING,operating,CLOSED_UNIQUE,544138691.0,2024-06-30,f65ee37ab5fbecb0e62732c5c113fe5610d4a80305585e79fccd05ee098eef41,CLOSED_UNIQUE,1358272000.0,CLOSED_UNIQUE,1371815000.0,,AF,CLOSED_PRIOR_LAF_REV_GE100_EXIT_AF,2025-03-17,True,DIRECT,
933972,0001654954-25-003443,20250328,374WATER INC.,4-NON,NAF,CLOSED,CLOSED_OPERATING_NON_SHELL,OPERATING,operating,CLOSED_UNIQUE,77.9,2024-06-30,73e44fdd2ba58ac3c090d2f96ac40aa66457603185d3bf6be4fa736c6d4faaba,CLOSED_UNIQUE,743952.0,CONFLICTING_WHITELIST_VALUES,,,NAF,CLOSED_PF_LT60,2025-03-31,True,DIRECT,
93410,0000093410-25-000009,20250221,CHEVRON CORP,1-LAF,LAF,CLOSED,CLOSED_OPERATING_NON_SHELL,OPERATING,operating,CLOSED_UNIQUE,286100000000.0,2024-06-28,99c4814391f5b1753af0102ba48f622ee3e8ccf5d0a1e997ee3298dd249184ec,CLOSED_UNIQUE,196913000000.0,CLOSED_UNIQUE,235717000000.0,,LAF,CLOSED_PF_GE700,2025-03-03,True,DIRECT,
934549,0000934549-25-000004,20250317,ACACIA RESEARCH CORP,4-NON,NAF,CLOSED,CLOSED_OPERATING_NON_SHELL,OPERATING,operating,CLOSED_UNIQUE,193500000.0,2024-06-30,b1db8e6cabacddb1e8645a1cf824ea4d8ece9316600b18e5dc8920ca4dc87bb5,CLOSED_UNIQUE,125102000.0,CLOSED_UNIQUE,59223000.0,,AF,CLOSED_PRIOR_NON_REV_GE100_ENTER_AF,2025-03-17,True,DIRECT,
935036,0000935036-25-000006,20250227,"ACI WORLDWIDE, INC.",1-LAF,LAF,CLOSED,CLOSED_OPERATING_NON_SHELL,OPERATING,operating,CLOSED_UNIQUE,2905746611.0,2024-06-28,4d6ccaace160460060d292cb5f77cdd501989ee77f174f040e65b9ae0ef993c3,CLOSED_UNIQUE,1452579000.0,CLOSED_UNIQUE,1421901000.0,,LAF,CLOSED_PF_GE700,2025-03-03,True,DIRECT,
93556,0000093556-25-000007,20250218,"STANLEY BLACK & DECKER, INC.",1-LAF,LAF,CLOSED,CLOSED_OPERATING_NON_SHELL,OPERATING,operating,CLOSED_UNIQUE,12300000000.0,2024-06-28,211b97f88006915d0c90c1ef9761151a8f8f5fa60291770e88093f73fbb4e616,CLOSED_UNIQUE,15781100000.0,CLOSED_UNIQUE,16947400000.0,,LAF,CLOSED_PF_GE700,2025-03-03,True,DIRECT,
936468,0000936468-25-000009,20250128,LOCKHEED MARTIN CORP,1-LAF,LAF,CLOSED,CLOSED_OPERATING_NON_SHELL,OPERATING,operating,CLOSED_UNIQUE,110800000000.0,2024-06-28,0a3adeeb3bc0c7c6e479ee74d31f24a802a9b989508c52e319df53105f0d2636,CLOSED_UNIQUE,67571000000.0,CLOSED_UNIQUE,65984000000.0,,LAF,CLOSED_PF_GE700,2025-03-03,True,DIRECT,
937098,0000937098-25-000016,20250213,"TRINET GROUP, INC.",1-LAF,LAF,CLOSED,CLOSED_OPERATING_NON_SHELL,OPERATING,operating,CLOSED_UNIQUE,3100000000.0,2024-06-30,0859c146be02a0bbf453bbabf32df1be652d434167f119a3fa43b1e4ac53b84d,CLOSED_UNIQUE,4922000000.0,CLOSED_UNIQUE,4885000000.0,,LAF,CLOSED_PF_GE700,2025-03-03,True,DIRECT,
93751,0000093751-25-000111,20250213,STATE STREET CORP,1-LAF,LAF,CLOSED,CLOSED_OPERATING_NON_SHELL,OPERATING,operating,CLOSED_UNIQUE,22090000000.0,2024-06-28,60a2c548f0596f5a1625f2b2482b5bd599db941244cfe3fb8dfc48a3fa0378db,CLOSED_UNIQUE,11945000000.0,CLOSED_UNIQUE,12148000000.0,,LAF,CLOSED_PF_GE700,2025-03-03,True,DIRECT,
937556,0000937556-25-000032,20250225,MASIMO CORP,1-LAF,LAF,CLOSED,CLOSED_OPERATING_NON_SHELL,OPERATING,operating,CLOSED_UNIQUE,3400000000.0,2024-06-28,1043f6cd0698d87ac0c5292471f384453a68594c0e1e9e2c3efb1fbc6a7b2822,CLOSED_UNIQUE,2048100000.0,CLOSED_UNIQUE,2035800000.0,,LAF,CLOSED_PF_GE700,2025-03-03,True,DIRECT,
9389,0001558370-25-001190,20250220,BALL CORP,1-LAF,LAF,CLOSED,CLOSED_OPERATING_NON_SHELL,OPERATING,operating,CLOSED_UNIQUE,18360000000.0,2024-06-30,483637394a158c80015ca53d70a298c714bc0dac460b1fed4f928903724fce3c,CLOSED_UNIQUE,14029000000.0,CLOSED_UNIQUE,15349000000.0,,LAF,CLOSED_PF_GE700,2025-03-03,True,DIRECT,
939767,0000939767-25-000019,20250211,"EXELIXIS, INC.",1-LAF,LAF,CLOSED,CLOSED_OPERATING_NON_SHELL,OPERATING,operating,CLOSED_UNIQUE,4800000000.0,2024-06-28,42244c8de82e0f4e2ce022d5f2749af0173d802278f7c88e36159e00a4b19a22,CLOSED_UNIQUE,1830208000.0,CLOSED_UNIQUE,1611062000.0,,LAF,CLOSED_PF_GE700,2025-03-03,True,DIRECT,
94049,0000950170-25-029079,20250227,STEPAN CO,1-LAF,LAF,CLOSED,CLOSED_OPERATING_NON_SHELL,OPERATING,operating,CLOSED_UNIQUE,1755684034.0,2024-06-30,a61133f55074008d1aec4a107595d51c8a457a744cf4cf9d7407d87b811864e3,NO_WHITELIST_TOPLINE,,NO_WHITELIST_TOPLINE,,,LAF,CLOSED_PF_GE700,2025-03-03,True,DIRECT,
940942,0000950170-25-026866,20250225,"HUB GROUP, INC.",1-LAF,LAF,CLOSED,CLOSED_OPERATING_NON_SHELL,OPERATING,operating,CLOSED_UNIQUE,2589081372.0,2024-06-30,6e06fef5f6fcdd4051e7d1e33be819688c0abaaaad52602769e8a43e6d498815,CLOSED_UNIQUE,4202585000.0,CLOSED_UNIQUE,5340490000.0,,LAF,CLOSED_PF_GE700,2025-03-03,True,DIRECT,
94344,0000094344-25-000004,20250228,STEWART INFORMATION SERVICES CORP,1-LAF,LAF,CLOSED,CLOSED_OPERATING_NON_SHELL,OPERATING,operating,CLOSED_UNIQUE,1700000000.0,2024-06-28,e29c9cf1f56061ea6d7c1d2764ae4da2d9d83bc823850b56fd26c126c3fc811f,CONFLICTING_WHITELIST_VALUES,,CONFLICTING_WHITELIST_VALUES,,,LAF,CLOSED_PF_GE700,2025-03-03,True,DIRECT,
943452,0001628280-25-005100,20250212,WESTINGHOUSE AIR BRAKE TECHNOLOGIES CORP,1-LAF,LAF,CLOSED,CLOSED_OPERATING_NON_SHELL,OPERATING,operating,CLOSED_UNIQUE,24400000000.0,2024-06-30,b400ca07da20a9d22b6936760ba59cedcb3ccf9f62656b274dda2cbbc9f9f32d,CLOSED_UNIQUE,9677000000.0,CLOSED_UNIQUE,8362000000.0,,LAF,CLOSED_PF_GE700,2025-03-03,True,DIRECT,
943535,0001641172-25-004775,20250415,"WORLD HEALTH ENERGY HOLDINGS, INC.",4-NON,NAF,CLOSED,CLOSED_OPERATING_NON_SHELL,OPERATING,operating,CLOSED_UNIQUE,16829215.0,2024-06-28,475d522f5c7a60ae61f85262a390a5a271fad1d6eb27db572e3a9d33f1ef3afb,CLOSED_UNIQUE,207709.0,CLOSED_UNIQUE,91120.0,2025-03-31,NAF,CLOSED_PF_LT60,2025-03-31,True,12B25,
944148,0001628280-25-008893,20250228,"CBIZ, INC.",1-LAF,LAF,CLOSED,CLOSED_OPERATING_NON_SHELL,OPERATING,operating,CLOSED_UNIQUE,3670000000.0,2024-06-28,1801a411954fb06d6415633aeb03273aab1dbabf4c5c8df3326bc31e4117e623,CLOSED_UNIQUE,1591194000.0,CLOSED_UNIQUE,1411979000.0,,LAF,CLOSED_PF_GE700,2025-03-03,True,DIRECT,
944695,0000950170-25-025093,20250224,"HANOVER INSURANCE GROUP, INC.",1-LAF,LAF,CLOSED,CLOSED_OPERATING_NON_SHELL,OPERATING,operating,CLOSED_UNIQUE,4472656527.0,2024-06-28,114dc52f3e34b4d8d9227eb75a6860080909ec879c1051d7868c71517cdc1bfa,CLOSED_UNIQUE,5993500000.0,CLOSED_UNIQUE,5468600000.0,,LAF,CLOSED_PF_GE700,2025-03-03,True,DIRECT,
945114,0000945114-25-000012,20250226,GLOBAL INDUSTRIAL CO,2-ACC,AF,CLOSED,CLOSED_OPERATING_NON_SHELL,OPERATING,operating,CLOSED_UNIQUE,412267153.0,2024-06-30,304b2b23eb65e2618d1ab6c0291e58cd198ee2ca92c71aca5fcfa2354db7bb72,CLOSED_UNIQUE,1274300000.0,CLOSED_UNIQUE,1166100000.0,,AF,CLOSED_PRIOR_ACC_REV_GE80_REMAIN_AF,2025-03-17,True,DIRECT,
945394,0000945394-25-000014,20250226,SERVICE PROPERTIES TRUST,1-LAF,LAF,CLOSED,CLOSED_OPERATING_NON_SHELL,OPERATING,operating,CLOSED_UNIQUE,839800000.0,2024-06-28,1ea1739d35b16cebf710ebd32fb07d2453f2e0d6d4fc662ec08c8e9656b066cf,CLOSED_UNIQUE,1873863000.0,CLOSED_UNIQUE,1863011000.0,,LAF,CLOSED_PF_GE700,2025-03-03,True,DIRECT,
945841,0000945841-25-000032,20250227,POOL CORP,1-LAF,LAF,CLOSED,CLOSED_OPERATING_NON_SHELL,OPERATING,operating,CLOSED_UNIQUE,11422468034.0,2024-06-28,37eb1b5124ab08dfa46a9b988411286a2c4c9328c71e0fcd7b2644c446560061,CLOSED_UNIQUE,5541595000.0,CLOSED_UNIQUE,6179727000.0,,LAF,CLOSED_PF_GE700,2025-03-03,True,DIRECT,
945983,0001437749-25-006986,20250311,"CLIMB GLOBAL SOLUTIONS, INC.",2-ACC,AF,CLOSED,CLOSED_OPERATING_NON_SHELL,OPERATING,operating,CLOSED_UNIQUE,259000000.0,2024-06-30,a69b25a57cc94b7a9b0934a4b011e32b2d3a28f70bf18d41a8c4559bc549da26,CLOSED_UNIQUE,352013000.0,CLOSED_UNIQUE,304348000.0,,AF,CLOSED_PRIOR_ACC_REV_GE80_REMAIN_AF,2025-03-17,True,DIRECT,
946155,0001628280-25-010848,20250306,TIAA REAL ESTATE ACCOUNT,4-NON,NAF,CLOSED,CLOSED_OPERATING_NON_SHELL,OPERATING,operating,CLOSED_UNIQUE,0.0,2024-06-30,830dca233d773aaadfb16fd7f13d310f0aa7e3781244f66d9976fff63f0f46a6,NO_WHITELIST_TOPLINE,,NO_WHITELIST_TOPLINE,,,NAF,CLOSED_PF_LT60,2025-03-31,True,DIRECT,
946486,0001437749-25-012093,20250415,WINDTREE THERAPEUTICS INC /DE/,4-NON,NAF,CLOSED,CLOSED_OPERATING_NON_SHELL,OPERATING,operating,CLOSED_UNIQUE,1900000.0,2024-06-28,4f529344dff6524252a1edc3a71224c8238fdd2b2776cdda9c1625e39d26c204,NO_WHITELIST_TOPLINE,,NO_WHITELIST_TOPLINE,,2025-03-31,NAF,CLOSED_PF_LT60,2025-03-31,True,12B25,
946563,0001558370-25-003976,20250328,RETRACTABLE TECHNOLOGIES INC,4-NON,NAF,CLOSED,CLOSED_OPERATING_NON_SHELL,OPERATING,operating,CLOSED_UNIQUE,14600000.0,2024-06-30,f5041d68490c44e26b649391e4802e672c03ea19f23ae16e8259c8bac2e0852e,NO_WHITELIST_TOPLINE,,NO_WHITELIST_TOPLINE,,,NAF,CLOSED_PF_LT60,2025-03-31,True,DIRECT,
946644,0001641172-25-000847,20250327,AIM IMMUNOTECH INC.,4-NON,NAF,CLOSED,CLOSED_OPERATING_NON_SHELL,OPERATING,operating,CLOSED_UNIQUE,20793354.0,2024-06-30,1ba71e20dd259ff0163bba35ce9004b583ac252e00e27e6bf61775b3efe0a3d9,CLOSED_UNIQUE,202000.0,CLOSED_UNIQUE,141000.0,,NAF,CLOSED_PF_LT60,2025-03-31,True,DIRECT,
946647,0000950170-25-029956,20250228,PREMIER FINANCIAL CORP,1-LAF,LAF,CLOSED,CLOSED_OPERATING_NON_SHELL,OPERATING,operating,CLOSED_UNIQUE,717200000.0,2024-06-30,3005798e3b860e9ec91e24c20bdf2dbb38c204ada17503ca74b9d947d3ad0547,NO_WHITELIST_TOPLINE,,NO_WHITELIST_TOPLINE,,,LAF,CLOSED_PF_GE700,2025-03-03,True,DIRECT,
946673,0000946673-25-000008,20250226,BANNER CORP,1-LAF,LAF,CLOSED,CLOSED_OPERATING_NON_SHELL,OPERATING,operating,CLOSED_UNIQUE,1685017638.0,2024-06-30,02c3aa8565f38304b88dbfa38e41be743841a538ca36f2c4f541e61bf39418a4,NO_WHITELIST_TOPLINE,,NO_WHITELIST_TOPLINE,,,LAF,CLOSED_PF_GE700,2025-03-03,True,DIRECT,
947484,0000947484-25-000017,20250227,ARCH CAPITAL GROUP LTD.,1-LAF,LAF,CLOSED,CLOSED_OPERATING_NON_SHELL,OPERATING,operating,CLOSED_UNIQUE,36600000000.0,2024-06-30,9d07aada0498ab3039f3b09374ba7248cd34a145a3f9df464094bed091a5c3b4,CLOSED_UNIQUE,13634000000.0,CLOSED_UNIQUE,9614808000.0,,LAF,CLOSED_PF_GE700,2025-03-03,True,DIRECT,
948708,0000948708-25-000004,20250312,"SMITH MICRO SOFTWARE, INC.",4-NON,NAF,CLOSED,CLOSED_OPERATING_NON_SHELL,OPERATING,operating,CLOSED_UNIQUE,21476663.0,2024-06-30,70d2521673c2a6211c2ce6c10b55b62e86435f9f01f25da772bddc661be86da0,CLOSED_UNIQUE,40862000.0,CLOSED_UNIQUE,48513000.0,,NAF,CLOSED_PF_LT60,2025-03-31,True,DIRECT,
949157,0000949157-25-000024,20250303,CENTURY ALUMINUM CO,2-ACC,AF,CLOSED,CLOSED_OPERATING_NON_SHELL,OPERATING,operating,CLOSED_UNIQUE,877000000.0,2024-06-30,16fa2e67a6361c4c4c90e12a98da20d30bdbcbbb12dc18153ff84dab725b1664,CLOSED_UNIQUE,2185400000.0,CLOSED_UNIQUE,2777300000.0,,LAF,CLOSED_PF_GE700,2025-03-03,True,DIRECT,
949870,0000950170-25-026756,20250225,BOSTON BEER CO INC,1-LAF,LAF,CLOSED,CLOSED_OPERATING_NON_SHELL,OPERATING,operating,CLOSED_UNIQUE,2737760000.0,2024-06-28,b02df3cffe5969b9eff40d818f0c6f0ce2a5031ce52b3f16e799ec736a3492b8,CONFLICTING_WHITELIST_VALUES,,CONFLICTING_WHITELIST_VALUES,,,LAF,CLOSED_PF_GE700,2025-03-03,True,DIRECT,
949961,0001999371-25-002901,20250320,INCOME OPPORTUNITY REALTY INVESTORS INC /TX/,4-NON,NAF,CLOSED,CLOSED_OPERATING_NON_SHELL,OPERATING,operating,CLOSED_UNIQUE,6900000.0,2024-06-30,e015ea40768a17bd5f10e570eaf679cb7d66993cb2d238024d62422dac345d8f,NO_WHITELIST_TOPLINE,,NO_WHITELIST_TOPLINE,,,NAF,CLOSED_PF_LT60,2025-03-31,True,DIRECT,
95029,0001174947-25-000197,20250219,STURM RUGER & CO INC,1-LAF,LAF,CLOSED,CLOSED_OPERATING_NON_SHELL,OPERATING,operating,CLOSED_UNIQUE,771970000.0,2024-06-30,0f740c38421b394f639be4ccd190e2698b0947e0e068be2cab0ed4cf8915cf09,CLOSED_UNIQUE,543767000.0,CLOSED_UNIQUE,595842000.0,,LAF,CLOSED_PF_GE700,2025-03-03,True,DIRECT,
95552,0000950170-25-034599,20250306,SUPERIOR INDUSTRIES INTERNATIONAL INC,2-ACC,AF,CLOSED,CLOSED_OPERATING_NON_SHELL,OPERATING,operating,CLOSED_UNIQUE,93879672.0,2024-06-30,aa33f77b9c91d202a3e0932708f7ea86ff9419ca49e77be9d0bbb2277564716c,CLOSED_UNIQUE,1385283000.0,CLOSED_UNIQUE,1639902000.0,,AF,CLOSED_PRIOR_ACC_REV_GE80_REMAIN_AF,2025-03-17,True,DIRECT,
95574,0001437749-25-007055,20250311,"SUPERIOR GROUP OF COMPANIES, INC.",2-ACC,AF,CLOSED,CLOSED_OPERATING_NON_SHELL,OPERATING,operating,CLOSED_UNIQUE,233400000.0,2024-06-30,819797cc2ae529da965ecfda074ad054f753c0cc6f630927e31059b546ae1aee,CLOSED_UNIQUE,543302000.0,CLOSED_UNIQUE,578831000.0,,AF,CLOSED_PRIOR_ACC_REV_GE80_REMAIN_AF,2025-03-17,True,DIRECT,
95953,0000095953-25-000007,20250304,ASCENT INDUSTRIES CO.,2-ACC,AF,CLOSED,CLOSED_OPERATING_NON_SHELL,OPERATING,operating,CLOSED_UNIQUE,71700000.0,2024-06-30,2e68af8c7ea90bc454070f09bdf8ec1a23a3056bee9da0fa1669512b3b4db847,CLOSED_UNIQUE,193179000.0,CLOSED_UNIQUE,414147000.0,,AF,CLOSED_PRIOR_ACC_REV_GE80_REMAIN_AF,2025-03-17,True,DIRECT,
96271,0000950170-25-024539,20250221,TAMPA ELECTRIC CO,4-NON,NAF,CLOSED,CLOSED_OPERATING_NON_SHELL,OPERATING,operating,CLOSED_UNIQUE,0.0,2024-06-30,5c0e6af45a3237834b96af90ab2f838e766b2a76382bf8d1426c5e1e8e300219,CLOSED_UNIQUE,2637000000.0,CLOSED_UNIQUE,3169000000.0,,NAF,CLOSED_PF_LT60,2025-03-31,True,DIRECT,
96943,0000096943-25-000031,20250228,TELEFLEX INC,1-LAF,LAF,CLOSED,CLOSED_OPERATING_NON_SHELL,OPERATING,operating,CLOSED_UNIQUE,4278187198.0,2024-06-30,b46f5ff940283816a26cb731ef96cbaf1ffff4bdff8856eb4e55c7a1bfab9a74,CLOSED_UNIQUE,2974489000.0,CLOSED_UNIQUE,2791041000.0,,LAF,CLOSED_PF_GE700,2025-03-03,True,DIRECT,
97134,0000097134-25-000006,20250218,TENNANT CO,1-LAF,LAF,CLOSED,CLOSED_OPERATING_NON_SHELL,OPERATING,operating,CLOSED_UNIQUE,1846101525.0,2024-06-30,d66fa454901f3af14a5d478073a5094a6e2a6a59f3909c7efde6d4580e325d58,CLOSED_UNIQUE,1243600000.0,CLOSED_UNIQUE,1092200000.0,,LAF,CLOSED_PF_GE700,2025-03-03,True,DIRECT,
97210,0000950170-25-023784,20250220,"TERADYNE, INC",1-LAF,LAF,CLOSED,CLOSED_OPERATING_NON_SHELL,OPERATING,operating,CLOSED_UNIQUE,24000000000.0,2024-06-30,d0ed34f746db6c9cbeb468d2f77cde443e0541654da1a99dec4d45b863531be9,CLOSED_UNIQUE,2676298000.0,CLOSED_UNIQUE,3155045000.0,,LAF,CLOSED_PF_GE700,2025-03-03,True,DIRECT,
97216,0000097216-25-000011,20250207,TEREX CORP,1-LAF,LAF,CLOSED,CLOSED_OPERATING_NON_SHELL,OPERATING,operating,CLOSED_UNIQUE,3603000000.0,2024-06-28,5c18ed5375951291a06484fbf54b4c2179e9488735e8f8aeb92b3a7fa0766fd0,CLOSED_UNIQUE,5151500000.0,CLOSED_UNIQUE,4417700000.0,,LAF,CLOSED_PF_GE700,2025-03-03,True,DIRECT,
97476,0000097476-25-000007,20250214,TEXAS INSTRUMENTS INC,1-LAF,LAF,CLOSED,CLOSED_OPERATING_NON_SHELL,OPERATING,operating,CLOSED_UNIQUE,177352918130.0,2024-06-30,5fc287000505405c85112898be0aedde03982806e22c63d26f357dfee391b4cc,CLOSED_UNIQUE,17519000000.0,CLOSED_UNIQUE,20028000000.0,,LAF,CLOSED_PF_GE700,2025-03-03,True,DIRECT,
97745,0000097745-25-000010,20250220,THERMO FISHER SCIENTIFIC INC.,1-LAF,LAF,CLOSED,CLOSED_OPERATING_NON_SHELL,OPERATING,operating,CLOSED_UNIQUE,211032682000.0,2024-06-28,554d1ef934bf2b5df4bb6083808d3a0e8a1418091449fa58a1633190727953dc,CLOSED_UNIQUE,42857000000.0,CLOSED_UNIQUE,44915000000.0,,LAF,CLOSED_PF_GE700,2025-03-03,True,DIRECT,
98222,0001437749-25-005487,20250227,TIDEWATER INC,1-LAF,LAF,CLOSED,CLOSED_OPERATING_NON_SHELL,OPERATING,operating,CLOSED_UNIQUE,4700000000.0,2024-06-30,56e4fb26d0fde42c759960007a4cf098cef0250178e5d24ce25569b4db9633ea,CLOSED_UNIQUE,1009985000.0,CLOSED_UNIQUE,647684000.0,,LAF,CLOSED_PF_GE700,2025-03-03,True,DIRECT,
98362,0000098362-25-000055,20250220,TIMKEN CO,1-LAF,LAF,CLOSED,CLOSED_OPERATING_NON_SHELL,OPERATING,operating,CLOSED_UNIQUE,4985749739.0,2024-06-28,e04d5583f8a113927b275db837ab65da88c6e4cc127a79158fb85927634b8893,CLOSED_UNIQUE,4769000000.0,CLOSED_UNIQUE,4496700000.0,,LAF,CLOSED_PF_GE700,2025-03-03,True,DIRECT,
98677,0001558370-25-001926,20250228,TOOTSIE ROLL INDUSTRIES INC,1-LAF,LAF,CLOSED,CLOSED_OPERATING_NON_SHELL,OPERATING,operating,CLOSED_UNIQUE,509344000.0,2024-06-30,1a35f6c19b2ed2230100498981ff8a3c2da32e48092bfc13e264f1109dc54236,CLOSED_UNIQUE,769365000.0,CLOSED_UNIQUE,686970000.0,,AF,CLOSED_PRIOR_LAF_REV_GE100_EXIT_AF,2025-03-17,True,DIRECT,
99780,0000099780-25-000015,20250220,TRINITY INDUSTRIES INC,1-LAF,LAF,CLOSED,CLOSED_OPERATING_NON_SHELL,OPERATING,operating,CLOSED_UNIQUE,2442600000.0,2024-06-28,4400d27f7c77d8b323cd65189b9a81e2aea2cfc7826346061bfd4923d44573b8,CLOSED_UNIQUE,2983300000.0,CLOSED_UNIQUE,1977300000.0,,LAF,CLOSED_PF_GE700,2025-03-03,True,DIRECT,